from_account,to_account,amount,currency,timestamp,description
AC-1028,AC-1026,14438,INR,2026-08-10,equipment
AC-1015,AC-1021,43161,INR,2026-08-11,consulting
AC-1015,AC-1023,126719,INR,2026-08-12,equipment
AC-1029,AC-1005,55238,INR,2026-08-13,consulting
AC-1026,AC-1024,51539,INR,2026-08-14,invoice
AC-1012,AC-1024,224682,INR,2026-08-15,invoice
AC-1022,AC-1026,225282,INR,2026-08-16,consulting
AC-1013,AC-1014,178362,INR,2026-08-17,consulting
AC-1030,AC-1002,25428,INR,2026-08-18,equipment
AC-1016,AC-1006,247992,INR,2026-08-19,invoice
AC-1004,AC-1017,170669,INR,2026-08-20,equipment
AC-1019,AC-1014,39196,INR,2026-08-21,freight
AC-1008,AC-1002,31393,INR,2026-08-22,consulting
AC-1013,AC-1016,79598,INR,2026-08-23,consulting
AC-1021,AC-1024,98651,INR,2026-08-24,invoice
AC-1025,AC-1015,226977,INR,2026-08-25,freight
AC-1009,AC-1021,171481,INR,2026-08-26,freight
AC-1012,AC-1001,31707,INR,2026-08-27,invoice
AC-1003,AC-1004,128495,INR,2026-08-28,consulting
AC-1001,AC-1019,150453,INR,2026-08-10,freight
AC-1009,AC-1023,195641,INR,2026-08-11,invoice
AC-1026,AC-1019,47723,INR,2026-08-12,freight
AC-1016,AC-1021,184468,INR,2026-08-13,freight
AC-1010,AC-1019,33079,INR,2026-08-14,invoice
AC-1011,AC-1003,187360,INR,2026-08-15,consulting
AC-1013,AC-1027,183945,INR,2026-08-16,invoice
AC-1013,AC-1018,214542,INR,2026-08-17,freight
AC-1003,AC-1017,219702,INR,2026-08-18,invoice
AC-1025,AC-1025,54635,INR,2026-08-19,invoice
AC-1006,AC-1028,157301,INR,2026-08-20,consulting
AC-1001,AC-1018,117489,INR,2026-08-21,equipment
AC-1004,AC-1002,34018,INR,2026-08-22,consulting
AC-1021,AC-1006,23271,INR,2026-08-23,equipment
AC-1028,AC-1025,9426,INR,2026-08-24,invoice
AC-1004,AC-1017,78520,INR,2026-08-25,equipment
AC-1018,AC-1006,111150,INR,2026-08-26,invoice
AC-1008,AC-1010,12352,INR,2026-08-27,equipment
AC-1022,AC-1018,116883,INR,2026-08-28,consulting
AC-1019,AC-1016,182466,INR,2026-08-10,equipment
AC-1017,AC-1030,92555,INR,2026-08-11,consulting
AC-1023,AC-1004,173951,INR,2026-08-12,invoice
AC-1008,AC-1002,49552,INR,2026-08-13,consulting
AC-1010,AC-1028,218518,INR,2026-08-14,consulting
AC-1005,AC-1020,144972,INR,2026-08-15,consulting
AC-1019,AC-1012,72967,INR,2026-08-16,consulting
AC-1024,AC-1020,110878,INR,2026-08-17,invoice
AC-1018,AC-1009,68584,INR,2026-08-18,freight
AC-1021,AC-1029,43063,INR,2026-08-19,freight
AC-1015,AC-1003,247908,INR,2026-08-20,equipment
AC-1022,AC-1014,246717,INR,2026-08-21,consulting
AC-1018,AC-1007,18746,INR,2026-08-22,equipment
AC-1021,AC-1023,169482,INR,2026-08-23,consulting
AC-1023,AC-1012,148005,INR,2026-08-24,consulting
AC-1014,AC-1027,40486,INR,2026-08-25,equipment
AC-1026,AC-1014,99587,INR,2026-08-26,invoice
AC-1020,AC-1008,20572,INR,2026-08-27,equipment
AC-1004,AC-1018,29083,INR,2026-08-28,freight
AC-1003,AC-1011,168068,INR,2026-08-10,invoice
AC-1012,AC-1030,87679,INR,2026-08-11,equipment
AC-1005,AC-1028,209466,INR,2026-08-12,consulting
AC-1009,AC-1001,25926,INR,2026-08-13,freight
AC-1008,AC-1013,249754,INR,2026-08-14,invoice
AC-1026,AC-1030,32625,INR,2026-08-15,consulting
AC-1017,AC-1024,229760,INR,2026-08-16,equipment
AC-1019,AC-1027,211747,INR,2026-08-17,freight
AC-1004,AC-1017,91712,INR,2026-08-18,equipment
AC-1018,AC-1009,159493,INR,2026-08-19,invoice
AC-1029,AC-1002,45010,INR,2026-08-20,equipment
AC-1025,AC-1013,47612,INR,2026-08-21,equipment
AC-1026,AC-1024,177934,INR,2026-08-22,freight
AC-1016,AC-1019,33692,INR,2026-08-23,equipment
AC-1001,AC-1022,134878,INR,2026-08-24,consulting
AC-1022,AC-1005,37650,INR,2026-08-25,freight
AC-1019,AC-1024,70339,INR,2026-08-26,invoice
AC-1030,AC-1024,167810,INR,2026-08-27,equipment
AC-1023,AC-1025,65553,INR,2026-08-28,freight
AC-1023,AC-1015,48249,INR,2026-08-10,freight
AC-1012,AC-1026,123107,INR,2026-08-11,equipment
AC-1009,AC-1014,136720,INR,2026-08-12,consulting
AC-1010,AC-1021,225148,INR,2026-08-13,invoice
AC-1010,AC-1014,202252,INR,2026-08-14,equipment
AC-1028,AC-1003,166626,INR,2026-08-15,invoice
AC-1003,AC-1024,63174,INR,2026-08-16,invoice
AC-1006,AC-1019,15300,INR,2026-08-17,invoice
AC-1024,AC-1010,145519,INR,2026-08-18,freight
AC-1026,AC-1028,3053,INR,2026-08-19,freight
AC-1022,AC-1017,244683,INR,2026-08-20,consulting
AC-1016,AC-1016,135257,INR,2026-08-21,invoice
AC-1013,AC-1001,161805,INR,2026-08-22,consulting
AC-1030,AC-1027,195787,INR,2026-08-23,invoice
AC-1023,AC-1014,184430,INR,2026-08-24,equipment
AC-1008,AC-1024,173572,INR,2026-08-25,invoice
AC-1020,AC-1015,44429,INR,2026-08-26,consulting
AC-1006,AC-1003,96470,INR,2026-08-27,consulting
AC-1017,AC-1012,249937,INR,2026-08-28,invoice
AC-1014,AC-1016,99627,INR,2026-08-10,consulting
AC-1012,AC-1004,88843,INR,2026-08-11,consulting
AC-1027,AC-1018,223276,INR,2026-08-12,invoice
AC-1010,AC-1010,126898,INR,2026-08-13,equipment
AC-1009,AC-1007,835,INR,2026-08-14,freight
AC-1007,AC-1030,80156,INR,2026-08-15,invoice
AC-1030,AC-1015,234211,INR,2026-08-16,freight
AC-1002,AC-1012,1794,INR,2026-08-17,freight
AC-1011,AC-1010,93020,INR,2026-08-18,invoice
AC-1001,AC-1012,233609,INR,2026-08-19,consulting
AC-1013,AC-1012,2573,INR,2026-08-20,invoice
AC-1014,AC-1016,52035,INR,2026-08-21,invoice
AC-1017,AC-1017,235788,INR,2026-08-22,consulting
AC-1014,AC-1004,239616,INR,2026-08-23,freight
AC-1001,AC-1005,201956,INR,2026-08-24,equipment
AC-1008,AC-1016,103890,INR,2026-08-25,equipment
AC-1010,AC-1012,112537,INR,2026-08-26,consulting
AC-1018,AC-1026,70893,INR,2026-08-27,invoice
AC-1015,AC-1022,220282,INR,2026-08-28,freight
AC-1006,AC-1005,92980,INR,2026-08-10,freight
AC-1001,AC-1012,231874,INR,2026-08-11,consulting
AC-1004,AC-1007,74934,INR,2026-08-12,invoice
AC-1005,AC-1013,110627,INR,2026-08-13,equipment
AC-1029,AC-1002,42274,INR,2026-08-14,consulting
AC-1016,AC-1022,69927,INR,2026-08-15,invoice
AC-1014,AC-1016,144461,INR,2026-08-16,freight
AC-1026,AC-1022,187504,INR,2026-08-17,consulting
AC-1011,AC-1025,200630,INR,2026-08-18,freight
AC-1017,AC-1024,242356,INR,2026-08-19,freight
AC-1005,AC-1004,28529,INR,2026-08-20,invoice
AC-1005,AC-1005,90459,INR,2026-08-21,invoice
AC-1025,AC-1022,62248,INR,2026-08-22,invoice
AC-1022,AC-1027,89940,INR,2026-08-23,freight
AC-1020,AC-1024,2354,INR,2026-08-24,freight
AC-1016,AC-1010,74233,INR,2026-08-25,freight
AC-1003,AC-1025,112697,INR,2026-08-26,consulting
AC-1020,AC-1005,191418,INR,2026-08-27,consulting
AC-1008,AC-1009,201243,INR,2026-08-28,invoice
AC-1028,AC-1009,184001,INR,2026-08-10,consulting
AC-1022,AC-1027,112751,INR,2026-08-11,consulting
AC-1016,AC-1023,205434,INR,2026-08-12,invoice
AC-1023,AC-1024,131933,INR,2026-08-13,consulting
AC-1007,AC-1028,155228,INR,2026-08-14,consulting
AC-1008,AC-1004,34930,INR,2026-08-15,freight
AC-1002,AC-1009,50628,INR,2026-08-16,consulting
AC-1014,AC-1001,161853,INR,2026-08-17,consulting
AC-1003,AC-1028,13607,INR,2026-08-18,freight
AC-1014,AC-1017,80582,INR,2026-08-19,consulting
AC-1008,AC-1011,111943,INR,2026-08-20,freight
AC-1002,AC-1017,112204,INR,2026-08-21,invoice
AC-1010,AC-1004,70831,INR,2026-08-22,equipment
AC-1009,AC-1012,186787,INR,2026-08-23,freight
AC-1008,AC-1011,234896,INR,2026-08-24,invoice
AC-1006,AC-1002,390,INR,2026-08-25,invoice
AC-1022,AC-1024,84565,INR,2026-08-26,consulting
AC-1010,AC-1016,73692,INR,2026-08-27,invoice
AC-1014,AC-1006,66379,INR,2026-08-28,freight
AC-1012,AC-1011,80035,INR,2026-08-10,invoice
AC-1004,AC-1022,3831,INR,2026-08-11,consulting
AC-1011,AC-1012,194575,INR,2026-08-12,equipment
AC-1024,AC-1025,154629,INR,2026-08-13,equipment
AC-1008,AC-1021,72587,INR,2026-08-14,consulting
AC-1019,AC-1013,23117,INR,2026-08-15,invoice
AC-1005,AC-1021,194914,INR,2026-08-16,invoice
AC-1002,AC-1019,239371,INR,2026-08-17,consulting
AC-1007,AC-1023,117105,INR,2026-08-18,invoice
AC-1003,AC-1018,162519,INR,2026-08-19,equipment
AC-1010,AC-1024,124558,INR,2026-08-20,consulting
AC-1018,AC-1024,40534,INR,2026-08-21,invoice
AC-1005,AC-1007,109881,INR,2026-08-22,equipment
AC-1029,AC-1029,199310,INR,2026-08-23,equipment
AC-1029,AC-1012,117816,INR,2026-08-24,invoice
AC-1030,AC-1014,17999,INR,2026-08-25,freight
AC-1014,AC-1017,244393,INR,2026-08-26,invoice
AC-1006,AC-1020,72116,INR,2026-08-27,consulting
AC-1010,AC-1002,148669,INR,2026-08-28,invoice
AC-1026,AC-1023,50107,INR,2026-08-10,freight
AC-1016,AC-1022,139833,INR,2026-08-11,invoice
AC-1006,AC-1015,197048,INR,2026-08-12,freight
AC-1018,AC-1025,102550,INR,2026-08-13,freight
AC-1020,AC-1009,54494,INR,2026-08-14,consulting
AC-1001,AC-1006,150169,INR,2026-08-15,consulting
AC-1019,AC-1023,2572,INR,2026-08-16,freight
AC-1017,AC-1023,189145,INR,2026-08-17,equipment
AC-1010,AC-1028,58009,INR,2026-08-18,equipment
AC-1023,AC-1009,144993,INR,2026-08-19,invoice
AC-1006,AC-1008,12207,INR,2026-08-20,consulting
AC-1010,AC-1002,167921,INR,2026-08-21,consulting
AC-1029,AC-1009,243322,INR,2026-08-22,consulting
AC-1009,AC-1028,207506,INR,2026-08-23,invoice
AC-1021,AC-1008,216102,INR,2026-08-24,consulting
AC-1018,AC-1004,616,INR,2026-08-25,equipment
AC-1021,AC-1020,97010,INR,2026-08-26,equipment
AC-1003,AC-1023,231981,INR,2026-08-27,equipment
AC-1024,AC-1005,107294,INR,2026-08-28,equipment
AC-1011,AC-1002,164340,INR,2026-08-10,invoice
AC-1027,AC-1012,57732,INR,2026-08-11,equipment
AC-1006,AC-1009,4349,INR,2026-08-12,invoice
AC-1024,AC-1024,180635,INR,2026-08-13,freight
AC-1021,AC-1009,228322,INR,2026-08-14,consulting
AC-1027,AC-1015,58089,INR,2026-08-15,equipment
AC-1009,AC-1007,152729,INR,2026-08-16,freight
AC-1005,AC-1015,60994,INR,2026-08-17,freight
AC-1012,AC-1005,236747,INR,2026-08-18,freight
AC-1003,AC-1016,47832,INR,2026-08-19,freight
AC-1006,AC-1027,226310,INR,2026-08-20,consulting
AC-1007,AC-1019,128836,INR,2026-08-21,consulting
AC-1021,AC-1010,5767,INR,2026-08-22,equipment
AC-1006,AC-1029,46841,INR,2026-08-23,freight
AC-1022,AC-1020,49493,INR,2026-08-24,invoice
AC-1005,AC-1003,112026,INR,2026-08-25,consulting
AC-1015,AC-1030,169364,INR,2026-08-26,freight
AC-1004,AC-1024,138341,INR,2026-08-27,consulting
AC-1024,AC-1025,212060,INR,2026-08-28,invoice
AC-1020,AC-1004,99307,INR,2026-08-10,freight
AC-1001,AC-1004,216928,INR,2026-08-11,invoice
AC-1025,AC-1027,169197,INR,2026-08-12,invoice
AC-1005,AC-1008,202131,INR,2026-08-13,invoice
AC-1009,AC-1005,246297,INR,2026-08-14,invoice
AC-1026,AC-1001,207779,INR,2026-08-15,invoice
AC-1018,AC-1024,214750,INR,2026-08-16,equipment
AC-1028,AC-1023,22523,INR,2026-08-17,consulting
AC-1005,AC-1016,199393,INR,2026-08-18,freight
AC-1027,AC-1006,80829,INR,2026-08-19,equipment
AC-1016,AC-1005,64163,INR,2026-08-20,invoice
AC-1018,AC-1023,70362,INR,2026-08-21,invoice
AC-1001,AC-1027,11922,INR,2026-08-22,invoice
AC-1018,AC-1010,27137,INR,2026-08-23,freight
AC-1005,AC-1001,239369,INR,2026-08-24,consulting
AC-1001,AC-1008,112220,INR,2026-08-25,freight
AC-1005,AC-1012,172049,INR,2026-08-26,equipment
AC-1008,AC-1030,230671,INR,2026-08-27,freight
AC-1022,AC-1029,187643,INR,2026-08-28,invoice
AC-1016,AC-1006,29121,INR,2026-08-10,consulting
AC-1004,AC-1010,93916,INR,2026-08-11,invoice
AC-1020,AC-1011,31274,INR,2026-08-12,equipment
AC-1030,AC-1030,241389,INR,2026-08-13,invoice
AC-1029,AC-1002,158717,INR,2026-08-14,consulting
AC-1006,AC-1014,139312,INR,2026-08-15,equipment
AC-1020,AC-1006,178359,INR,2026-08-16,freight
AC-1005,AC-1029,175171,INR,2026-08-17,equipment
AC-1020,AC-1027,75486,INR,2026-08-18,equipment
AC-1029,AC-1004,71315,INR,2026-08-19,freight
AC-1022,AC-1012,244799,INR,2026-08-20,equipment
AC-1026,AC-1030,186714,INR,2026-08-21,invoice
AC-1026,AC-1001,226143,INR,2026-08-22,consulting
AC-1025,AC-1021,38677,INR,2026-08-23,equipment
AC-1005,AC-1013,117348,INR,2026-08-24,freight
AC-1027,AC-1003,29915,INR,2026-08-25,freight
AC-1024,AC-1009,38173,INR,2026-08-26,invoice
AC-1011,AC-1005,47926,INR,2026-08-27,freight
AC-1012,AC-1011,129803,INR,2026-08-28,freight
AC-1016,AC-1023,108763,INR,2026-08-10,equipment
AC-1005,AC-1026,247721,INR,2026-08-11,consulting
AC-1013,AC-1014,144255,INR,2026-08-12,freight
AC-1018,AC-1018,129382,INR,2026-08-13,consulting
AC-1013,AC-1003,152546,INR,2026-08-14,freight
AC-1017,AC-1019,203829,INR,2026-08-15,consulting
AC-1023,AC-1003,61904,INR,2026-08-16,equipment
AC-1001,AC-1007,223228,INR,2026-08-17,invoice
AC-1012,AC-1018,124486,INR,2026-08-18,consulting
AC-1030,AC-1004,15867,INR,2026-08-19,equipment
AC-1012,AC-1028,222896,INR,2026-08-20,consulting
AC-1010,AC-1015,38035,INR,2026-08-21,freight
AC-1008,AC-1007,217258,INR,2026-08-22,consulting
AC-1002,AC-1024,36373,INR,2026-08-23,invoice
AC-1023,AC-1023,37756,INR,2026-08-24,freight
AC-1024,AC-1001,182734,INR,2026-08-25,freight
AC-1012,AC-1002,184118,INR,2026-08-26,invoice
AC-1022,AC-1019,19588,INR,2026-08-27,freight
AC-1027,AC-1020,228440,INR,2026-08-28,consulting
AC-1001,AC-1005,95996,INR,2026-08-10,consulting
AC-1003,AC-1008,20452,INR,2026-08-11,invoice
AC-1019,AC-1027,213559,INR,2026-08-12,freight
AC-1005,AC-1025,48071,INR,2026-08-13,freight
AC-1024,AC-1005,196361,INR,2026-08-14,equipment
AC-1016,AC-1014,189664,INR,2026-08-15,equipment
AC-1015,AC-1026,169292,INR,2026-08-16,invoice
AC-1010,AC-1004,41114,INR,2026-08-17,invoice
AC-1029,AC-1021,8669,INR,2026-08-18,consulting
AC-1017,AC-1006,3098,INR,2026-08-19,freight
AC-1027,AC-1014,178482,INR,2026-08-20,freight
AC-1018,AC-1023,217703,INR,2026-08-21,equipment
AC-1030,AC-1019,131812,INR,2026-08-22,equipment
AC-1023,AC-1008,111312,INR,2026-08-23,consulting
AC-1009,AC-1003,136958,INR,2026-08-24,freight
AC-1005,AC-1024,55788,INR,2026-08-25,freight
AC-1020,AC-1002,57635,INR,2026-08-26,freight
AC-1006,AC-1027,195808,INR,2026-08-27,invoice
AC-1027,AC-1023,123047,INR,2026-08-28,freight
AC-1011,AC-1021,168517,INR,2026-08-10,freight
AC-1027,AC-1013,43457,INR,2026-08-11,invoice
AC-1026,AC-1012,169764,INR,2026-08-12,freight
AC-1007,AC-1009,28666,INR,2026-08-13,invoice
AC-1003,AC-1012,158372,INR,2026-08-14,equipment
AC-1001,AC-1008,74228,INR,2026-08-15,consulting
AC-1018,AC-1004,17373,INR,2026-08-16,consulting
AC-1020,AC-1001,198567,INR,2026-08-17,equipment
AC-1007,AC-1018,53131,INR,2026-08-18,invoice
AC-1008,AC-1009,22542,INR,2026-08-19,invoice
AC-1019,AC-1026,127077,INR,2026-08-20,invoice
AC-1002,AC-1011,24684,INR,2026-08-21,equipment
AC-1001,AC-1012,197298,INR,2026-08-22,equipment
AC-1013,AC-1017,51337,INR,2026-08-23,equipment
AC-1025,AC-1013,190484,INR,2026-08-24,equipment
AC-1005,AC-1023,177114,INR,2026-08-25,invoice
AC-1011,AC-1014,235265,INR,2026-08-26,invoice
AC-1017,AC-1026,203427,INR,2026-08-27,consulting
AC-1001,AC-1019,208934,INR,2026-08-28,freight
AC-1016,AC-1019,228003,INR,2026-08-10,invoice
AC-1010,AC-1006,39974,INR,2026-08-11,freight
AC-1003,AC-1029,164339,INR,2026-08-12,invoice
AC-1023,AC-1008,232090,INR,2026-08-13,consulting
AC-1026,AC-1022,171749,INR,2026-08-14,consulting
AC-1025,AC-1023,42467,INR,2026-08-15,equipment
AC-1015,AC-1026,34642,INR,2026-08-16,equipment
AC-1010,AC-1012,163689,INR,2026-08-17,freight
AC-1002,AC-1029,187096,INR,2026-08-18,freight
AC-1008,AC-1007,160259,INR,2026-08-19,invoice
AC-1005,AC-1019,164821,INR,2026-08-20,freight
AC-1004,AC-1026,4166,INR,2026-08-21,consulting
AC-1025,AC-1028,81394,INR,2026-08-22,invoice
AC-1016,AC-1004,119475,INR,2026-08-23,equipment
AC-1006,AC-1030,77741,INR,2026-08-24,consulting
AC-1003,AC-1009,151379,INR,2026-08-25,equipment
AC-1012,AC-1003,18897,INR,2026-08-26,consulting
AC-1023,AC-1025,121030,INR,2026-08-27,equipment
AC-1016,AC-1009,200304,INR,2026-08-28,freight
AC-1021,AC-1030,37067,INR,2026-08-10,invoice
AC-1019,AC-1016,10628,INR,2026-08-11,equipment
AC-1028,AC-1010,105353,INR,2026-08-12,freight
AC-1028,AC-1020,240672,INR,2026-08-13,consulting
AC-1015,AC-1012,134593,INR,2026-08-14,equipment
AC-1012,AC-1003,179084,INR,2026-08-15,freight
AC-1017,AC-1015,69148,INR,2026-08-16,invoice
AC-1020,AC-1021,15207,INR,2026-08-17,consulting
AC-1023,AC-1027,147260,INR,2026-08-18,invoice
AC-1005,AC-1028,27853,INR,2026-08-19,equipment
AC-1013,AC-1006,149707,INR,2026-08-20,freight
AC-1028,AC-1003,58721,INR,2026-08-21,freight
AC-1028,AC-1015,175663,INR,2026-08-22,invoice
AC-1012,AC-1015,123061,INR,2026-08-23,freight
AC-1004,AC-1003,47507,INR,2026-08-24,invoice
AC-1030,AC-1030,104306,INR,2026-08-25,freight
AC-1007,AC-1013,86422,INR,2026-08-26,invoice
AC-1011,AC-1011,158681,INR,2026-08-27,freight
AC-1007,AC-1023,194573,INR,2026-08-28,freight
AC-1004,AC-1009,119415,INR,2026-08-10,invoice
AC-1018,AC-1005,248902,INR,2026-08-11,freight
AC-1005,AC-1021,56209,INR,2026-08-12,equipment
AC-1019,AC-1002,157818,INR,2026-08-13,freight
AC-1002,AC-1030,212202,INR,2026-08-14,equipment
AC-1026,AC-1014,124351,INR,2026-08-15,consulting
AC-1002,AC-1007,227796,INR,2026-08-16,invoice
AC-1025,AC-1022,111116,INR,2026-08-17,equipment
AC-1009,AC-1021,46415,INR,2026-08-18,invoice
AC-1005,AC-1003,72052,INR,2026-08-19,freight
AC-1003,AC-1010,229305,INR,2026-08-20,freight
AC-1028,AC-1014,137817,INR,2026-08-21,consulting
AC-1022,AC-1029,68262,INR,2026-08-22,consulting
AC-1027,AC-1002,24482,INR,2026-08-23,freight
AC-1011,AC-1025,78081,INR,2026-08-24,consulting
AC-1007,AC-1012,247174,INR,2026-08-25,freight
AC-1016,AC-1016,140629,INR,2026-08-26,consulting
AC-1023,AC-1014,93230,INR,2026-08-27,freight
AC-1027,AC-1001,147288,INR,2026-08-28,consulting
AC-1003,AC-1024,175352,INR,2026-08-10,consulting
AC-1011,AC-1022,216126,INR,2026-08-11,equipment
AC-1001,AC-1005,235262,INR,2026-08-12,freight
AC-1030,AC-1005,131176,INR,2026-08-13,equipment
AC-1004,AC-1026,176920,INR,2026-08-14,freight
AC-1009,AC-1017,189592,INR,2026-08-15,invoice
AC-1015,AC-1027,224977,INR,2026-08-16,consulting
AC-1021,AC-1015,167738,INR,2026-08-17,invoice
AC-1002,AC-1007,195732,INR,2026-08-18,consulting
AC-1014,AC-1023,143403,INR,2026-08-19,consulting
AC-1020,AC-1013,56909,INR,2026-08-20,equipment
AC-1007,AC-1007,178410,INR,2026-08-21,invoice
AC-1012,AC-1027,95616,INR,2026-08-22,invoice
AC-1010,AC-1029,80719,INR,2026-08-23,invoice
AC-1023,AC-1016,170358,INR,2026-08-24,freight
AC-1014,AC-1014,92453,INR,2026-08-25,equipment
AC-1027,AC-1018,111883,INR,2026-08-26,equipment
AC-1004,AC-1030,46338,INR,2026-08-27,freight
AC-1014,AC-1012,46622,INR,2026-08-28,consulting
AC-1018,AC-1014,100274,INR,2026-08-10,equipment
AC-1028,AC-1022,180749,INR,2026-08-11,freight
AC-1021,AC-1010,184299,INR,2026-08-12,invoice
AC-1003,AC-1026,219726,INR,2026-08-13,invoice
AC-1003,AC-1021,4556,INR,2026-08-14,freight
AC-1004,AC-1016,196843,INR,2026-08-15,invoice
AC-1021,AC-1015,132203,INR,2026-08-16,invoice
AC-1022,AC-1010,223519,INR,2026-08-17,freight
AC-1007,AC-1008,203904,INR,2026-08-18,freight
AC-1018,AC-1013,30265,INR,2026-08-19,consulting
AC-1028,AC-1016,249431,INR,2026-08-20,invoice
AC-1012,AC-1026,239857,INR,2026-08-21,freight
AC-1014,AC-1030,215317,INR,2026-08-22,freight
AC-1001,AC-1012,205298,INR,2026-08-23,consulting
AC-1017,AC-1010,70402,INR,2026-08-24,equipment
AC-1010,AC-1027,236880,INR,2026-08-25,freight
AC-1022,AC-1008,1339,INR,2026-08-26,freight
AC-1002,AC-1001,7130,INR,2026-08-27,consulting
AC-1026,AC-1012,220652,INR,2026-08-28,equipment
AC-1011,AC-1006,150245,INR,2026-08-10,freight
AC-1008,AC-1018,102843,INR,2026-08-11,consulting
AC-1020,AC-1021,103355,INR,2026-08-12,invoice
AC-1026,AC-1030,151730,INR,2026-08-13,freight
AC-1005,AC-1021,102594,INR,2026-08-14,consulting
AC-1013,AC-1029,83644,INR,2026-08-15,consulting
AC-1014,AC-1008,26353,INR,2026-08-16,consulting
AC-1017,AC-1004,165778,INR,2026-08-17,freight
AC-1027,AC-1025,164697,INR,2026-08-18,equipment
AC-1027,AC-1018,41944,INR,2026-08-19,equipment
AC-1007,AC-1003,24698,INR,2026-08-20,invoice
AC-1014,AC-1001,165110,INR,2026-08-21,consulting
AC-1001,AC-1020,185736,INR,2026-08-22,invoice
AC-1019,AC-1013,6879,INR,2026-08-23,consulting
AC-1015,AC-1021,165794,INR,2026-08-24,equipment
AC-1006,AC-1008,171304,INR,2026-08-25,consulting
AC-1010,AC-1007,140606,INR,2026-08-26,consulting
AC-1024,AC-1025,211825,INR,2026-08-27,freight
AC-1025,AC-1009,173070,INR,2026-08-28,invoice
AC-1009,AC-1003,245348,INR,2026-08-10,consulting
AC-1021,AC-1001,167599,INR,2026-08-11,invoice
AC-1004,AC-1015,243309,INR,2026-08-12,invoice
AC-1004,AC-1005,74295,INR,2026-08-13,equipment
AC-1029,AC-1006,24570,INR,2026-08-14,invoice
AC-1016,AC-1028,94988,INR,2026-08-15,consulting
AC-1013,AC-1004,128972,INR,2026-08-16,invoice
AC-1014,AC-1003,127787,INR,2026-08-17,invoice
AC-1007,AC-1022,110326,INR,2026-08-18,freight
AC-1029,AC-1011,166331,INR,2026-08-19,freight
AC-1026,AC-1006,47385,INR,2026-08-20,equipment
AC-1001,AC-1029,47089,INR,2026-08-21,invoice
AC-1004,AC-1011,91157,INR,2026-08-22,freight
AC-1020,AC-1020,143507,INR,2026-08-23,invoice
AC-1006,AC-1017,194681,INR,2026-08-24,equipment
AC-1030,AC-1004,50803,INR,2026-08-25,invoice
AC-1018,AC-1001,136039,INR,2026-08-26,consulting
AC-1007,AC-1028,95903,INR,2026-08-27,invoice
AC-1029,AC-1007,7982,INR,2026-08-28,equipment
AC-1005,AC-1008,22124,INR,2026-08-10,consulting
AC-1009,AC-1009,126491,INR,2026-08-11,consulting
AC-1003,AC-1012,185869,INR,2026-08-12,equipment
AC-1015,AC-1024,212327,INR,2026-08-13,freight
AC-1014,AC-1017,248328,INR,2026-08-14,freight
AC-1030,AC-1007,65810,INR,2026-08-15,consulting
AC-1007,AC-1022,222033,INR,2026-08-16,equipment
AC-1013,AC-1004,153249,INR,2026-08-17,equipment
AC-1006,AC-1026,54207,INR,2026-08-18,freight
AC-1014,AC-1029,117207,INR,2026-08-19,freight
AC-1020,AC-1024,71467,INR,2026-08-20,equipment
AC-1020,AC-1004,159448,INR,2026-08-21,freight
AC-1014,AC-1007,148922,INR,2026-08-22,equipment
AC-1012,AC-1029,166108,INR,2026-08-23,invoice
AC-1015,AC-1006,233413,INR,2026-08-24,invoice
AC-1017,AC-1009,154094,INR,2026-08-25,freight
AC-1010,AC-1020,216960,INR,2026-08-26,equipment
AC-1013,AC-1001,30304,INR,2026-08-27,consulting
AC-1026,AC-1011,112811,INR,2026-08-28,consulting
AC-1012,AC-1008,19292,INR,2026-08-10,consulting
AC-1022,AC-1012,97758,INR,2026-08-11,consulting
AC-1025,AC-1011,32311,INR,2026-08-12,invoice
AC-1011,AC-1023,3107,INR,2026-08-13,equipment
AC-1007,AC-1015,149008,INR,2026-08-14,equipment
AC-1029,AC-1008,147480,INR,2026-08-15,invoice
AC-1013,AC-1010,158008,INR,2026-08-16,consulting
AC-1017,AC-1007,27229,INR,2026-08-17,equipment
AC-1023,AC-1020,248309,INR,2026-08-18,invoice
AC-1019,AC-1029,169665,INR,2026-08-19,freight
AC-1022,AC-1025,114336,INR,2026-08-20,equipment
AC-1027,AC-1011,52193,INR,2026-08-21,consulting
AC-1002,AC-1026,129731,INR,2026-08-22,freight
AC-1002,AC-1009,110674,INR,2026-08-23,invoice
AC-1004,AC-1015,45113,INR,2026-08-24,equipment
AC-1019,AC-1013,62226,INR,2026-08-25,invoice
AC-1010,AC-1001,168983,INR,2026-08-26,invoice
AC-1030,AC-1015,74794,INR,2026-08-27,consulting
AC-1027,AC-1013,9951,INR,2026-08-28,invoice
AC-1011,AC-1021,4515,INR,2026-08-10,invoice
AC-1016,AC-1004,217790,INR,2026-08-11,freight
AC-1024,AC-1010,72254,INR,2026-08-12,equipment
AC-1025,AC-1012,105197,INR,2026-08-13,invoice
AC-1018,AC-1025,82346,INR,2026-08-14,freight
AC-1020,AC-1002,103358,INR,2026-08-15,equipment
AC-1023,AC-1015,129575,INR,2026-08-16,invoice
AC-1027,AC-1012,246063,INR,2026-08-17,invoice
AC-1001,AC-1008,12789,INR,2026-08-18,invoice
AC-1005,AC-1004,84885,INR,2026-08-19,freight
AC-1008,AC-1006,23323,INR,2026-08-20,consulting
AC-1024,AC-1029,213184,INR,2026-08-21,equipment
AC-1027,AC-1029,141167,INR,2026-08-22,invoice
AC-1030,AC-1023,227794,INR,2026-08-23,invoice
AC-1009,AC-1029,206018,INR,2026-08-24,invoice
AC-1004,AC-1002,248538,INR,2026-08-25,equipment
AC-1003,AC-1009,86581,INR,2026-08-26,freight
AC-1009,AC-1023,44903,INR,2026-08-27,consulting
AC-1019,AC-1015,31681,INR,2026-08-28,consulting
AC-1011,AC-1028,39047,INR,2026-08-10,freight
AC-1021,AC-1015,175423,INR,2026-08-11,invoice
AC-1017,AC-1017,63301,INR,2026-08-12,freight
AC-1022,AC-1016,73792,INR,2026-08-13,equipment
AC-1025,AC-1024,126788,INR,2026-08-14,consulting
AC-1003,AC-1009,201105,INR,2026-08-15,equipment
AC-1023,AC-1003,92789,INR,2026-08-16,consulting
AC-1022,AC-1021,192996,INR,2026-08-17,consulting
AC-1023,AC-1003,19948,INR,2026-08-18,freight
AC-1002,AC-1007,3691,INR,2026-08-19,consulting
AC-1015,AC-1027,101191,INR,2026-08-20,consulting
AC-1016,AC-1004,89496,INR,2026-08-21,consulting
AC-1027,AC-1019,199899,INR,2026-08-22,equipment
AC-1025,AC-1010,185982,INR,2026-08-23,freight
AC-1021,AC-1005,222497,INR,2026-08-24,invoice
AC-1030,AC-1005,57603,INR,2026-08-25,equipment
AC-1013,AC-1015,227753,INR,2026-08-26,consulting
AC-1025,AC-1013,49520,INR,2026-08-27,invoice
AC-1009,AC-1014,43293,INR,2026-08-28,equipment
AC-1028,AC-1019,170219,INR,2026-08-10,invoice
AC-1005,AC-1015,229939,INR,2026-08-11,invoice
AC-1024,AC-1004,63312,INR,2026-08-12,invoice
AC-1029,AC-1015,49278,INR,2026-08-13,equipment
AC-1001,AC-1016,173759,INR,2026-08-14,freight
AC-1012,AC-1009,31268,INR,2026-08-15,invoice
AC-1012,AC-1014,55841,INR,2026-08-16,consulting
AC-1013,AC-1017,113194,INR,2026-08-17,equipment
AC-1002,AC-1015,71707,INR,2026-08-18,equipment
AC-1004,AC-1002,170282,INR,2026-08-19,freight
AC-1024,AC-1030,111029,INR,2026-08-20,consulting
AC-1010,AC-1007,105813,INR,2026-08-21,consulting
AC-1020,AC-1009,139071,INR,2026-08-22,freight
AC-1017,AC-1014,28872,INR,2026-08-23,invoice
AC-1021,AC-1008,29369,INR,2026-08-24,consulting
AC-1004,AC-1002,234884,INR,2026-08-25,invoice
AC-1019,AC-1009,62841,INR,2026-08-26,invoice
AC-1018,AC-1004,72460,INR,2026-08-27,consulting
AC-1029,AC-1020,183622,INR,2026-08-28,freight
AC-1013,AC-1013,26806,INR,2026-08-10,consulting
AC-1024,AC-1027,230812,INR,2026-08-11,equipment
AC-1016,AC-1007,45084,INR,2026-08-12,consulting
AC-1012,AC-1021,75745,INR,2026-08-13,equipment
AC-1024,AC-1001,24955,INR,2026-08-14,consulting
AC-1017,AC-1030,183874,INR,2026-08-15,freight
AC-1024,AC-1010,223744,INR,2026-08-16,consulting
AC-1006,AC-1011,178886,INR,2026-08-17,invoice
AC-1006,AC-1006,87322,INR,2026-08-18,freight
AC-1005,AC-1001,174846,INR,2026-08-19,freight
AC-1014,AC-1011,5709,INR,2026-08-20,consulting
AC-1009,AC-1029,20429,INR,2026-08-21,consulting
AC-1022,AC-1025,223882,INR,2026-08-22,invoice
AC-1020,AC-1012,124461,INR,2026-08-23,invoice
AC-1016,AC-1028,65133,INR,2026-08-24,freight
AC-1004,AC-1002,214926,INR,2026-08-25,invoice
AC-1019,AC-1022,76444,INR,2026-08-26,consulting
AC-1017,AC-1017,44107,INR,2026-08-27,consulting
AC-1025,AC-1004,26462,INR,2026-08-28,equipment
AC-1026,AC-1024,88245,INR,2026-08-10,freight
AC-1016,AC-1024,92205,INR,2026-08-11,equipment
AC-1022,AC-1016,66713,INR,2026-08-12,equipment
AC-1015,AC-1001,217239,INR,2026-08-13,equipment
AC-1010,AC-1023,87737,INR,2026-08-14,freight
AC-1004,AC-1009,180024,INR,2026-08-15,invoice
AC-1005,AC-1014,224714,INR,2026-08-16,consulting
AC-1022,AC-1005,93886,INR,2026-08-17,freight
AC-1001,AC-1008,151660,INR,2026-08-18,freight
AC-1012,AC-1007,195380,INR,2026-08-19,invoice
AC-1007,AC-1030,99282,INR,2026-08-20,invoice
AC-1009,AC-1029,164585,INR,2026-08-21,freight
AC-1029,AC-1017,46112,INR,2026-08-22,equipment
AC-1030,AC-1022,91697,INR,2026-08-23,equipment
AC-1013,AC-1019,109641,INR,2026-08-24,equipment
AC-1010,AC-1007,11024,INR,2026-08-25,equipment
AC-1027,AC-1020,32483,INR,2026-08-26,freight
AC-1026,AC-1015,148797,INR,2026-08-27,equipment
AC-1010,AC-1004,2434,INR,2026-08-28,freight
AC-1030,AC-1022,38819,INR,2026-08-10,freight
AC-1022,AC-1005,137400,INR,2026-08-11,equipment
AC-1020,AC-1018,174397,INR,2026-08-12,consulting
AC-1010,AC-1016,75815,INR,2026-08-13,invoice
AC-1026,AC-1010,4337,INR,2026-08-14,freight
AC-1002,AC-1007,74441,INR,2026-08-15,invoice
AC-1002,AC-1016,80419,INR,2026-08-16,invoice
AC-1014,AC-1012,173331,INR,2026-08-17,invoice
AC-1002,AC-1009,36352,INR,2026-08-18,equipment
AC-1029,AC-1010,206102,INR,2026-08-19,consulting
AC-1003,AC-1023,71204,INR,2026-08-20,consulting
AC-1024,AC-1007,113509,INR,2026-08-21,invoice
AC-1010,AC-1008,8674,INR,2026-08-22,freight
AC-1030,AC-1012,65452,INR,2026-08-23,freight
AC-1014,AC-1013,237270,INR,2026-08-24,invoice
AC-1029,AC-1009,241473,INR,2026-08-25,equipment
AC-1020,AC-1010,45680,INR,2026-08-26,freight
AC-1022,AC-1029,84786,INR,2026-08-27,consulting
AC-1022,AC-1025,52549,INR,2026-08-28,equipment
AC-1005,AC-1014,145552,INR,2026-08-10,consulting
AC-1010,AC-1010,22688,INR,2026-08-11,equipment
AC-1019,AC-1030,164960,INR,2026-08-12,freight
AC-1018,AC-1006,98807,INR,2026-08-13,freight
AC-1004,AC-1005,138287,INR,2026-08-14,freight
AC-1023,AC-1011,132322,INR,2026-08-15,equipment
AC-1015,AC-1012,112360,INR,2026-08-16,freight
AC-1014,AC-1014,121172,INR,2026-08-17,invoice
AC-1030,AC-1018,7176,INR,2026-08-18,freight
AC-1003,AC-1025,37103,INR,2026-08-19,equipment
AC-1026,AC-1008,152378,INR,2026-08-20,equipment
AC-1005,AC-1020,142664,INR,2026-08-21,equipment
AC-1002,AC-1025,221789,INR,2026-08-22,freight
AC-1005,AC-1013,175907,INR,2026-08-23,invoice
AC-1015,AC-1026,200264,INR,2026-08-24,freight
AC-1027,AC-1002,22442,INR,2026-08-25,invoice
AC-1009,AC-1027,170612,INR,2026-08-26,invoice
AC-1011,AC-1020,25782,INR,2026-08-27,equipment
AC-1019,AC-1016,181284,INR,2026-08-28,equipment
AC-1028,AC-1002,32085,INR,2026-08-10,invoice
AC-1023,AC-1007,135585,INR,2026-08-11,consulting
AC-1018,AC-1024,130091,INR,2026-08-12,consulting
AC-1008,AC-1029,177375,INR,2026-08-13,consulting
AC-1010,AC-1021,81748,INR,2026-08-14,invoice
AC-1026,AC-1016,163739,INR,2026-08-15,consulting
AC-1004,AC-1003,259,INR,2026-08-16,consulting
AC-1020,AC-1029,31978,INR,2026-08-17,invoice
AC-1008,AC-1007,27409,INR,2026-08-18,freight
AC-1001,AC-1027,132843,INR,2026-08-19,freight
AC-1013,AC-1002,243006,INR,2026-08-20,invoice
AC-1010,AC-1013,127054,INR,2026-08-21,consulting
AC-1027,AC-1008,220902,INR,2026-08-22,equipment
AC-1027,AC-1020,178854,INR,2026-08-23,freight
AC-1028,AC-1022,162034,INR,2026-08-24,invoice
AC-1014,AC-1005,167025,INR,2026-08-25,invoice
AC-1006,AC-1005,214827,INR,2026-08-26,consulting
AC-1006,AC-1017,194672,INR,2026-08-27,consulting
AC-1016,AC-1016,76281,INR,2026-08-28,equipment
AC-1022,AC-1004,154590,INR,2026-08-10,freight
AC-1012,AC-1022,72387,INR,2026-08-11,freight
AC-1013,AC-1023,209927,INR,2026-08-12,invoice
AC-1015,AC-1014,213502,INR,2026-08-13,freight
AC-1005,AC-1001,74547,INR,2026-08-14,freight
AC-1004,AC-1019,102336,INR,2026-08-15,invoice
AC-1019,AC-1010,9184,INR,2026-08-16,freight
AC-1002,AC-1030,238029,INR,2026-08-17,equipment
AC-1005,AC-1015,231572,INR,2026-08-18,freight
AC-1009,AC-1001,41751,INR,2026-08-19,equipment
AC-1017,AC-1028,225961,INR,2026-08-20,consulting
AC-1012,AC-1029,185382,INR,2026-08-21,freight
AC-1017,AC-1003,45993,INR,2026-08-22,consulting
AC-1012,AC-1021,188786,INR,2026-08-23,equipment
AC-1015,AC-1023,225343,INR,2026-08-24,consulting
AC-1009,AC-1026,200163,INR,2026-08-25,equipment
AC-1030,AC-1013,18130,INR,2026-08-26,freight
AC-1013,AC-1016,159067,INR,2026-08-27,consulting
AC-1019,AC-1023,243365,INR,2026-08-28,equipment
AC-1005,AC-1023,85204,INR,2026-08-10,equipment
AC-1019,AC-1020,217799,INR,2026-08-11,freight
AC-1003,AC-1002,7988,INR,2026-08-12,consulting
AC-1008,AC-1004,174644,INR,2026-08-13,invoice
AC-1016,AC-1030,178330,INR,2026-08-14,freight
AC-1011,AC-1025,60945,INR,2026-08-15,consulting
AC-1004,AC-1029,231134,INR,2026-08-16,consulting
AC-1024,AC-1029,100935,INR,2026-08-17,freight
AC-1030,AC-1003,16483,INR,2026-08-18,equipment
AC-1004,AC-1002,222234,INR,2026-08-19,invoice
AC-1015,AC-1025,98376,INR,2026-08-20,invoice
AC-1030,AC-1006,84439,INR,2026-08-21,invoice
AC-1023,AC-1015,99243,INR,2026-08-22,consulting
AC-1021,AC-1019,146124,INR,2026-08-23,consulting
AC-1007,AC-1009,128989,INR,2026-08-24,freight
AC-1022,AC-1010,59362,INR,2026-08-25,consulting
AC-1024,AC-1006,114037,INR,2026-08-26,consulting
AC-1003,AC-1019,6605,INR,2026-08-27,invoice
AC-1007,AC-1002,212588,INR,2026-08-28,consulting
AC-1029,AC-1001,94506,INR,2026-08-10,freight
AC-1019,AC-1018,226871,INR,2026-08-11,invoice
AC-1011,AC-1006,179126,INR,2026-08-12,freight
AC-1007,AC-1027,54638,INR,2026-08-13,freight
AC-1017,AC-1012,93700,INR,2026-08-14,consulting
AC-1026,AC-1003,115299,INR,2026-08-15,freight
AC-1021,AC-1013,229357,INR,2026-08-16,invoice
AC-1019,AC-1003,33592,INR,2026-08-17,equipment
AC-1004,AC-1004,130984,INR,2026-08-18,consulting
AC-1002,AC-1020,141948,INR,2026-08-19,equipment
AC-1001,AC-1008,215556,INR,2026-08-20,equipment
AC-1030,AC-1027,66148,INR,2026-08-21,freight
AC-1023,AC-1012,18063,INR,2026-08-22,consulting
AC-1010,AC-1003,140345,INR,2026-08-23,consulting
AC-1028,AC-1017,244518,INR,2026-08-24,equipment
AC-1013,AC-1020,15099,INR,2026-08-25,invoice
AC-1019,AC-1016,245859,INR,2026-08-26,equipment
AC-1021,AC-1001,8710,INR,2026-08-27,equipment
AC-1014,AC-1009,52812,INR,2026-08-28,equipment
AC-1029,AC-1025,15819,INR,2026-08-10,consulting
AC-1007,AC-1018,214359,INR,2026-08-11,equipment
AC-1030,AC-1025,174139,INR,2026-08-12,invoice
AC-1008,AC-1016,19363,INR,2026-08-13,invoice
AC-1012,AC-1003,249262,INR,2026-08-14,freight
AC-1020,AC-1024,160795,INR,2026-08-15,invoice
AC-1029,AC-1018,125757,INR,2026-08-16,consulting
AC-1009,AC-1024,11192,INR,2026-08-17,invoice
AC-1002,AC-1016,133315,INR,2026-08-18,consulting
AC-1021,AC-1012,113369,INR,2026-08-19,freight
AC-1010,AC-1026,223028,INR,2026-08-20,consulting
AC-1001,AC-1030,14761,INR,2026-08-21,invoice
AC-1025,AC-1026,212943,INR,2026-08-22,consulting
AC-1018,AC-1020,225771,INR,2026-08-23,freight
AC-1022,AC-1022,193692,INR,2026-08-24,invoice
AC-1018,AC-1016,13918,INR,2026-08-25,freight
AC-1025,AC-1013,182555,INR,2026-08-26,consulting
AC-1014,AC-1023,112141,INR,2026-08-27,consulting
AC-1004,AC-1015,31181,INR,2026-08-28,equipment
AC-1012,AC-1007,90198,INR,2026-08-10,freight
AC-1030,AC-1002,62684,INR,2026-08-11,consulting
AC-1003,AC-1019,2884,INR,2026-08-12,consulting
AC-1014,AC-1024,197531,INR,2026-08-13,invoice
AC-1026,AC-1001,229168,INR,2026-08-14,consulting
AC-1027,AC-1002,20333,INR,2026-08-15,invoice
AC-1005,AC-1015,47591,INR,2026-08-16,equipment
AC-1002,AC-1011,91913,INR,2026-08-17,consulting
AC-1010,AC-1005,159141,INR,2026-08-18,freight
AC-1016,AC-1022,32330,INR,2026-08-19,invoice
AC-1003,AC-1009,246238,INR,2026-08-20,consulting
AC-1016,AC-1023,192983,INR,2026-08-21,equipment
AC-1029,AC-1030,225368,INR,2026-08-22,consulting
AC-1015,AC-1023,79605,INR,2026-08-23,equipment
AC-1025,AC-1018,76975,INR,2026-08-24,consulting
AC-1017,AC-1029,70382,INR,2026-08-25,equipment
AC-1023,AC-1018,132225,INR,2026-08-26,invoice
AC-1002,AC-1012,236291,INR,2026-08-27,freight
AC-1023,AC-1020,127706,INR,2026-08-28,equipment
AC-1003,AC-1007,239338,INR,2026-08-10,consulting
AC-1027,AC-1017,60683,INR,2026-08-11,equipment
AC-1024,AC-1018,55501,INR,2026-08-12,invoice
AC-1012,AC-1024,214259,INR,2026-08-13,consulting
AC-1002,AC-1008,183316,INR,2026-08-14,freight
AC-1021,AC-1025,119201,INR,2026-08-15,invoice
AC-1001,AC-1016,219487,INR,2026-08-16,invoice
AC-1009,AC-1009,154453,INR,2026-08-17,freight
AC-1010,AC-1027,22399,INR,2026-08-18,invoice
AC-1009,AC-1028,160091,INR,2026-08-19,freight
AC-1016,AC-1001,226420,INR,2026-08-20,freight
AC-1013,AC-1015,11893,INR,2026-08-21,consulting
AC-1007,AC-1013,48596,INR,2026-08-22,freight
AC-1018,AC-1002,173370,INR,2026-08-23,equipment
AC-1002,AC-1018,200264,INR,2026-08-24,equipment
AC-1030,AC-1001,238815,INR,2026-08-25,equipment
AC-1030,AC-1027,238132,INR,2026-08-26,equipment
AC-1026,AC-1025,155166,INR,2026-08-27,consulting
AC-1025,AC-1001,89626,INR,2026-08-28,freight
AC-1028,AC-1014,205407,INR,2026-08-10,invoice
AC-1026,AC-1004,145292,INR,2026-08-11,freight
AC-1024,AC-1030,177975,INR,2026-08-12,equipment
AC-1028,AC-1018,121754,INR,2026-08-13,freight
AC-1019,AC-1024,149227,INR,2026-08-14,equipment
AC-1006,AC-1013,122758,INR,2026-08-15,consulting
AC-1005,AC-1030,4230,INR,2026-08-16,equipment
AC-1026,AC-1022,249540,INR,2026-08-17,equipment
AC-1003,AC-1008,202451,INR,2026-08-18,equipment
AC-1011,AC-1019,103692,INR,2026-08-19,invoice
AC-1020,AC-1009,95066,INR,2026-08-20,equipment
AC-1022,AC-1009,205358,INR,2026-08-21,invoice
AC-1004,AC-1010,149263,INR,2026-08-22,equipment
AC-1027,AC-1009,222441,INR,2026-08-23,consulting
AC-1015,AC-1015,4776,INR,2026-08-24,freight
AC-1001,AC-1015,9950,INR,2026-08-25,equipment
AC-1016,AC-1021,221584,INR,2026-08-26,consulting
AC-1014,AC-1002,152180,INR,2026-08-27,invoice
AC-1009,AC-1029,160243,INR,2026-08-28,equipment
AC-1003,AC-1015,47384,INR,2026-08-10,equipment
AC-1025,AC-1026,72639,INR,2026-08-11,equipment
AC-1028,AC-1016,33600,INR,2026-08-12,consulting
AC-1021,AC-1006,38759,INR,2026-08-13,invoice
AC-1008,AC-1004,171849,INR,2026-08-14,invoice
AC-1006,AC-1022,133083,INR,2026-08-15,freight
AC-1019,AC-1011,11248,INR,2026-08-16,consulting
AC-1002,AC-1023,68159,INR,2026-08-17,equipment
AC-1001,AC-1022,221743,INR,2026-08-18,equipment
AC-1018,AC-1023,11976,INR,2026-08-19,consulting
AC-1012,AC-1004,20560,INR,2026-08-20,freight
AC-1004,AC-1017,20553,INR,2026-08-21,consulting
AC-1007,AC-1011,149767,INR,2026-08-22,equipment
AC-1027,AC-1027,178774,INR,2026-08-23,freight
AC-1003,AC-1021,112047,INR,2026-08-24,equipment
AC-1005,AC-1001,85850,INR,2026-08-25,equipment
AC-1011,AC-1014,235495,INR,2026-08-26,equipment
AC-1016,AC-1010,163281,INR,2026-08-27,invoice
AC-1006,AC-1012,11944,INR,2026-08-28,equipment
AC-1030,AC-1005,239291,INR,2026-08-10,invoice
AC-1004,AC-1020,55688,INR,2026-08-11,equipment
AC-1017,AC-1023,204951,INR,2026-08-12,equipment
AC-1007,AC-1013,218020,INR,2026-08-13,invoice
AC-1022,AC-1024,39591,INR,2026-08-14,freight
AC-1025,AC-1021,20813,INR,2026-08-15,invoice
AC-1030,AC-1008,148466,INR,2026-08-16,freight
AC-1018,AC-1024,32032,INR,2026-08-17,invoice
AC-1020,AC-1016,173054,INR,2026-08-18,freight
AC-1011,AC-1009,51374,INR,2026-08-19,equipment
AC-1030,AC-1008,86412,INR,2026-08-20,consulting
AC-1026,AC-1025,95136,INR,2026-08-21,consulting
AC-1015,AC-1011,196383,INR,2026-08-22,invoice
AC-1023,AC-1008,116906,INR,2026-08-23,freight
AC-1012,AC-1003,92520,INR,2026-08-24,invoice
AC-1030,AC-1012,171516,INR,2026-08-25,freight
AC-1020,AC-1008,117944,INR,2026-08-26,freight
AC-1008,AC-1019,217258,INR,2026-08-27,consulting
AC-1030,AC-1018,64460,INR,2026-08-28,freight
AC-1022,AC-1019,174812,INR,2026-08-10,consulting
AC-1020,AC-1009,208878,INR,2026-08-11,equipment
AC-1011,AC-1011,31173,INR,2026-08-12,invoice
AC-1014,AC-1014,132639,INR,2026-08-13,consulting
AC-1019,AC-1016,166090,INR,2026-08-14,consulting
AC-1029,AC-1006,229994,INR,2026-08-15,freight
AC-1001,AC-1006,31914,INR,2026-08-16,freight
AC-1009,AC-1025,145629,INR,2026-08-17,freight
AC-1024,AC-1004,33384,INR,2026-08-18,invoice
AC-1027,AC-1014,6523,INR,2026-08-19,consulting
AC-1003,AC-1005,135227,INR,2026-08-20,freight
AC-1029,AC-1014,93145,INR,2026-08-21,consulting
AC-1013,AC-1023,146248,INR,2026-08-22,consulting
AC-1023,AC-1010,31452,INR,2026-08-23,equipment
AC-1029,AC-1027,235748,INR,2026-08-24,equipment
AC-1019,AC-1020,161895,INR,2026-08-25,invoice
AC-1024,AC-1002,19583,INR,2026-08-26,equipment
AC-1015,AC-1030,107434,INR,2026-08-27,freight
AC-1024,AC-1027,114463,INR,2026-08-28,equipment
AC-1025,AC-1016,183780,INR,2026-08-10,consulting
AC-1024,AC-1006,189965,INR,2026-08-11,invoice
AC-1005,AC-1029,2290,INR,2026-08-12,equipment
AC-1022,AC-1021,119139,INR,2026-08-13,freight
AC-1011,AC-1015,46576,INR,2026-08-14,equipment
AC-1025,AC-1004,61136,INR,2026-08-15,equipment
AC-1016,AC-1011,12908,INR,2026-08-16,freight
AC-1010,AC-1011,100931,INR,2026-08-17,equipment
AC-1025,AC-1006,37788,INR,2026-08-18,invoice
AC-1027,AC-1024,231561,INR,2026-08-19,consulting
AC-1014,AC-1017,73193,INR,2026-08-20,equipment
AC-1004,AC-1012,74906,INR,2026-08-21,consulting
AC-1004,AC-1010,72037,INR,2026-08-22,freight
AC-1015,AC-1008,232338,INR,2026-08-23,consulting
AC-1010,AC-1030,68257,INR,2026-08-24,invoice
AC-1030,AC-1008,174951,INR,2026-08-25,equipment
AC-1005,AC-1004,54472,INR,2026-08-26,consulting
AC-1001,AC-1020,236845,INR,2026-08-27,invoice
AC-1029,AC-1018,141261,INR,2026-08-28,consulting
AC-1001,AC-1016,218486,INR,2026-08-10,invoice
AC-1012,AC-1007,74132,INR,2026-08-11,freight
AC-1024,AC-1015,136799,INR,2026-08-12,consulting
AC-1027,AC-1015,77567,INR,2026-08-13,invoice
AC-1023,AC-1023,241208,INR,2026-08-14,invoice
AC-1015,AC-1029,113565,INR,2026-08-15,freight
AC-1009,AC-1003,226874,INR,2026-08-16,consulting
AC-1009,AC-1024,175549,INR,2026-08-17,invoice
AC-1012,AC-1026,20976,INR,2026-08-18,consulting
AC-1024,AC-1003,86001,INR,2026-08-19,consulting
AC-1017,AC-1011,72630,INR,2026-08-20,freight
AC-1021,AC-1024,134689,INR,2026-08-21,invoice
AC-1023,AC-1023,82775,INR,2026-08-22,invoice
AC-1014,AC-1004,244664,INR,2026-08-23,equipment
AC-1007,AC-1027,146570,INR,2026-08-24,invoice
AC-1021,AC-1021,2339,INR,2026-08-25,consulting
AC-1005,AC-1019,98870,INR,2026-08-26,consulting
AC-1022,AC-1007,69793,INR,2026-08-27,freight
AC-1005,AC-1016,213600,INR,2026-08-28,consulting
AC-1024,AC-1016,74331,INR,2026-08-10,consulting
AC-1007,AC-1021,229852,INR,2026-08-11,invoice
AC-1017,AC-1028,189854,INR,2026-08-12,consulting
AC-1001,AC-1014,17882,INR,2026-08-13,freight
AC-1018,AC-1020,54919,INR,2026-08-14,consulting
AC-1002,AC-1014,180600,INR,2026-08-15,equipment
AC-1020,AC-1013,165669,INR,2026-08-16,consulting
AC-1021,AC-1012,127188,INR,2026-08-17,consulting
AC-1029,AC-1010,220632,INR,2026-08-18,consulting
AC-1029,AC-1010,175355,INR,2026-08-19,freight
AC-1016,AC-1026,165407,INR,2026-08-20,freight
AC-1020,AC-1012,142702,INR,2026-08-21,freight
AC-1010,AC-1004,57641,INR,2026-08-22,invoice
AC-1029,AC-1029,198158,INR,2026-08-23,equipment
AC-1014,AC-1015,85550,INR,2026-08-24,consulting
AC-1022,AC-1014,30611,INR,2026-08-25,consulting
AC-1015,AC-1011,173425,INR,2026-08-26,invoice
AC-1012,AC-1023,104606,INR,2026-08-27,consulting
AC-1025,AC-1029,127059,INR,2026-08-28,freight
AC-1020,AC-1014,180401,INR,2026-08-10,consulting
AC-1001,AC-1010,70484,INR,2026-08-11,consulting
AC-1029,AC-1028,205463,INR,2026-08-12,freight
AC-1002,AC-1018,202572,INR,2026-08-13,equipment
AC-1009,AC-1022,83511,INR,2026-08-14,freight
AC-1013,AC-1026,116104,INR,2026-08-15,freight
AC-1013,AC-1009,239421,INR,2026-08-16,invoice
AC-1009,AC-1016,191139,INR,2026-08-17,consulting
AC-1011,AC-1021,214821,INR,2026-08-18,invoice
AC-1010,AC-1015,107679,INR,2026-08-19,consulting
AC-1019,AC-1029,43906,INR,2026-08-20,consulting
AC-1025,AC-1021,29168,INR,2026-08-21,equipment
AC-1005,AC-1020,141746,INR,2026-08-22,invoice
AC-1024,AC-1001,210597,INR,2026-08-23,freight
AC-1003,AC-1025,184990,INR,2026-08-24,equipment
AC-1030,AC-1012,201273,INR,2026-08-25,invoice
AC-1021,AC-1002,136210,INR,2026-08-26,consulting
AC-1012,AC-1018,52269,INR,2026-08-27,consulting
AC-1027,AC-1018,103934,INR,2026-08-28,consulting
AC-1010,AC-1026,42561,INR,2026-08-10,equipment
AC-1011,AC-1014,56772,INR,2026-08-11,consulting
AC-1001,AC-1002,221888,INR,2026-08-12,invoice
AC-1025,AC-1017,27125,INR,2026-08-13,freight
AC-1026,AC-1016,11334,INR,2026-08-14,consulting
AC-1010,AC-1010,6605,INR,2026-08-15,consulting
AC-1021,AC-1025,180623,INR,2026-08-16,consulting
AC-1002,AC-1009,196835,INR,2026-08-17,invoice
AC-1027,AC-1026,99302,INR,2026-08-18,freight
AC-1005,AC-1027,194374,INR,2026-08-19,equipment
AC-1028,AC-1003,20311,INR,2026-08-20,invoice
AC-1017,AC-1024,184665,INR,2026-08-21,freight
AC-1001,AC-1001,194931,INR,2026-08-22,consulting
AC-1004,AC-1024,154441,INR,2026-08-23,freight
AC-1007,AC-1027,159028,INR,2026-08-24,equipment
AC-1026,AC-1011,111701,INR,2026-08-25,invoice
AC-1010,AC-1009,120549,INR,2026-08-26,consulting
AC-1004,AC-1009,172229,INR,2026-08-27,freight
AC-1013,AC-1010,112849,INR,2026-08-28,invoice
AC-1008,AC-1014,147311,INR,2026-08-10,equipment
AC-1016,AC-1010,238189,INR,2026-08-11,consulting
AC-1013,AC-1001,130544,INR,2026-08-12,freight
AC-1012,AC-1025,143533,INR,2026-08-13,invoice
AC-1015,AC-1008,151737,INR,2026-08-14,invoice
AC-1013,AC-1025,61097,INR,2026-08-15,freight
AC-1012,AC-1016,147877,INR,2026-08-16,invoice
AC-1021,AC-1010,87395,INR,2026-08-17,consulting
AC-1026,AC-1021,22174,INR,2026-08-18,invoice
AC-1018,AC-1006,54692,INR,2026-08-19,freight
AC-1019,AC-1008,22240,INR,2026-08-20,consulting
AC-1013,AC-1020,219945,INR,2026-08-21,freight
AC-1017,AC-1024,220359,INR,2026-08-22,consulting
AC-1002,AC-1025,129596,INR,2026-08-23,equipment
AC-1014,AC-1010,194370,INR,2026-08-24,equipment
AC-1027,AC-1005,9820,INR,2026-08-25,equipment
AC-1023,AC-1019,157203,INR,2026-08-26,freight
AC-1028,AC-1001,70542,INR,2026-08-27,consulting
AC-1025,AC-1018,208574,INR,2026-08-28,freight
AC-1018,AC-1016,82305,INR,2026-08-10,consulting
AC-1011,AC-1015,186075,INR,2026-08-11,freight
AC-1017,AC-1018,225340,INR,2026-08-12,invoice
AC-1030,AC-1004,111845,INR,2026-08-13,invoice
AC-1013,AC-1005,198663,INR,2026-08-14,invoice
AC-1006,AC-1017,196372,INR,2026-08-15,invoice
AC-1006,AC-1007,114964,INR,2026-08-16,invoice
AC-1002,AC-1029,111446,INR,2026-08-17,freight
AC-1006,AC-1021,210791,INR,2026-08-18,freight
AC-1005,AC-1024,229420,INR,2026-08-19,freight
AC-1013,AC-1001,78041,INR,2026-08-20,invoice
AC-1014,AC-1010,188978,INR,2026-08-21,equipment
AC-1017,AC-1011,161494,INR,2026-08-22,equipment
AC-1019,AC-1021,43751,INR,2026-08-23,consulting
AC-1010,AC-1017,179824,INR,2026-08-24,consulting
AC-1026,AC-1020,249809,INR,2026-08-25,equipment
AC-1017,AC-1020,66110,INR,2026-08-26,freight
AC-1015,AC-1007,245669,INR,2026-08-27,equipment
AC-1030,AC-1024,189027,INR,2026-08-28,consulting
AC-1006,AC-1017,187704,INR,2026-08-10,freight
AC-1001,AC-1011,109381,INR,2026-08-11,consulting
AC-1005,AC-1016,17826,INR,2026-08-12,invoice
AC-1010,AC-1023,49447,INR,2026-08-13,consulting
AC-1023,AC-1004,141213,INR,2026-08-14,freight
AC-1011,AC-1004,16269,INR,2026-08-15,freight
AC-1020,AC-1006,17753,INR,2026-08-16,equipment
AC-1021,AC-1018,231813,INR,2026-08-17,consulting
AC-1012,AC-1021,3953,INR,2026-08-18,consulting
AC-1009,AC-1010,215405,INR,2026-08-19,freight
AC-1019,AC-1024,80400,INR,2026-08-20,equipment
AC-1020,AC-1025,105964,INR,2026-08-21,equipment
AC-1018,AC-1018,168441,INR,2026-08-22,consulting
AC-1003,AC-1019,40206,INR,2026-08-23,invoice
AC-1024,AC-1007,73646,INR,2026-08-24,consulting
AC-1009,AC-1019,27073,INR,2026-08-25,consulting
AC-1026,AC-1017,154211,INR,2026-08-26,freight
AC-1011,AC-1019,202619,INR,2026-08-27,equipment
AC-1026,AC-1024,228665,INR,2026-08-28,freight
AC-1007,AC-1006,950,INR,2026-08-10,consulting
AC-1007,AC-1003,243925,INR,2026-08-11,consulting
AC-1005,AC-1006,124890,INR,2026-08-12,invoice
AC-1011,AC-1003,235118,INR,2026-08-13,invoice
AC-1005,AC-1017,211861,INR,2026-08-14,freight
AC-1014,AC-1022,123900,INR,2026-08-15,equipment
AC-1010,AC-1017,199481,INR,2026-08-16,invoice
AC-1008,AC-1018,103337,INR,2026-08-17,freight
AC-1025,AC-1013,185387,INR,2026-08-18,freight
AC-1012,AC-1010,220096,INR,2026-08-19,equipment
AC-1017,AC-1003,231798,INR,2026-08-20,consulting
AC-1006,AC-1021,218774,INR,2026-08-21,equipment
AC-1023,AC-1005,220418,INR,2026-08-22,freight
AC-1018,AC-1015,128725,INR,2026-08-23,equipment
AC-1022,AC-1004,146501,INR,2026-08-24,freight
AC-1021,AC-1012,46914,INR,2026-08-25,invoice
AC-1028,AC-1012,224480,INR,2026-08-26,freight
AC-1025,AC-1022,90949,INR,2026-08-27,freight
AC-1007,AC-1020,146996,INR,2026-08-28,consulting
AC-1013,AC-1012,47175,INR,2026-08-10,invoice
AC-1007,AC-1015,94881,INR,2026-08-11,consulting
AC-1001,AC-1019,81617,INR,2026-08-12,equipment
AC-1004,AC-1030,96946,INR,2026-08-13,equipment
AC-1017,AC-1030,3656,INR,2026-08-14,equipment
AC-1002,AC-1021,72326,INR,2026-08-15,freight
AC-1013,AC-1002,182570,INR,2026-08-16,equipment
AC-1009,AC-1021,15251,INR,2026-08-17,invoice
AC-1028,AC-1023,243408,INR,2026-08-18,freight
AC-1020,AC-1021,119389,INR,2026-08-19,freight
AC-1006,AC-1016,196841,INR,2026-08-20,invoice
AC-1002,AC-1012,7809,INR,2026-08-21,consulting
AC-1023,AC-1024,46625,INR,2026-08-22,consulting
AC-1003,AC-1014,218894,INR,2026-08-23,invoice
AC-1002,AC-1015,167361,INR,2026-08-24,invoice
AC-1011,AC-1004,225140,INR,2026-08-25,equipment
AC-1028,AC-1007,171981,INR,2026-08-26,invoice
AC-1011,AC-1027,176408,INR,2026-08-27,equipment
AC-1029,AC-1023,44608,INR,2026-08-28,equipment
AC-1017,AC-1001,246808,INR,2026-08-10,freight
AC-1014,AC-1027,175289,INR,2026-08-11,invoice
AC-1003,AC-1007,216531,INR,2026-08-12,consulting
AC-1024,AC-1009,22261,INR,2026-08-13,consulting
AC-1015,AC-1002,72477,INR,2026-08-14,consulting
AC-1023,AC-1017,107532,INR,2026-08-15,consulting
AC-1021,AC-1024,221007,INR,2026-08-16,invoice
AC-1010,AC-1009,147197,INR,2026-08-17,equipment
AC-1004,AC-1011,122475,INR,2026-08-18,invoice
AC-1019,AC-1030,121624,INR,2026-08-19,invoice
AC-1004,AC-1030,23990,INR,2026-08-20,consulting
AC-1024,AC-1003,48919,INR,2026-08-21,equipment
AC-1019,AC-1021,5521,INR,2026-08-22,consulting
AC-1026,AC-1001,57273,INR,2026-08-23,equipment
AC-1015,AC-1003,230202,INR,2026-08-24,consulting
AC-1010,AC-1027,178741,INR,2026-08-25,consulting
AC-1024,AC-1025,193741,INR,2026-08-26,consulting
AC-1010,AC-1002,99683,INR,2026-08-27,equipment
AC-1006,AC-1009,37061,INR,2026-08-28,equipment
AC-1014,AC-1008,219212,INR,2026-08-10,consulting
AC-1009,AC-1029,52475,INR,2026-08-11,consulting
AC-1010,AC-1009,183110,INR,2026-08-12,freight
AC-1009,AC-1003,128670,INR,2026-08-13,equipment
AC-1019,AC-1012,91701,INR,2026-08-14,freight
AC-1027,AC-1021,180353,INR,2026-08-15,consulting
AC-1002,AC-1027,153662,INR,2026-08-16,freight
AC-1005,AC-1018,149334,INR,2026-08-17,consulting
AC-1023,AC-1014,91193,INR,2026-08-18,equipment
AC-1007,AC-1011,183660,INR,2026-08-19,equipment
AC-1003,AC-1017,202994,INR,2026-08-20,consulting
AC-1009,AC-1007,122851,INR,2026-08-21,equipment
AC-1002,AC-1030,30474,INR,2026-08-22,consulting
AC-1016,AC-1005,122735,INR,2026-08-23,equipment
AC-1012,AC-1019,99316,INR,2026-08-24,invoice
AC-1011,AC-1023,27673,INR,2026-08-25,equipment
AC-1028,AC-1029,2320,INR,2026-08-26,consulting
AC-1014,AC-1016,87992,INR,2026-08-27,equipment
AC-1021,AC-1029,26518,INR,2026-08-28,consulting
AC-1030,AC-1012,80538,INR,2026-08-10,consulting
AC-1015,AC-1018,49050,INR,2026-08-11,invoice
AC-1015,AC-1026,161891,INR,2026-08-12,freight
AC-1019,AC-1019,182308,INR,2026-08-13,freight
AC-1024,AC-1013,124394,INR,2026-08-14,consulting
AC-1009,AC-1024,98086,INR,2026-08-15,equipment
AC-1016,AC-1022,105409,INR,2026-08-16,equipment
AC-1002,AC-1030,230263,INR,2026-08-17,consulting
AC-1025,AC-1030,236406,INR,2026-08-18,invoice
AC-1014,AC-1014,203168,INR,2026-08-19,equipment
AC-1019,AC-1013,155721,INR,2026-08-20,invoice
AC-1006,AC-1017,43866,INR,2026-08-21,equipment
AC-1029,AC-1020,183129,INR,2026-08-22,consulting
AC-1019,AC-1025,36831,INR,2026-08-23,consulting
AC-1022,AC-1011,206968,INR,2026-08-24,invoice
AC-1003,AC-1010,208094,INR,2026-08-25,consulting
AC-1026,AC-1012,120498,INR,2026-08-26,freight
AC-1006,AC-1015,471,INR,2026-08-27,consulting
AC-1007,AC-1029,45356,INR,2026-08-28,equipment
AC-1010,AC-1003,48640,INR,2026-08-10,consulting
AC-1028,AC-1007,114688,INR,2026-08-11,invoice
AC-1024,AC-1008,40656,INR,2026-08-12,equipment
AC-1001,AC-1016,42017,INR,2026-08-13,equipment
AC-1004,AC-1016,144384,INR,2026-08-14,freight
AC-1023,AC-1007,239543,INR,2026-08-15,freight
AC-1022,AC-1013,218182,INR,2026-08-16,freight
AC-1023,AC-1008,200280,INR,2026-08-17,invoice
AC-1013,AC-1005,83705,INR,2026-08-18,consulting
AC-1013,AC-1025,86000,INR,2026-08-19,equipment
AC-1027,AC-1022,191712,INR,2026-08-20,freight
AC-1020,AC-1013,140265,INR,2026-08-21,invoice
AC-1012,AC-1016,175854,INR,2026-08-22,invoice
AC-1008,AC-1029,159770,INR,2026-08-23,consulting
AC-1025,AC-1008,97015,INR,2026-08-24,equipment
AC-1011,AC-1017,216056,INR,2026-08-25,invoice
AC-1020,AC-1020,197299,INR,2026-08-26,freight
AC-1030,AC-1003,169484,INR,2026-08-27,consulting
AC-1005,AC-1016,49525,INR,2026-08-28,invoice
AC-1007,AC-1010,114387,INR,2026-08-10,invoice
AC-1011,AC-1013,171703,INR,2026-08-11,consulting
AC-1014,AC-1005,74951,INR,2026-08-12,equipment
AC-1013,AC-1022,215542,INR,2026-08-13,freight
AC-1002,AC-1009,110805,INR,2026-08-14,consulting
AC-1006,AC-1013,179121,INR,2026-08-15,invoice
AC-1015,AC-1026,21913,INR,2026-08-16,equipment
AC-1022,AC-1024,26832,INR,2026-08-17,freight
AC-1026,AC-1026,3454,INR,2026-08-18,consulting
AC-1011,AC-1005,150899,INR,2026-08-19,freight
AC-1022,AC-1015,3287,INR,2026-08-20,freight
AC-1021,AC-1022,105554,INR,2026-08-21,freight
AC-1025,AC-1002,79667,INR,2026-08-22,freight
AC-1009,AC-1024,166480,INR,2026-08-23,invoice
AC-1020,AC-1026,210599,INR,2026-08-24,freight
AC-1017,AC-1012,204985,INR,2026-08-25,freight
AC-1023,AC-1011,221543,INR,2026-08-26,equipment
AC-1004,AC-1026,47131,INR,2026-08-27,freight
AC-1018,AC-1025,100774,INR,2026-08-28,invoice
AC-1005,AC-1001,88622,INR,2026-08-10,equipment
AC-1007,AC-1017,213329,INR,2026-08-11,freight
AC-1014,AC-1002,122084,INR,2026-08-12,equipment
AC-1002,AC-1004,227763,INR,2026-08-13,freight
AC-1015,AC-1012,13376,INR,2026-08-14,equipment
AC-1009,AC-1014,88713,INR,2026-08-15,equipment
AC-1025,AC-1027,6418,INR,2026-08-16,equipment
AC-1006,AC-1010,93805,INR,2026-08-17,freight
AC-1001,AC-1015,85350,INR,2026-08-18,equipment
AC-1021,AC-1002,156429,INR,2026-08-19,invoice
AC-1012,AC-1024,9847,INR,2026-08-20,freight
AC-1008,AC-1006,22282,INR,2026-08-21,invoice
AC-1005,AC-1024,38167,INR,2026-08-22,freight
AC-1014,AC-1029,72259,INR,2026-08-23,equipment
AC-1015,AC-1023,162056,INR,2026-08-24,consulting
AC-1030,AC-1027,237118,INR,2026-08-25,freight
AC-1002,AC-1003,85863,INR,2026-08-26,equipment
AC-1002,AC-1005,159988,INR,2026-08-27,invoice
AC-1013,AC-1017,190409,INR,2026-08-28,invoice
AC-1011,AC-1030,167167,INR,2026-08-10,equipment
AC-1014,AC-1013,6117,INR,2026-08-11,consulting
AC-1024,AC-1009,189411,INR,2026-08-12,invoice
AC-1027,AC-1030,113872,INR,2026-08-13,invoice
AC-1026,AC-1007,149906,INR,2026-08-14,equipment
AC-1010,AC-1020,135002,INR,2026-08-15,consulting
AC-1023,AC-1026,13050,INR,2026-08-16,equipment
AC-1019,AC-1016,56665,INR,2026-08-17,freight
AC-1009,AC-1024,180831,INR,2026-08-18,consulting
AC-1009,AC-1017,176263,INR,2026-08-19,invoice
AC-1020,AC-1013,238734,INR,2026-08-20,consulting
AC-1022,AC-1010,71731,INR,2026-08-21,invoice
AC-1014,AC-1007,5157,INR,2026-08-22,freight
AC-1022,AC-1005,72278,INR,2026-08-23,equipment
AC-1015,AC-1020,207411,INR,2026-08-24,equipment
AC-1004,AC-1008,59186,INR,2026-08-25,invoice
AC-1023,AC-1011,58198,INR,2026-08-26,invoice
AC-1020,AC-1010,191133,INR,2026-08-27,freight
AC-1019,AC-1014,166651,INR,2026-08-28,equipment
AC-1018,AC-1013,124926,INR,2026-08-10,invoice
AC-1011,AC-1011,84042,INR,2026-08-11,equipment
AC-1027,AC-1015,40037,INR,2026-08-12,freight
AC-1028,AC-1024,131053,INR,2026-08-13,consulting
AC-1018,AC-1023,44817,INR,2026-08-14,freight
AC-1009,AC-1013,8708,INR,2026-08-15,invoice
AC-1021,AC-1016,147398,INR,2026-08-16,equipment
AC-1003,AC-1007,196336,INR,2026-08-17,equipment
AC-1010,AC-1010,197082,INR,2026-08-18,equipment
AC-1015,AC-1022,122770,INR,2026-08-19,invoice
AC-1005,AC-1020,153587,INR,2026-08-20,consulting
AC-1020,AC-1012,148333,INR,2026-08-21,freight
AC-1014,AC-1025,6386,INR,2026-08-22,equipment
AC-1018,AC-1024,128898,INR,2026-08-23,consulting
AC-1013,AC-1030,141176,INR,2026-08-24,consulting
AC-1013,AC-1020,248977,INR,2026-08-25,invoice
AC-1004,AC-1013,57477,INR,2026-08-26,consulting
AC-1004,AC-1019,76101,INR,2026-08-27,consulting
AC-1028,AC-1006,201281,INR,2026-08-28,freight
AC-1018,AC-1014,92531,INR,2026-08-10,consulting
AC-1014,AC-1029,157339,INR,2026-08-11,equipment
AC-1011,AC-1025,95454,INR,2026-08-12,invoice
AC-1022,AC-1029,180302,INR,2026-08-13,equipment
AC-1017,AC-1018,139843,INR,2026-08-14,freight
AC-1008,AC-1028,106147,INR,2026-08-15,freight
AC-1025,AC-1015,75297,INR,2026-08-16,freight
AC-1006,AC-1030,229191,INR,2026-08-17,consulting
AC-1013,AC-1010,1124,INR,2026-08-18,equipment
AC-1025,AC-1015,172266,INR,2026-08-19,consulting
AC-1022,AC-1030,26024,INR,2026-08-20,freight
AC-1019,AC-1021,109852,INR,2026-08-21,freight
AC-1014,AC-1007,167082,INR,2026-08-22,invoice
AC-1020,AC-1008,36575,INR,2026-08-23,invoice
AC-1020,AC-1019,192178,INR,2026-08-24,freight
AC-1001,AC-1011,160108,INR,2026-08-25,consulting
AC-1006,AC-1019,164219,INR,2026-08-26,freight
AC-1022,AC-1003,249770,INR,2026-08-27,equipment
AC-1001,AC-1024,157888,INR,2026-08-28,freight
AC-1018,AC-1017,226595,INR,2026-08-10,consulting
AC-1028,AC-1030,42554,INR,2026-08-11,freight
AC-1012,AC-1024,229534,INR,2026-08-12,consulting
AC-1006,AC-1016,245915,INR,2026-08-13,consulting
AC-1011,AC-1005,77053,INR,2026-08-14,invoice
AC-1029,AC-1001,54515,INR,2026-08-15,freight
AC-1015,AC-1008,179470,INR,2026-08-16,freight
AC-1008,AC-1026,46617,INR,2026-08-17,freight
AC-1017,AC-1021,29389,INR,2026-08-18,equipment
AC-1028,AC-1030,238507,INR,2026-08-19,consulting
AC-1008,AC-1015,189530,INR,2026-08-20,invoice
AC-1001,AC-1024,8723,INR,2026-08-21,freight
AC-1028,AC-1017,123512,INR,2026-08-22,freight
AC-1003,AC-1026,109587,INR,2026-08-23,equipment
AC-1029,AC-1023,141110,INR,2026-08-24,invoice
AC-1023,AC-1025,159365,INR,2026-08-25,invoice
AC-1015,AC-1016,217240,INR,2026-08-26,invoice
AC-1010,AC-1026,104687,INR,2026-08-27,invoice
AC-1012,AC-1013,188108,INR,2026-08-28,freight
AC-1014,AC-1026,32770,INR,2026-08-10,invoice
AC-1005,AC-1028,69062,INR,2026-08-11,invoice
AC-1024,AC-1006,96316,INR,2026-08-12,freight
AC-1022,AC-1011,37461,INR,2026-08-13,consulting
AC-1026,AC-1016,55322,INR,2026-08-14,equipment
AC-1004,AC-1011,168555,INR,2026-08-15,invoice
AC-1015,AC-1029,186131,INR,2026-08-16,freight
AC-1025,AC-1008,198687,INR,2026-08-17,equipment
AC-1011,AC-1010,180918,INR,2026-08-18,freight
AC-1011,AC-1026,118313,INR,2026-08-19,equipment
AC-1019,AC-1009,156075,INR,2026-08-20,invoice
AC-1025,AC-1005,39053,INR,2026-08-21,equipment
AC-1001,AC-1008,230981,INR,2026-08-22,equipment
AC-1019,AC-1012,187369,INR,2026-08-23,equipment
AC-1010,AC-1023,41748,INR,2026-08-24,equipment
AC-1016,AC-1023,115557,INR,2026-08-25,equipment
AC-1005,AC-1024,211327,INR,2026-08-26,consulting
AC-1005,AC-1020,76883,INR,2026-08-27,freight
AC-1009,AC-1021,59997,INR,2026-08-28,invoice
AC-1028,AC-1007,153140,INR,2026-08-10,equipment
AC-1005,AC-1019,3413,INR,2026-08-11,equipment
AC-1012,AC-1024,133574,INR,2026-08-12,freight
AC-1016,AC-1020,236180,INR,2026-08-13,consulting
AC-1012,AC-1021,41112,INR,2026-08-14,equipment
AC-1017,AC-1012,99334,INR,2026-08-15,freight
AC-1021,AC-1006,228520,INR,2026-08-16,freight
AC-1006,AC-1016,235428,INR,2026-08-17,freight
AC-1001,AC-1022,248486,INR,2026-08-18,invoice
AC-1011,AC-1008,81333,INR,2026-08-19,consulting
AC-1008,AC-1005,73208,INR,2026-08-20,invoice
AC-1021,AC-1007,93704,INR,2026-08-21,freight
AC-1015,AC-1019,239509,INR,2026-08-22,invoice
AC-1027,AC-1024,221957,INR,2026-08-23,consulting
AC-1024,AC-1007,95555,INR,2026-08-24,invoice
AC-1013,AC-1021,26160,INR,2026-08-25,equipment
AC-1017,AC-1003,71415,INR,2026-08-26,invoice
AC-1026,AC-1002,117332,INR,2026-08-27,consulting
AC-1008,AC-1009,209249,INR,2026-08-28,consulting
AC-1023,AC-1030,170855,INR,2026-08-10,consulting
AC-1008,AC-1023,188306,INR,2026-08-11,freight
AC-1006,AC-1002,159931,INR,2026-08-12,equipment
AC-1018,AC-1009,24199,INR,2026-08-13,consulting
AC-1024,AC-1027,240758,INR,2026-08-14,invoice
AC-1029,AC-1029,34996,INR,2026-08-15,equipment
AC-1002,AC-1007,59910,INR,2026-08-16,consulting
AC-1019,AC-1025,152626,INR,2026-08-17,freight
AC-1015,AC-1004,141003,INR,2026-08-18,invoice
AC-1011,AC-1026,166424,INR,2026-08-19,invoice
AC-1007,AC-1016,30765,INR,2026-08-20,freight
AC-1003,AC-1016,51996,INR,2026-08-21,invoice
AC-1018,AC-1019,56609,INR,2026-08-22,freight
AC-1010,AC-1019,2767,INR,2026-08-23,freight
AC-1028,AC-1029,29485,INR,2026-08-24,freight
AC-1025,AC-1021,51315,INR,2026-08-25,freight
AC-1001,AC-1009,198053,INR,2026-08-26,freight
AC-1020,AC-1009,129383,INR,2026-08-27,consulting
AC-1011,AC-1017,126938,INR,2026-08-28,equipment
AC-1021,AC-1010,69508,INR,2026-08-10,consulting
AC-1011,AC-1009,177942,INR,2026-08-11,equipment
AC-1021,AC-1015,29471,INR,2026-08-12,consulting
AC-1016,AC-1001,83928,INR,2026-08-13,freight
AC-1016,AC-1006,47120,INR,2026-08-14,invoice
AC-1025,AC-1014,176666,INR,2026-08-15,equipment
AC-1004,AC-1030,226225,INR,2026-08-16,freight
AC-1011,AC-1021,180332,INR,2026-08-17,consulting
AC-1007,AC-1025,28748,INR,2026-08-18,consulting
AC-1007,AC-1010,131788,INR,2026-08-19,equipment
AC-1011,AC-1025,139291,INR,2026-08-20,freight
AC-1004,AC-1022,78909,INR,2026-08-21,consulting
AC-1019,AC-1022,40776,INR,2026-08-22,equipment
AC-1006,AC-1007,201156,INR,2026-08-23,freight
AC-1026,AC-1006,223690,INR,2026-08-24,consulting
AC-1020,AC-1022,41441,INR,2026-08-25,equipment
AC-1017,AC-1016,171558,INR,2026-08-26,freight
AC-1025,AC-1024,70867,INR,2026-08-27,consulting
AC-1030,AC-1009,123977,INR,2026-08-28,equipment
AC-1012,AC-1005,80526,INR,2026-08-10,equipment
AC-1024,AC-1012,217628,INR,2026-08-11,equipment
AC-1015,AC-1010,111739,INR,2026-08-12,freight
AC-1025,AC-1014,1737,INR,2026-08-13,freight
AC-1002,AC-1014,92947,INR,2026-08-14,consulting
AC-1015,AC-1025,72131,INR,2026-08-15,invoice
AC-1027,AC-1023,53258,INR,2026-08-16,consulting
AC-1022,AC-1023,67340,INR,2026-08-17,equipment
AC-1027,AC-1012,6457,INR,2026-08-18,equipment
AC-1014,AC-1026,100495,INR,2026-08-19,equipment
AC-1018,AC-1018,193978,INR,2026-08-20,consulting
AC-1026,AC-1007,162138,INR,2026-08-21,freight
AC-1028,AC-1009,28256,INR,2026-08-22,invoice
AC-1008,AC-1006,85573,INR,2026-08-23,freight
AC-1024,AC-1019,123424,INR,2026-08-24,invoice
AC-1025,AC-1022,102502,INR,2026-08-25,freight
AC-1008,AC-1009,159294,INR,2026-08-26,freight
AC-1002,AC-1004,14960,INR,2026-08-27,equipment
AC-1009,AC-1018,97098,INR,2026-08-28,freight
AC-1030,AC-1010,29356,INR,2026-08-10,freight
AC-1005,AC-1029,196812,INR,2026-08-11,invoice
AC-1011,AC-1025,192257,INR,2026-08-12,freight
AC-1027,AC-1005,229350,INR,2026-08-13,consulting
AC-1019,AC-1010,150743,INR,2026-08-14,consulting
AC-1018,AC-1003,115137,INR,2026-08-15,consulting
AC-1011,AC-1019,143534,INR,2026-08-16,equipment
AC-1018,AC-1017,214502,INR,2026-08-17,equipment
AC-1023,AC-1001,37072,INR,2026-08-18,invoice
AC-1028,AC-1026,183554,INR,2026-08-19,equipment
AC-1028,AC-1012,237517,INR,2026-08-20,freight
AC-1024,AC-1029,56561,INR,2026-08-21,consulting
AC-1011,AC-1015,59935,INR,2026-08-22,freight
AC-1012,AC-1011,52412,INR,2026-08-23,equipment
AC-1009,AC-1020,196242,INR,2026-08-24,invoice
AC-1005,AC-1004,168609,INR,2026-08-25,freight
AC-1014,AC-1013,211555,INR,2026-08-26,freight
AC-1026,AC-1002,218268,INR,2026-08-27,invoice
AC-1030,AC-1017,98154,INR,2026-08-28,invoice
AC-1019,AC-1014,8660,INR,2026-08-10,equipment
AC-1026,AC-1018,129227,INR,2026-08-11,equipment
AC-1019,AC-1011,166547,INR,2026-08-12,invoice
AC-1024,AC-1003,148441,INR,2026-08-13,invoice
AC-1018,AC-1025,29697,INR,2026-08-14,consulting
AC-1026,AC-1017,222102,INR,2026-08-15,invoice
AC-1019,AC-1030,123050,INR,2026-08-16,consulting
AC-1025,AC-1003,201344,INR,2026-08-17,freight
AC-1027,AC-1009,122334,INR,2026-08-18,freight
AC-1029,AC-1029,193957,INR,2026-08-19,consulting
AC-1021,AC-1011,19393,INR,2026-08-20,consulting
AC-1021,AC-1019,89329,INR,2026-08-21,freight
AC-1017,AC-1025,181807,INR,2026-08-22,freight
AC-1029,AC-1001,105491,INR,2026-08-23,equipment
AC-1001,AC-1020,217363,INR,2026-08-24,freight
AC-1001,AC-1001,59292,INR,2026-08-25,equipment
AC-1014,AC-1005,68106,INR,2026-08-26,consulting
AC-1019,AC-1022,201518,INR,2026-08-27,equipment
AC-1018,AC-1015,171590,INR,2026-08-28,consulting
AC-1025,AC-1027,150835,INR,2026-08-10,equipment
AC-1029,AC-1029,187657,INR,2026-08-11,consulting
AC-1007,AC-1025,39121,INR,2026-08-12,consulting
AC-1010,AC-1006,26699,INR,2026-08-13,invoice
AC-1018,AC-1020,247843,INR,2026-08-14,invoice
AC-1025,AC-1005,141827,INR,2026-08-15,equipment
AC-1003,AC-1011,228461,INR,2026-08-16,equipment
AC-1030,AC-1008,172784,INR,2026-08-17,consulting
AC-1007,AC-1010,43055,INR,2026-08-18,freight
AC-1009,AC-1008,245696,INR,2026-08-19,consulting
AC-1025,AC-1012,7405,INR,2026-08-20,consulting
AC-1029,AC-1029,247815,INR,2026-08-21,freight
AC-1004,AC-1027,248766,INR,2026-08-22,freight
AC-1001,AC-1015,227668,INR,2026-08-23,consulting
AC-1013,AC-1002,117379,INR,2026-08-24,freight
AC-1013,AC-1007,54155,INR,2026-08-25,freight
AC-1019,AC-1027,32926,INR,2026-08-26,invoice
AC-1006,AC-1017,239661,INR,2026-08-27,invoice
AC-1006,AC-1025,55205,INR,2026-08-28,invoice
AC-1016,AC-1024,158807,INR,2026-08-10,equipment
AC-1024,AC-1011,109073,INR,2026-08-11,consulting
AC-1007,AC-1003,209910,INR,2026-08-12,equipment
AC-1016,AC-1009,133611,INR,2026-08-13,invoice
AC-1015,AC-1001,2152,INR,2026-08-14,freight
AC-1026,AC-1014,105188,INR,2026-08-15,invoice
AC-1012,AC-1012,248167,INR,2026-08-16,equipment
AC-1027,AC-1003,114059,INR,2026-08-17,equipment
AC-1008,AC-1023,22388,INR,2026-08-18,freight
AC-1029,AC-1016,4404,INR,2026-08-19,equipment
AC-1024,AC-1021,235479,INR,2026-08-20,equipment
AC-1002,AC-1005,222394,INR,2026-08-21,consulting
AC-1006,AC-1019,2681,INR,2026-08-22,consulting
AC-1017,AC-1005,37007,INR,2026-08-23,freight
AC-1025,AC-1002,16288,INR,2026-08-24,consulting
AC-1028,AC-1024,173514,INR,2026-08-25,equipment
AC-1012,AC-1020,109007,INR,2026-08-26,consulting
AC-1014,AC-1006,46030,INR,2026-08-27,consulting
AC-1024,AC-1026,212670,INR,2026-08-28,consulting
AC-1012,AC-1029,242721,INR,2026-08-10,invoice
AC-1026,AC-1006,8109,INR,2026-08-11,freight
AC-1007,AC-1010,106065,INR,2026-08-12,equipment
AC-1030,AC-1027,69765,INR,2026-08-13,equipment
AC-1001,AC-1026,7021,INR,2026-08-14,equipment
AC-1001,AC-1029,123589,INR,2026-08-15,invoice
AC-1024,AC-1028,38088,INR,2026-08-16,freight
AC-1002,AC-1018,99087,INR,2026-08-17,consulting
AC-1006,AC-1004,4166,INR,2026-08-18,equipment
AC-1029,AC-1008,24399,INR,2026-08-19,freight
AC-1003,AC-1004,124949,INR,2026-08-20,freight
AC-1014,AC-1028,235692,INR,2026-08-21,freight
AC-1005,AC-1028,158393,INR,2026-08-22,invoice
AC-1010,AC-1016,123323,INR,2026-08-23,equipment
AC-1005,AC-1011,172314,INR,2026-08-24,equipment
AC-1020,AC-1022,188027,INR,2026-08-25,invoice
AC-1016,AC-1016,196522,INR,2026-08-26,consulting
AC-1005,AC-1008,135184,INR,2026-08-27,consulting
AC-1026,AC-1005,59377,INR,2026-08-28,invoice
AC-1024,AC-1004,188277,INR,2026-08-10,freight
AC-1010,AC-1029,161472,INR,2026-08-11,invoice
AC-1008,AC-1008,65961,INR,2026-08-12,consulting
AC-1024,AC-1022,79183,INR,2026-08-13,equipment
AC-1023,AC-1015,175455,INR,2026-08-14,equipment
AC-1025,AC-1029,34776,INR,2026-08-15,equipment
AC-1014,AC-1012,173580,INR,2026-08-16,consulting
AC-1019,AC-1024,245256,INR,2026-08-17,invoice
AC-1024,AC-1029,209905,INR,2026-08-18,freight
AC-1021,AC-1002,208443,INR,2026-08-19,consulting
AC-1006,AC-1001,37724,INR,2026-08-20,invoice
AC-1027,AC-1026,62595,INR,2026-08-21,consulting
AC-1013,AC-1011,3320,INR,2026-08-22,freight
AC-1016,AC-1028,90401,INR,2026-08-23,consulting
AC-1021,AC-1028,214418,INR,2026-08-24,freight
AC-1015,AC-1007,119051,INR,2026-08-25,equipment
AC-1018,AC-1015,31135,INR,2026-08-26,equipment
AC-1021,AC-1025,135120,INR,2026-08-27,equipment
AC-1011,AC-1029,49092,INR,2026-08-28,equipment
AC-1011,AC-1026,228831,INR,2026-08-10,freight
AC-1025,AC-1018,119870,INR,2026-08-11,invoice
AC-1022,AC-1028,90001,INR,2026-08-12,equipment
AC-1003,AC-1026,96043,INR,2026-08-13,freight
AC-1021,AC-1001,142677,INR,2026-08-14,consulting
AC-1004,AC-1008,120163,INR,2026-08-15,invoice
AC-1004,AC-1018,187078,INR,2026-08-16,equipment
AC-1005,AC-1028,91377,INR,2026-08-17,equipment
AC-1015,AC-1014,145293,INR,2026-08-18,invoice
AC-1028,AC-1017,48120,INR,2026-08-19,freight
AC-1027,AC-1029,134180,INR,2026-08-20,consulting
AC-1005,AC-1027,178658,INR,2026-08-21,consulting
AC-1025,AC-1001,52332,INR,2026-08-22,equipment
AC-1017,AC-1020,204705,INR,2026-08-23,consulting
AC-1019,AC-1028,139333,INR,2026-08-24,invoice
AC-1026,AC-1018,95318,INR,2026-08-25,consulting
AC-1023,AC-1017,43963,INR,2026-08-26,equipment
AC-1006,AC-1004,178611,INR,2026-08-27,consulting
AC-1021,AC-1021,225416,INR,2026-08-28,consulting
AC-1027,AC-1030,197147,INR,2026-08-10,consulting
AC-1018,AC-1020,111403,INR,2026-08-11,consulting
AC-1009,AC-1002,248998,INR,2026-08-12,freight
AC-1010,AC-1013,236430,INR,2026-08-13,freight
AC-1029,AC-1016,122934,INR,2026-08-14,equipment
AC-1005,AC-1024,246178,INR,2026-08-15,equipment
AC-1001,AC-1003,66134,INR,2026-08-16,equipment
AC-1007,AC-1030,192522,INR,2026-08-17,invoice
AC-1002,AC-1025,107827,INR,2026-08-18,consulting
AC-1005,AC-1016,215848,INR,2026-08-19,consulting
AC-1025,AC-1026,249525,INR,2026-08-20,consulting
AC-1013,AC-1026,42047,INR,2026-08-21,freight
AC-1013,AC-1019,50941,INR,2026-08-22,consulting
AC-1027,AC-1012,18739,INR,2026-08-23,consulting
AC-1009,AC-1005,234249,INR,2026-08-24,freight
AC-1004,AC-1024,194146,INR,2026-08-25,consulting
AC-1007,AC-1015,37581,INR,2026-08-26,equipment
AC-1025,AC-1011,3073,INR,2026-08-27,invoice
AC-1017,AC-1010,137676,INR,2026-08-28,invoice
AC-1025,AC-1021,157129,INR,2026-08-10,freight
AC-1008,AC-1022,115140,INR,2026-08-11,equipment
AC-1027,AC-1004,142137,INR,2026-08-12,freight
AC-1005,AC-1003,230996,INR,2026-08-13,equipment
AC-1029,AC-1009,249152,INR,2026-08-14,invoice
AC-1013,AC-1027,233850,INR,2026-08-15,equipment
AC-1004,AC-1021,122546,INR,2026-08-16,freight
AC-1019,AC-1006,229951,INR,2026-08-17,freight
AC-1025,AC-1010,59136,INR,2026-08-18,invoice
AC-1003,AC-1024,158405,INR,2026-08-19,equipment
AC-1008,AC-1028,223063,INR,2026-08-20,freight
AC-1027,AC-1023,113621,INR,2026-08-21,freight
AC-1002,AC-1021,27824,INR,2026-08-22,equipment
AC-1027,AC-1024,192255,INR,2026-08-23,equipment
AC-1029,AC-1009,168091,INR,2026-08-24,equipment
AC-1014,AC-1022,219480,INR,2026-08-25,equipment
AC-1012,AC-1003,3638,INR,2026-08-26,invoice
AC-1023,AC-1026,127533,INR,2026-08-27,consulting
AC-1019,AC-1016,58285,INR,2026-08-28,freight
AC-1022,AC-1009,27503,INR,2026-08-10,freight
AC-1018,AC-1020,219772,INR,2026-08-11,freight
AC-1020,AC-1017,228418,INR,2026-08-12,freight
AC-1002,AC-1020,28508,INR,2026-08-13,invoice
AC-1019,AC-1004,31044,INR,2026-08-14,consulting
AC-1012,AC-1019,176570,INR,2026-08-15,freight
AC-1027,AC-1013,188545,INR,2026-08-16,invoice
AC-1012,AC-1021,206855,INR,2026-08-17,freight
AC-1028,AC-1015,150548,INR,2026-08-18,invoice
AC-1013,AC-1027,211333,INR,2026-08-19,freight
AC-1022,AC-1030,6971,INR,2026-08-20,consulting
AC-1019,AC-1006,6579,INR,2026-08-21,equipment
AC-1004,AC-1010,241598,INR,2026-08-22,freight
AC-1026,AC-1001,191368,INR,2026-08-23,freight
AC-1028,AC-1029,66707,INR,2026-08-24,equipment
AC-1027,AC-1022,90440,INR,2026-08-25,equipment
AC-1008,AC-1009,117168,INR,2026-08-26,invoice
AC-1011,AC-1015,183516,INR,2026-08-27,equipment
AC-1025,AC-1026,42348,INR,2026-08-28,consulting
AC-1018,AC-1025,226606,INR,2026-08-10,equipment
AC-1024,AC-1013,197728,INR,2026-08-11,equipment
AC-1025,AC-1027,45353,INR,2026-08-12,freight
AC-1028,AC-1003,87744,INR,2026-08-13,equipment
AC-1020,AC-1018,194199,INR,2026-08-14,consulting
AC-1011,AC-1027,80422,INR,2026-08-15,invoice
AC-1030,AC-1024,23956,INR,2026-08-16,freight
AC-1011,AC-1020,130586,INR,2026-08-17,consulting
AC-1025,AC-1013,53242,INR,2026-08-18,equipment
AC-1028,AC-1023,127505,INR,2026-08-19,equipment
AC-1011,AC-1026,115008,INR,2026-08-20,equipment
AC-1025,AC-1006,44432,INR,2026-08-21,equipment
AC-1001,AC-1004,50002,INR,2026-08-22,equipment
AC-1030,AC-1017,183810,INR,2026-08-23,equipment
AC-1025,AC-1018,141350,INR,2026-08-24,consulting
AC-1013,AC-1020,182606,INR,2026-08-25,invoice
AC-1007,AC-1003,23985,INR,2026-08-26,freight
AC-1028,AC-1009,38461,INR,2026-08-27,equipment
AC-1018,AC-1012,104257,INR,2026-08-28,consulting
AC-1030,AC-1013,27414,INR,2026-08-10,equipment
AC-1020,AC-1019,21801,INR,2026-08-11,equipment
AC-1008,AC-1015,216816,INR,2026-08-12,invoice
AC-1008,AC-1018,40885,INR,2026-08-13,equipment
AC-1001,AC-1016,59093,INR,2026-08-14,consulting
AC-1008,AC-1029,59450,INR,2026-08-15,freight
AC-1021,AC-1026,56864,INR,2026-08-16,consulting
AC-1001,AC-1010,64129,INR,2026-08-17,invoice
AC-1028,AC-1020,126937,INR,2026-08-18,freight
AC-1014,AC-1018,144750,INR,2026-08-19,consulting
AC-1014,AC-1006,222523,INR,2026-08-20,freight
AC-1021,AC-1019,233192,INR,2026-08-21,freight
AC-1024,AC-1009,185519,INR,2026-08-22,equipment
AC-1026,AC-1026,69339,INR,2026-08-23,freight
AC-1012,AC-1012,236193,INR,2026-08-24,consulting
AC-1011,AC-1018,93854,INR,2026-08-25,invoice
AC-1023,AC-1005,84571,INR,2026-08-26,consulting
AC-1026,AC-1018,152020,INR,2026-08-27,consulting
AC-1004,AC-1030,205828,INR,2026-08-28,freight
AC-1018,AC-1011,27724,INR,2026-08-10,consulting
AC-1024,AC-1012,188355,INR,2026-08-11,consulting
AC-1015,AC-1009,150788,INR,2026-08-12,invoice
AC-1015,AC-1020,115035,INR,2026-08-13,freight
AC-1019,AC-1014,17199,INR,2026-08-14,consulting
AC-1001,AC-1018,117813,INR,2026-08-15,invoice
AC-1029,AC-1012,125194,INR,2026-08-16,consulting
AC-1003,AC-1022,93157,INR,2026-08-17,invoice
AC-1024,AC-1009,149607,INR,2026-08-18,equipment
AC-1029,AC-1024,7479,INR,2026-08-19,freight
AC-1014,AC-1023,200623,INR,2026-08-20,consulting
AC-1013,AC-1007,173737,INR,2026-08-21,freight
AC-1010,AC-1018,183018,INR,2026-08-22,equipment
AC-1011,AC-1008,149634,INR,2026-08-23,freight
AC-1005,AC-1025,141706,INR,2026-08-24,equipment
AC-1028,AC-1001,160051,INR,2026-08-25,invoice
AC-1023,AC-1025,94189,INR,2026-08-26,invoice
AC-1025,AC-1003,161167,INR,2026-08-27,invoice
AC-1017,AC-1014,191714,INR,2026-08-28,consulting
AC-1024,AC-1007,65471,INR,2026-08-10,consulting
AC-1027,AC-1006,7979,INR,2026-08-11,freight
AC-1024,AC-1004,87226,INR,2026-08-12,invoice
AC-1004,AC-1013,150721,INR,2026-08-13,freight
AC-1026,AC-1014,100203,INR,2026-08-14,freight
AC-1005,AC-1028,90242,INR,2026-08-15,consulting
AC-1004,AC-1010,93352,INR,2026-08-16,consulting
AC-1023,AC-1014,230691,INR,2026-08-17,equipment
AC-1016,AC-1003,48632,INR,2026-08-18,equipment
AC-1013,AC-1007,59662,INR,2026-08-19,equipment
AC-1021,AC-1021,21632,INR,2026-08-20,equipment
AC-1015,AC-1025,24898,INR,2026-08-21,equipment
AC-1001,AC-1029,159151,INR,2026-08-22,invoice
AC-1018,AC-1002,179218,INR,2026-08-23,equipment
AC-1004,AC-1006,703,INR,2026-08-24,invoice
AC-1001,AC-1011,101110,INR,2026-08-25,equipment
AC-1001,AC-1026,237528,INR,2026-08-26,equipment
AC-1028,AC-1003,45441,INR,2026-08-27,consulting
AC-1021,AC-1020,130850,INR,2026-08-28,consulting
AC-1018,AC-1007,90754,INR,2026-08-10,invoice
AC-1028,AC-1022,239486,INR,2026-08-11,consulting
AC-1020,AC-1012,150716,INR,2026-08-12,consulting
AC-1029,AC-1015,185420,INR,2026-08-13,consulting
AC-1017,AC-1005,213729,INR,2026-08-14,freight
AC-1001,AC-1020,10414,INR,2026-08-15,invoice
AC-1026,AC-1030,81951,INR,2026-08-16,equipment
AC-1004,AC-1012,179302,INR,2026-08-17,consulting
AC-1019,AC-1017,44129,INR,2026-08-18,invoice
AC-1016,AC-1007,158454,INR,2026-08-19,consulting
AC-1020,AC-1030,88696,INR,2026-08-20,freight
AC-1030,AC-1022,143899,INR,2026-08-21,freight
AC-1026,AC-1015,247716,INR,2026-08-22,invoice
AC-1022,AC-1018,17410,INR,2026-08-23,equipment
AC-1008,AC-1012,37312,INR,2026-08-24,consulting
AC-1027,AC-1016,49622,INR,2026-08-25,freight
AC-1002,AC-1012,15617,INR,2026-08-26,freight
AC-1026,AC-1027,238714,INR,2026-08-27,invoice
AC-1028,AC-1017,24092,INR,2026-08-28,equipment
AC-1030,AC-1017,147836,INR,2026-08-10,freight
AC-1025,AC-1018,168860,INR,2026-08-11,consulting
AC-1010,AC-1011,35764,INR,2026-08-12,freight
AC-1025,AC-1007,77047,INR,2026-08-13,freight
AC-1013,AC-1014,99095,INR,2026-08-14,invoice
AC-1016,AC-1001,129025,INR,2026-08-15,invoice
AC-1011,AC-1018,127155,INR,2026-08-16,freight
AC-1010,AC-1016,206389,INR,2026-08-17,equipment
AC-1025,AC-1022,183462,INR,2026-08-18,invoice
AC-1017,AC-1027,11163,INR,2026-08-19,consulting
AC-1003,AC-1010,234106,INR,2026-08-20,consulting
AC-1021,AC-1011,194041,INR,2026-08-21,invoice
AC-1018,AC-1001,12625,INR,2026-08-22,equipment
AC-1013,AC-1007,92463,INR,2026-08-23,invoice
AC-1027,AC-1027,179599,INR,2026-08-24,freight
AC-1024,AC-1017,137609,INR,2026-08-25,consulting
AC-1017,AC-1012,178805,INR,2026-08-26,invoice
AC-1030,AC-1007,26110,INR,2026-08-27,freight
AC-1006,AC-1029,58332,INR,2026-08-28,equipment
AC-1003,AC-1023,53624,INR,2026-08-10,freight
AC-1007,AC-1019,168132,INR,2026-08-11,invoice
AC-1002,AC-1030,100254,INR,2026-08-12,consulting
AC-1029,AC-1023,30745,INR,2026-08-13,equipment
AC-1001,AC-1029,63266,INR,2026-08-14,equipment
AC-1006,AC-1013,216930,INR,2026-08-15,consulting
AC-1012,AC-1030,219870,INR,2026-08-16,freight
AC-1002,AC-1005,37387,INR,2026-08-17,consulting
AC-1020,AC-1022,67931,INR,2026-08-18,freight
AC-1022,AC-1019,186417,INR,2026-08-19,equipment
AC-1007,AC-1029,171518,INR,2026-08-20,equipment
AC-1014,AC-1023,2931,INR,2026-08-21,freight
AC-1027,AC-1014,99112,INR,2026-08-22,equipment
AC-1027,AC-1029,49925,INR,2026-08-23,freight
AC-1009,AC-1020,2984,INR,2026-08-24,freight
AC-1002,AC-1023,201347,INR,2026-08-25,freight
AC-1005,AC-1022,180998,INR,2026-08-26,consulting
AC-1003,AC-1021,30234,INR,2026-08-27,invoice
AC-1006,AC-1029,207655,INR,2026-08-28,freight
AC-1003,AC-1006,141005,INR,2026-08-10,equipment
AC-1006,AC-1024,67489,INR,2026-08-11,freight
AC-1010,AC-1018,75338,INR,2026-08-12,equipment
AC-1028,AC-1019,68800,INR,2026-08-13,invoice
AC-1025,AC-1004,103772,INR,2026-08-14,consulting
AC-1003,AC-1018,222142,INR,2026-08-15,freight
AC-1007,AC-1005,136099,INR,2026-08-16,invoice
AC-1016,AC-1016,28913,INR,2026-08-17,invoice
AC-1008,AC-1002,218640,INR,2026-08-18,freight
AC-1006,AC-1003,200145,INR,2026-08-19,invoice
AC-1008,AC-1014,161552,INR,2026-08-20,equipment
AC-1015,AC-1024,37673,INR,2026-08-21,freight
AC-1020,AC-1025,11011,INR,2026-08-22,consulting
AC-1025,AC-1007,190280,INR,2026-08-23,equipment
AC-1002,AC-1019,3975,INR,2026-08-24,consulting
AC-1011,AC-1028,249395,INR,2026-08-25,equipment
AC-1030,AC-1006,92031,INR,2026-08-26,freight
AC-1007,AC-1029,169106,INR,2026-08-27,invoice
AC-1013,AC-1013,40383,INR,2026-08-28,equipment
AC-1017,AC-1003,59294,INR,2026-08-10,consulting
AC-1021,AC-1007,88301,INR,2026-08-11,freight
AC-1001,AC-1028,115732,INR,2026-08-12,invoice
AC-1027,AC-1008,157971,INR,2026-08-13,equipment
AC-1018,AC-1006,37831,INR,2026-08-14,equipment
AC-1002,AC-1004,179756,INR,2026-08-15,invoice
AC-1014,AC-1017,140306,INR,2026-08-16,invoice
AC-1020,AC-1024,44792,INR,2026-08-17,equipment
AC-1012,AC-1002,37864,INR,2026-08-18,invoice
AC-1022,AC-1008,1797,INR,2026-08-19,freight
AC-1001,AC-1019,15563,INR,2026-08-20,freight
AC-1025,AC-1019,31613,INR,2026-08-21,consulting
AC-1025,AC-1021,9476,INR,2026-08-22,invoice
AC-1001,AC-1021,216256,INR,2026-08-23,freight
AC-1030,AC-1019,169277,INR,2026-08-24,freight
AC-1010,AC-1022,161743,INR,2026-08-25,freight
AC-1015,AC-1030,196351,INR,2026-08-26,consulting
AC-1022,AC-1016,160841,INR,2026-08-27,equipment
AC-1012,AC-1021,119521,INR,2026-08-28,freight
AC-1030,AC-1029,40394,INR,2026-08-10,freight
AC-1018,AC-1029,94657,INR,2026-08-11,consulting
AC-1005,AC-1010,167260,INR,2026-08-12,consulting
AC-1013,AC-1009,231444,INR,2026-08-13,consulting
AC-1012,AC-1024,5738,INR,2026-08-14,freight
AC-1026,AC-1010,37994,INR,2026-08-15,invoice
AC-1015,AC-1014,186552,INR,2026-08-16,consulting
AC-1013,AC-1005,220486,INR,2026-08-17,equipment
AC-1007,AC-1013,110649,INR,2026-08-18,freight
AC-1015,AC-1024,118820,INR,2026-08-19,freight
AC-1013,AC-1015,95555,INR,2026-08-20,equipment
AC-1011,AC-1022,104814,INR,2026-08-21,consulting
AC-1024,AC-1017,54229,INR,2026-08-22,consulting
AC-1007,AC-1023,50310,INR,2026-08-23,consulting
AC-1028,AC-1024,173088,INR,2026-08-24,equipment
AC-1029,AC-1015,143958,INR,2026-08-25,freight
AC-1012,AC-1021,80701,INR,2026-08-26,consulting
AC-1013,AC-1005,123518,INR,2026-08-27,invoice
AC-1018,AC-1021,118822,INR,2026-08-28,equipment
AC-1029,AC-1027,203300,INR,2026-08-10,freight
AC-1002,AC-1007,57181,INR,2026-08-11,equipment
AC-1018,AC-1029,41333,INR,2026-08-12,freight
AC-1030,AC-1017,113439,INR,2026-08-13,consulting
AC-1015,AC-1001,182169,INR,2026-08-14,consulting
AC-1013,AC-1019,175098,INR,2026-08-15,consulting
AC-1009,AC-1024,178673,INR,2026-08-16,consulting
AC-1021,AC-1013,151000,INR,2026-08-17,consulting
AC-1005,AC-1014,83216,INR,2026-08-18,freight
AC-1008,AC-1028,193834,INR,2026-08-19,consulting
AC-1025,AC-1030,127831,INR,2026-08-20,equipment
AC-1020,AC-1030,200368,INR,2026-08-21,invoice
AC-1022,AC-1004,206547,INR,2026-08-22,invoice
AC-1003,AC-1001,2522,INR,2026-08-23,invoice
AC-1011,AC-1028,23829,INR,2026-08-24,equipment
AC-1030,AC-1029,93755,INR,2026-08-25,consulting
AC-1024,AC-1005,56089,INR,2026-08-26,equipment
AC-1027,AC-1003,95392,INR,2026-08-27,equipment
AC-1019,AC-1029,217371,INR,2026-08-28,freight
AC-1016,AC-1011,184695,INR,2026-08-10,consulting
AC-1010,AC-1010,26857,INR,2026-08-11,consulting
AC-1029,AC-1029,40100,INR,2026-08-12,consulting
AC-1014,AC-1004,139790,INR,2026-08-13,freight
AC-1006,AC-1018,145037,INR,2026-08-14,freight
AC-1023,AC-1009,181119,INR,2026-08-15,consulting
AC-1004,AC-1022,248081,INR,2026-08-16,consulting
AC-1030,AC-1015,25696,INR,2026-08-17,invoice
AC-1005,AC-1029,100113,INR,2026-08-18,freight
AC-1013,AC-1016,44934,INR,2026-08-19,invoice
AC-1019,AC-1023,214671,INR,2026-08-20,equipment
AC-1030,AC-1015,153575,INR,2026-08-21,consulting
AC-1015,AC-1029,5455,INR,2026-08-22,freight
AC-1022,AC-1019,90382,INR,2026-08-23,equipment
AC-1003,AC-1029,97234,INR,2026-08-24,invoice
AC-1006,AC-1005,163836,INR,2026-08-25,equipment
AC-1022,AC-1013,240574,INR,2026-08-26,consulting
AC-1004,AC-1030,207597,INR,2026-08-27,consulting
AC-1021,AC-1011,76887,INR,2026-08-28,invoice
AC-1012,AC-1020,209786,INR,2026-08-10,freight
AC-1001,AC-1020,233832,INR,2026-08-11,freight
AC-1006,AC-1012,223400,INR,2026-08-12,equipment
AC-1007,AC-1017,73714,INR,2026-08-13,invoice
AC-1016,AC-1011,237704,INR,2026-08-14,consulting
AC-1002,AC-1021,62851,INR,2026-08-15,equipment
AC-1009,AC-1015,113745,INR,2026-08-16,equipment
AC-1002,AC-1009,196857,INR,2026-08-17,freight
AC-1022,AC-1003,87522,INR,2026-08-18,invoice
AC-1005,AC-1028,243138,INR,2026-08-19,invoice
AC-1024,AC-1019,5286,INR,2026-08-20,equipment
AC-1013,AC-1007,237368,INR,2026-08-21,freight
AC-1013,AC-1013,9682,INR,2026-08-22,equipment
AC-1023,AC-1013,88234,INR,2026-08-23,equipment
AC-1026,AC-1017,224023,INR,2026-08-24,freight
AC-1014,AC-1023,89936,INR,2026-08-25,consulting
AC-1012,AC-1024,68823,INR,2026-08-26,consulting
AC-1016,AC-1010,70156,INR,2026-08-27,invoice
AC-1030,AC-1015,241101,INR,2026-08-28,invoice
AC-1026,AC-1022,239677,INR,2026-08-10,equipment
AC-1028,AC-1017,235083,INR,2026-08-11,invoice
AC-1001,AC-1026,33942,INR,2026-08-12,invoice
AC-1008,AC-1003,46677,INR,2026-08-13,equipment
AC-1003,AC-1005,150172,INR,2026-08-14,consulting
AC-1025,AC-1003,226661,INR,2026-08-15,invoice
AC-1001,AC-1024,3775,INR,2026-08-16,equipment
AC-1028,AC-1030,162113,INR,2026-08-17,invoice
AC-1005,AC-1019,164385,INR,2026-08-18,freight
AC-1021,AC-1028,86993,INR,2026-08-19,invoice
AC-1020,AC-1004,14973,INR,2026-08-20,consulting
AC-1007,AC-1030,195826,INR,2026-08-21,invoice
AC-1006,AC-1003,188536,INR,2026-08-22,invoice
AC-1001,AC-1014,207761,INR,2026-08-23,consulting
AC-1007,AC-1002,188201,INR,2026-08-24,invoice
AC-1013,AC-1011,164208,INR,2026-08-25,consulting
AC-1016,AC-1027,51970,INR,2026-08-26,freight
AC-1020,AC-1023,49025,INR,2026-08-27,freight
AC-1010,AC-1024,177501,INR,2026-08-28,invoice
AC-1015,AC-1006,133310,INR,2026-08-10,invoice
AC-1003,AC-1006,52081,INR,2026-08-11,equipment
AC-1005,AC-1029,142331,INR,2026-08-12,consulting
AC-1023,AC-1004,184502,INR,2026-08-13,invoice
AC-1007,AC-1006,222709,INR,2026-08-14,equipment
AC-1025,AC-1008,42828,INR,2026-08-15,freight
AC-1021,AC-1027,155520,INR,2026-08-16,equipment
AC-1020,AC-1014,133066,INR,2026-08-17,equipment
AC-1007,AC-1014,66034,INR,2026-08-18,equipment
AC-1024,AC-1008,139330,INR,2026-08-19,invoice
AC-1021,AC-1029,179433,INR,2026-08-20,equipment
AC-1010,AC-1025,42524,INR,2026-08-21,invoice
AC-1002,AC-1003,129728,INR,2026-08-22,equipment
AC-1029,AC-1024,16084,INR,2026-08-23,freight
AC-1003,AC-1022,200641,INR,2026-08-24,freight
AC-1001,AC-1024,177066,INR,2026-08-25,invoice
AC-1011,AC-1019,202464,INR,2026-08-26,equipment
AC-1023,AC-1022,158979,INR,2026-08-27,invoice
AC-1019,AC-1009,190867,INR,2026-08-28,equipment
AC-1015,AC-1012,194811,INR,2026-08-10,freight
AC-1012,AC-1016,78957,INR,2026-08-11,freight
AC-1011,AC-1018,195539,INR,2026-08-12,consulting
AC-1008,AC-1019,44959,INR,2026-08-13,invoice
AC-1023,AC-1012,107658,INR,2026-08-14,freight
AC-1029,AC-1015,85281,INR,2026-08-15,freight
AC-1015,AC-1028,235940,INR,2026-08-16,freight
AC-1015,AC-1005,37496,INR,2026-08-17,freight
AC-1014,AC-1001,229196,INR,2026-08-18,consulting
AC-1026,AC-1011,100246,INR,2026-08-19,consulting
AC-1013,AC-1012,3906,INR,2026-08-20,freight
AC-1026,AC-1027,173729,INR,2026-08-21,consulting
AC-1005,AC-1019,248249,INR,2026-08-22,consulting
AC-1007,AC-1004,4546,INR,2026-08-23,freight
AC-1016,AC-1005,71262,INR,2026-08-24,equipment
AC-1007,AC-1001,130620,INR,2026-08-25,freight
AC-1006,AC-1010,217771,INR,2026-08-26,equipment
AC-1008,AC-1007,127792,INR,2026-08-27,freight
AC-1014,AC-1014,248587,INR,2026-08-28,consulting
AC-1016,AC-1022,15915,INR,2026-08-10,equipment
AC-1004,AC-1003,84996,INR,2026-08-11,freight
AC-1020,AC-1010,37337,INR,2026-08-12,consulting
AC-1017,AC-1016,210914,INR,2026-08-13,consulting
AC-1014,AC-1016,3649,INR,2026-08-14,equipment
AC-1021,AC-1006,89006,INR,2026-08-15,equipment
AC-1022,AC-1020,112709,INR,2026-08-16,invoice
AC-1020,AC-1005,139091,INR,2026-08-17,equipment
AC-1011,AC-1024,98122,INR,2026-08-18,consulting
AC-1012,AC-1019,124381,INR,2026-08-19,invoice
AC-1001,AC-1015,97245,INR,2026-08-20,freight
AC-1008,AC-1007,247865,INR,2026-08-21,equipment
AC-1023,AC-1008,238839,INR,2026-08-22,equipment
AC-1021,AC-1030,236661,INR,2026-08-23,freight
AC-1026,AC-1009,145738,INR,2026-08-24,equipment
AC-1019,AC-1026,87035,INR,2026-08-25,consulting
AC-1029,AC-1005,84616,INR,2026-08-26,consulting
AC-1023,AC-1019,159997,INR,2026-08-27,consulting
AC-1027,AC-1027,65549,INR,2026-08-28,freight
AC-1019,AC-1016,233704,INR,2026-08-10,invoice
AC-1011,AC-1017,231127,INR,2026-08-11,invoice
AC-1013,AC-1025,39140,INR,2026-08-12,equipment
AC-1003,AC-1017,128947,INR,2026-08-13,freight
AC-1020,AC-1029,233796,INR,2026-08-14,equipment
AC-1003,AC-1015,102375,INR,2026-08-15,consulting
AC-1026,AC-1025,72656,INR,2026-08-16,consulting
AC-1012,AC-1028,204134,INR,2026-08-17,invoice
AC-1016,AC-1008,58795,INR,2026-08-18,invoice
AC-1011,AC-1012,216476,INR,2026-08-19,freight
AC-1018,AC-1005,205688,INR,2026-08-20,equipment
AC-1011,AC-1016,82607,INR,2026-08-21,consulting
AC-1027,AC-1026,169553,INR,2026-08-22,consulting
AC-1030,AC-1020,158868,INR,2026-08-23,invoice
AC-1010,AC-1024,16126,INR,2026-08-24,consulting
AC-1017,AC-1026,132404,INR,2026-08-25,equipment
AC-1008,AC-1026,98818,INR,2026-08-26,freight
AC-1023,AC-1027,223780,INR,2026-08-27,invoice
AC-1010,AC-1009,53790,INR,2026-08-28,consulting
AC-1010,AC-1001,7805,INR,2026-08-10,freight
AC-1003,AC-1012,122131,INR,2026-08-11,consulting
AC-1015,AC-1021,100394,INR,2026-08-12,consulting
AC-1020,AC-1015,199076,INR,2026-08-13,equipment
AC-1004,AC-1030,71960,INR,2026-08-14,freight
AC-1009,AC-1007,185401,INR,2026-08-15,freight
AC-1010,AC-1006,153992,INR,2026-08-16,consulting
AC-1011,AC-1001,32733,INR,2026-08-17,invoice
AC-1028,AC-1011,145104,INR,2026-08-18,freight
AC-1012,AC-1005,82895,INR,2026-08-19,freight
AC-1018,AC-1001,165109,INR,2026-08-20,freight
AC-1021,AC-1011,103937,INR,2026-08-21,consulting
AC-1011,AC-1020,219421,INR,2026-08-22,invoice
AC-1021,AC-1010,85188,INR,2026-08-23,invoice
AC-1029,AC-1017,14893,INR,2026-08-24,consulting
AC-1016,AC-1003,243244,INR,2026-08-25,invoice
AC-1005,AC-1005,27055,INR,2026-08-26,consulting
AC-1023,AC-1008,24330,INR,2026-08-27,equipment
AC-1012,AC-1011,21525,INR,2026-08-28,freight
AC-1011,AC-1025,18489,INR,2026-08-10,freight
AC-1013,AC-1018,16542,INR,2026-08-11,freight
AC-1021,AC-1026,104056,INR,2026-08-12,consulting
AC-1018,AC-1027,23704,INR,2026-08-13,consulting
AC-1015,AC-1006,30461,INR,2026-08-14,equipment
AC-1008,AC-1008,15064,INR,2026-08-15,invoice
AC-1002,AC-1021,221209,INR,2026-08-16,consulting
AC-1016,AC-1002,11306,INR,2026-08-17,consulting
AC-1025,AC-1008,249277,INR,2026-08-18,consulting
AC-1028,AC-1005,131475,INR,2026-08-19,equipment
AC-1011,AC-1013,198421,INR,2026-08-20,freight
AC-1001,AC-1017,200930,INR,2026-08-21,equipment
AC-1016,AC-1001,175792,INR,2026-08-22,freight
AC-1018,AC-1003,10769,INR,2026-08-23,consulting
AC-1019,AC-1002,54995,INR,2026-08-24,consulting
AC-1019,AC-1016,2124,INR,2026-08-25,equipment
AC-1023,AC-1003,152708,INR,2026-08-26,equipment
AC-1017,AC-1029,217576,INR,2026-08-27,consulting
AC-1013,AC-1007,40162,INR,2026-08-28,invoice
AC-1030,AC-1021,195351,INR,2026-08-10,equipment
AC-1009,AC-1018,98370,INR,2026-08-11,freight
AC-1006,AC-1027,53094,INR,2026-08-12,equipment
AC-1011,AC-1007,85986,INR,2026-08-13,equipment
AC-1013,AC-1004,170764,INR,2026-08-14,equipment
AC-1015,AC-1001,117046,INR,2026-08-15,freight
AC-1007,AC-1006,29791,INR,2026-08-16,invoice
AC-1013,AC-1026,28228,INR,2026-08-17,consulting
AC-1007,AC-1025,149726,INR,2026-08-18,equipment
AC-1027,AC-1023,176989,INR,2026-08-19,consulting
AC-1029,AC-1019,214647,INR,2026-08-20,equipment
AC-1012,AC-1015,14502,INR,2026-08-21,consulting
AC-1019,AC-1029,232085,INR,2026-08-22,equipment
AC-1007,AC-1017,6492,INR,2026-08-23,equipment
AC-1001,AC-1007,217721,INR,2026-08-24,consulting
AC-1028,AC-1011,54344,INR,2026-08-25,freight
AC-1024,AC-1013,188985,INR,2026-08-26,equipment
AC-1015,AC-1013,158011,INR,2026-08-27,consulting
AC-1030,AC-1016,126125,INR,2026-08-28,equipment
AC-1026,AC-1022,225001,INR,2026-08-10,consulting
AC-1003,AC-1020,28367,INR,2026-08-11,invoice
AC-1028,AC-1001,162589,INR,2026-08-12,invoice
AC-1028,AC-1001,248444,INR,2026-08-13,equipment
AC-1030,AC-1001,79796,INR,2026-08-14,freight
AC-1013,AC-1024,149176,INR,2026-08-15,consulting
AC-1004,AC-1002,96732,INR,2026-08-16,consulting
AC-1021,AC-1007,111180,INR,2026-08-17,equipment
AC-1003,AC-1009,109691,INR,2026-08-18,invoice
AC-1010,AC-1025,9423,INR,2026-08-19,invoice
AC-1010,AC-1005,69121,INR,2026-08-20,freight
AC-1030,AC-1030,232866,INR,2026-08-21,consulting
AC-1004,AC-1030,167159,INR,2026-08-22,invoice
AC-1029,AC-1030,244579,INR,2026-08-23,freight
AC-1006,AC-1001,29763,INR,2026-08-24,invoice
AC-1024,AC-1008,119589,INR,2026-08-25,equipment
AC-1009,AC-1001,184504,INR,2026-08-26,freight
AC-1003,AC-1024,181601,INR,2026-08-27,consulting
AC-1007,AC-1003,104462,INR,2026-08-28,freight
AC-1001,AC-1002,130646,INR,2026-08-10,freight
AC-1027,AC-1015,108364,INR,2026-08-11,consulting
AC-1001,AC-1019,235500,INR,2026-08-12,invoice
AC-1022,AC-1003,201978,INR,2026-08-13,equipment
AC-1023,AC-1010,188697,INR,2026-08-14,freight
AC-1007,AC-1026,70317,INR,2026-08-15,invoice
AC-1022,AC-1009,228837,INR,2026-08-16,consulting
AC-1008,AC-1023,117687,INR,2026-08-17,invoice
AC-1021,AC-1002,229238,INR,2026-08-18,freight
AC-1018,AC-1023,128314,INR,2026-08-19,consulting
AC-1023,AC-1028,194898,INR,2026-08-20,invoice
AC-1010,AC-1012,23427,INR,2026-08-21,equipment
AC-1015,AC-1027,124106,INR,2026-08-22,consulting
AC-1012,AC-1022,236656,INR,2026-08-23,equipment
AC-1024,AC-1018,142008,INR,2026-08-24,consulting
AC-1011,AC-1024,167842,INR,2026-08-25,equipment
AC-1014,AC-1006,152349,INR,2026-08-26,freight
AC-1012,AC-1015,91328,INR,2026-08-27,equipment
AC-1005,AC-1027,176583,INR,2026-08-28,freight
AC-1022,AC-1018,107159,INR,2026-08-10,equipment
AC-1014,AC-1003,158100,INR,2026-08-11,equipment
AC-1029,AC-1005,87492,INR,2026-08-12,equipment
AC-1021,AC-1015,118416,INR,2026-08-13,consulting
AC-1029,AC-1002,90284,INR,2026-08-14,consulting
AC-1020,AC-1011,141863,INR,2026-08-15,consulting
AC-1028,AC-1026,150640,INR,2026-08-16,consulting
AC-1027,AC-1026,54202,INR,2026-08-17,freight
AC-1003,AC-1027,110082,INR,2026-08-18,invoice
AC-1017,AC-1018,11254,INR,2026-08-19,invoice
AC-1019,AC-1001,67022,INR,2026-08-20,consulting
AC-1024,AC-1008,179559,INR,2026-08-21,equipment
AC-1016,AC-1004,85574,INR,2026-08-22,equipment
AC-1018,AC-1030,103786,INR,2026-08-23,freight
AC-1008,AC-1019,92297,INR,2026-08-24,freight
AC-1023,AC-1025,28149,INR,2026-08-25,consulting
AC-1021,AC-1021,119172,INR,2026-08-26,consulting
AC-1027,AC-1023,234930,INR,2026-08-27,consulting
AC-1023,AC-1001,234392,INR,2026-08-28,invoice
AC-1016,AC-1005,240332,INR,2026-08-10,invoice
AC-1023,AC-1010,63645,INR,2026-08-11,freight
AC-1010,AC-1027,55102,INR,2026-08-12,invoice
AC-1027,AC-1007,6411,INR,2026-08-13,invoice
AC-1001,AC-1010,31989,INR,2026-08-14,consulting
AC-1006,AC-1027,203691,INR,2026-08-15,invoice
AC-1003,AC-1009,118896,INR,2026-08-16,invoice
AC-1014,AC-1012,173680,INR,2026-08-17,freight
AC-1001,AC-1023,156896,INR,2026-08-18,equipment
AC-1011,AC-1013,98531,INR,2026-08-19,consulting
AC-1010,AC-1014,162584,INR,2026-08-20,freight
AC-1021,AC-1020,155789,INR,2026-08-21,invoice
AC-1022,AC-1016,8512,INR,2026-08-22,freight
AC-1011,AC-1012,8387,INR,2026-08-23,equipment
AC-1023,AC-1016,226001,INR,2026-08-24,freight
AC-1025,AC-1018,202045,INR,2026-08-25,invoice
AC-1014,AC-1023,154161,INR,2026-08-26,equipment
AC-1022,AC-1016,7413,INR,2026-08-27,freight
AC-1002,AC-1016,199230,INR,2026-08-28,invoice
AC-1016,AC-1009,142786,INR,2026-08-10,invoice
AC-1003,AC-1008,190115,INR,2026-08-11,invoice
AC-1015,AC-1013,196609,INR,2026-08-12,equipment
AC-1008,AC-1020,123268,INR,2026-08-13,invoice
AC-1011,AC-1010,145117,INR,2026-08-14,freight
AC-1007,AC-1020,107888,INR,2026-08-15,invoice
AC-1001,AC-1022,33905,INR,2026-08-16,invoice
AC-1030,AC-1017,116754,INR,2026-08-17,invoice
AC-1017,AC-1006,121669,INR,2026-08-18,equipment
AC-1023,AC-1019,102008,INR,2026-08-19,invoice
AC-1009,AC-1019,31096,INR,2026-08-20,freight
AC-1006,AC-1029,118667,INR,2026-08-21,equipment
AC-1028,AC-1006,10687,INR,2026-08-22,equipment
AC-1020,AC-1011,112115,INR,2026-08-23,invoice
AC-1022,AC-1005,219762,INR,2026-08-24,invoice
AC-1007,AC-1016,127716,INR,2026-08-25,consulting
AC-1001,AC-1013,203605,INR,2026-08-26,consulting
AC-1025,AC-1013,11751,INR,2026-08-27,equipment
AC-1006,AC-1008,89397,INR,2026-08-28,freight
AC-1008,AC-1023,116816,INR,2026-08-10,invoice
AC-1004,AC-1006,36741,INR,2026-08-11,consulting
AC-1024,AC-1020,147776,INR,2026-08-12,invoice
AC-1015,AC-1016,96371,INR,2026-08-13,freight
AC-1001,AC-1023,137921,INR,2026-08-14,equipment
AC-1021,AC-1018,28123,INR,2026-08-15,freight
AC-1016,AC-1002,73362,INR,2026-08-16,freight
AC-1018,AC-1023,110941,INR,2026-08-17,invoice
AC-1003,AC-1003,69135,INR,2026-08-18,equipment
AC-1016,AC-1013,133186,INR,2026-08-19,consulting
AC-1030,AC-1030,229765,INR,2026-08-20,consulting
AC-1004,AC-1001,42716,INR,2026-08-21,invoice
AC-1019,AC-1006,174481,INR,2026-08-22,consulting
AC-1015,AC-1022,143359,INR,2026-08-23,equipment
AC-1018,AC-1009,125523,INR,2026-08-24,invoice
AC-1026,AC-1022,48880,INR,2026-08-25,freight
AC-1004,AC-1018,10671,INR,2026-08-26,consulting
AC-1007,AC-1005,78983,INR,2026-08-27,consulting
AC-1024,AC-1023,102672,INR,2026-08-28,invoice
AC-1012,AC-1002,133994,INR,2026-08-10,invoice
AC-1004,AC-1017,174814,INR,2026-08-11,equipment
AC-1019,AC-1017,2571,INR,2026-08-12,equipment
AC-1029,AC-1026,36179,INR,2026-08-13,equipment
AC-1030,AC-1008,225847,INR,2026-08-14,freight
AC-1026,AC-1007,49707,INR,2026-08-15,freight
AC-1016,AC-1016,56380,INR,2026-08-16,invoice
AC-1006,AC-1013,145224,INR,2026-08-17,invoice
AC-1005,AC-1022,33530,INR,2026-08-18,consulting
AC-1028,AC-1025,18074,INR,2026-08-19,freight
AC-1017,AC-1003,148664,INR,2026-08-20,consulting
AC-1008,AC-1021,197752,INR,2026-08-21,freight
AC-1027,AC-1021,95073,INR,2026-08-22,consulting
AC-1027,AC-1009,106783,INR,2026-08-23,invoice
AC-1025,AC-1014,11498,INR,2026-08-24,equipment
AC-1025,AC-1013,7502,INR,2026-08-25,consulting
AC-1022,AC-1024,244248,INR,2026-08-26,equipment
AC-1013,AC-1015,159223,INR,2026-08-27,consulting
AC-1024,AC-1030,33627,INR,2026-08-28,freight
AC-1020,AC-1026,133824,INR,2026-08-10,freight
AC-1021,AC-1028,198281,INR,2026-08-11,consulting
AC-1008,AC-1020,136894,INR,2026-08-12,equipment
AC-1016,AC-1025,19925,INR,2026-08-13,freight
AC-1020,AC-1001,109647,INR,2026-08-14,invoice
AC-1018,AC-1003,184923,INR,2026-08-15,consulting
AC-1025,AC-1021,10722,INR,2026-08-16,equipment
AC-1009,AC-1013,73868,INR,2026-08-17,freight
AC-1021,AC-1026,240665,INR,2026-08-18,equipment
AC-1010,AC-1027,140573,INR,2026-08-19,equipment
AC-1030,AC-1010,224482,INR,2026-08-20,freight
AC-1017,AC-1016,101462,INR,2026-08-21,consulting
AC-1016,AC-1011,24101,INR,2026-08-22,freight
AC-1011,AC-1018,135777,INR,2026-08-23,invoice
AC-1009,AC-1021,70560,INR,2026-08-24,equipment
AC-1028,AC-1010,156077,INR,2026-08-25,consulting
AC-1011,AC-1030,237702,INR,2026-08-26,equipment
AC-1030,AC-1008,148627,INR,2026-08-27,consulting
AC-1012,AC-1010,50541,INR,2026-08-28,equipment
AC-1017,AC-1022,108132,INR,2026-08-10,equipment
AC-1009,AC-1020,111359,INR,2026-08-11,consulting
AC-1025,AC-1020,233702,INR,2026-08-12,consulting
AC-1026,AC-1025,180692,INR,2026-08-13,equipment
AC-1007,AC-1022,180075,INR,2026-08-14,equipment
AC-1023,AC-1018,145190,INR,2026-08-15,equipment
AC-1007,AC-1026,121541,INR,2026-08-16,consulting
AC-1004,AC-1024,189712,INR,2026-08-17,equipment
AC-1021,AC-1008,54181,INR,2026-08-18,equipment
AC-1006,AC-1029,169982,INR,2026-08-19,freight
AC-1012,AC-1008,102913,INR,2026-08-20,freight
AC-1023,AC-1009,244695,INR,2026-08-21,freight
AC-1018,AC-1011,38612,INR,2026-08-22,equipment
AC-1020,AC-1003,66450,INR,2026-08-23,invoice
AC-1013,AC-1027,144608,INR,2026-08-24,freight
AC-1001,AC-1003,49776,INR,2026-08-25,equipment
AC-1030,AC-1016,119462,INR,2026-08-26,equipment
AC-1017,AC-1019,110479,INR,2026-08-27,consulting
AC-1009,AC-1002,112370,INR,2026-08-28,freight
AC-1020,AC-1004,125127,INR,2026-08-10,freight
AC-1013,AC-1011,31561,INR,2026-08-11,consulting
AC-1006,AC-1004,94971,INR,2026-08-12,invoice
AC-1002,AC-1028,18673,INR,2026-08-13,equipment
AC-1004,AC-1018,140555,INR,2026-08-14,equipment
AC-1005,AC-1026,25387,INR,2026-08-15,freight
AC-1007,AC-1002,233901,INR,2026-08-16,invoice
AC-1001,AC-1004,88751,INR,2026-08-17,equipment
AC-1010,AC-1014,63342,INR,2026-08-18,consulting
AC-1008,AC-1020,158496,INR,2026-08-19,equipment
AC-1030,AC-1018,92931,INR,2026-08-20,consulting
AC-1005,AC-1001,145401,INR,2026-08-21,equipment
AC-1025,AC-1008,45297,INR,2026-08-22,freight
AC-1007,AC-1018,161808,INR,2026-08-23,invoice
AC-1006,AC-1003,149997,INR,2026-08-24,equipment
AC-1026,AC-1016,32903,INR,2026-08-25,invoice
AC-1008,AC-1028,106785,INR,2026-08-26,consulting
AC-1008,AC-1015,160054,INR,2026-08-27,consulting
AC-1029,AC-1006,240800,INR,2026-08-28,consulting
AC-1009,AC-1004,1080,INR,2026-08-10,consulting
AC-1022,AC-1010,114333,INR,2026-08-11,freight
AC-1015,AC-1007,61114,INR,2026-08-12,invoice
AC-1028,AC-1003,107344,INR,2026-08-13,freight
AC-1015,AC-1005,194017,INR,2026-08-14,freight
AC-1028,AC-1020,197039,INR,2026-08-15,freight
AC-1001,AC-1018,200804,INR,2026-08-16,equipment
AC-1007,AC-1029,176754,INR,2026-08-17,freight
AC-1014,AC-1026,229664,INR,2026-08-18,equipment
AC-1011,AC-1001,131068,INR,2026-08-19,freight
AC-1027,AC-1015,159254,INR,2026-08-20,consulting
AC-1012,AC-1005,184656,INR,2026-08-21,invoice
AC-1020,AC-1027,183470,INR,2026-08-22,freight
AC-1006,AC-1026,106157,INR,2026-08-23,consulting
AC-1007,AC-1011,92856,INR,2026-08-24,freight
AC-1009,AC-1008,187665,INR,2026-08-25,equipment
AC-1029,AC-1008,99718,INR,2026-08-26,freight
AC-1001,AC-1022,245424,INR,2026-08-27,consulting
AC-1021,AC-1023,17209,INR,2026-08-28,freight
AC-1023,AC-1026,5985,INR,2026-08-10,freight
AC-1019,AC-1012,94496,INR,2026-08-11,freight
AC-1001,AC-1016,114621,INR,2026-08-12,freight
AC-1030,AC-1014,23701,INR,2026-08-13,freight
AC-1009,AC-1012,60164,INR,2026-08-14,equipment
AC-1012,AC-1030,68370,INR,2026-08-15,freight
AC-1006,AC-1006,57695,INR,2026-08-16,consulting
AC-1028,AC-1002,100243,INR,2026-08-17,equipment
AC-1002,AC-1025,60170,INR,2026-08-18,invoice
AC-1023,AC-1030,41866,INR,2026-08-19,invoice
AC-1020,AC-1023,145169,INR,2026-08-20,invoice
AC-1009,AC-1003,137942,INR,2026-08-21,equipment
AC-1015,AC-1005,77098,INR,2026-08-22,consulting
AC-1028,AC-1014,73260,INR,2026-08-23,consulting
AC-1008,AC-1014,81933,INR,2026-08-24,consulting
AC-1017,AC-1003,61019,INR,2026-08-25,invoice
AC-1020,AC-1002,150356,INR,2026-08-26,consulting
AC-1010,AC-1018,123522,INR,2026-08-27,freight
AC-1029,AC-1006,62180,INR,2026-08-28,invoice
AC-1026,AC-1007,158226,INR,2026-08-10,invoice
AC-1003,AC-1025,26860,INR,2026-08-11,equipment
AC-1027,AC-1026,47103,INR,2026-08-12,invoice
AC-1025,AC-1015,145330,INR,2026-08-13,equipment
AC-1024,AC-1006,40284,INR,2026-08-14,consulting
AC-1008,AC-1026,2542,INR,2026-08-15,equipment
AC-1028,AC-1006,201143,INR,2026-08-16,equipment
AC-1017,AC-1027,5681,INR,2026-08-17,invoice
AC-1013,AC-1005,44028,INR,2026-08-18,invoice
AC-1016,AC-1005,222164,INR,2026-08-19,consulting
AC-1008,AC-1028,159887,INR,2026-08-20,equipment
AC-1019,AC-1026,73460,INR,2026-08-21,freight
AC-1008,AC-1015,46163,INR,2026-08-22,invoice
AC-1023,AC-1008,42740,INR,2026-08-23,invoice
AC-1003,AC-1013,35876,INR,2026-08-24,invoice
AC-1010,AC-1015,138896,INR,2026-08-25,freight
AC-1022,AC-1025,103801,INR,2026-08-26,freight
AC-1029,AC-1017,122571,INR,2026-08-27,equipment
AC-1026,AC-1020,151630,INR,2026-08-28,freight
AC-1025,AC-1009,137474,INR,2026-08-10,freight
AC-1006,AC-1017,225150,INR,2026-08-11,freight
AC-1005,AC-1026,9796,INR,2026-08-12,consulting
AC-1003,AC-1020,96588,INR,2026-08-13,equipment
AC-1004,AC-1020,237271,INR,2026-08-14,freight
AC-1013,AC-1013,78766,INR,2026-08-15,equipment
AC-1001,AC-1011,127972,INR,2026-08-16,consulting
AC-1025,AC-1001,56760,INR,2026-08-17,freight
AC-1025,AC-1021,196949,INR,2026-08-18,consulting
AC-1015,AC-1028,155027,INR,2026-08-19,consulting
AC-1021,AC-1026,79410,INR,2026-08-20,freight
AC-1008,AC-1005,4543,INR,2026-08-21,consulting
AC-1029,AC-1015,66551,INR,2026-08-22,freight
AC-1013,AC-1015,187129,INR,2026-08-23,freight
AC-1012,AC-1029,53908,INR,2026-08-24,freight
AC-1005,AC-1014,13710,INR,2026-08-25,consulting
AC-1005,AC-1029,168028,INR,2026-08-26,invoice
AC-1010,AC-1012,14174,INR,2026-08-27,equipment
AC-1015,AC-1030,101583,INR,2026-08-28,freight
AC-1003,AC-1020,77307,INR,2026-08-10,equipment
AC-1027,AC-1017,144850,INR,2026-08-11,freight
AC-1002,AC-1030,227955,INR,2026-08-12,freight
AC-1003,AC-1012,87138,INR,2026-08-13,consulting
AC-1010,AC-1030,133082,INR,2026-08-14,consulting
AC-1001,AC-1004,38507,INR,2026-08-15,equipment
AC-1002,AC-1001,133814,INR,2026-08-16,consulting
AC-1021,AC-1017,97575,INR,2026-08-17,invoice
AC-1015,AC-1013,87816,INR,2026-08-18,freight
AC-1012,AC-1020,85851,INR,2026-08-19,equipment
AC-1012,AC-1002,210286,INR,2026-08-20,invoice
AC-1029,AC-1015,199084,INR,2026-08-21,freight
AC-1014,AC-1025,134984,INR,2026-08-22,invoice
AC-1022,AC-1025,143902,INR,2026-08-23,invoice
AC-1005,AC-1030,216443,INR,2026-08-24,freight
AC-1011,AC-1022,187491,INR,2026-08-25,freight
AC-1024,AC-1024,166765,INR,2026-08-26,equipment
AC-1005,AC-1005,200032,INR,2026-08-27,consulting
AC-1003,AC-1020,100884,INR,2026-08-28,equipment
AC-1013,AC-1008,11231,INR,2026-08-10,invoice
AC-1010,AC-1001,35099,INR,2026-08-11,consulting
AC-1014,AC-1019,51017,INR,2026-08-12,freight
AC-1026,AC-1027,231766,INR,2026-08-13,consulting
AC-1014,AC-1018,149196,INR,2026-08-14,equipment
AC-1030,AC-1007,398,INR,2026-08-15,invoice
AC-1006,AC-1028,10070,INR,2026-08-16,equipment
AC-1024,AC-1016,206560,INR,2026-08-17,invoice
AC-1008,AC-1015,240146,INR,2026-08-18,consulting
AC-1030,AC-1022,129613,INR,2026-08-19,invoice
AC-1003,AC-1022,120733,INR,2026-08-20,equipment
AC-1020,AC-1024,97798,INR,2026-08-21,freight
AC-1009,AC-1019,146675,INR,2026-08-22,equipment
AC-1021,AC-1022,85848,INR,2026-08-23,consulting
AC-1022,AC-1022,219234,INR,2026-08-24,equipment
AC-1026,AC-1020,204275,INR,2026-08-25,consulting
AC-1008,AC-1027,6076,INR,2026-08-26,freight
AC-1016,AC-1009,86273,INR,2026-08-27,equipment
AC-1016,AC-1024,106342,INR,2026-08-28,invoice
AC-1019,AC-1010,210403,INR,2026-08-10,equipment
AC-1004,AC-1027,39039,INR,2026-08-11,consulting
AC-1028,AC-1026,57647,INR,2026-08-12,consulting
AC-1015,AC-1029,40425,INR,2026-08-13,invoice
AC-1023,AC-1018,132853,INR,2026-08-14,equipment
AC-1014,AC-1024,105068,INR,2026-08-15,freight
AC-1019,AC-1011,78653,INR,2026-08-16,invoice
AC-1008,AC-1006,163580,INR,2026-08-17,freight
AC-1030,AC-1022,17635,INR,2026-08-18,equipment
AC-1030,AC-1029,15166,INR,2026-08-19,freight
AC-1013,AC-1027,113540,INR,2026-08-20,consulting
AC-1014,AC-1016,8270,INR,2026-08-21,equipment
AC-1012,AC-1004,80992,INR,2026-08-22,consulting
AC-1016,AC-1029,129188,INR,2026-08-23,freight
AC-1019,AC-1007,106501,INR,2026-08-24,freight
AC-1028,AC-1008,75345,INR,2026-08-25,consulting
AC-1020,AC-1026,43476,INR,2026-08-26,equipment
AC-1006,AC-1020,86008,INR,2026-08-27,freight
AC-1028,AC-1003,26637,INR,2026-08-28,invoice
AC-1003,AC-1026,193562,INR,2026-08-10,invoice
AC-1005,AC-1018,112589,INR,2026-08-11,freight
AC-1029,AC-1003,245190,INR,2026-08-12,consulting
AC-1002,AC-1001,123774,INR,2026-08-13,consulting
AC-1002,AC-1005,76644,INR,2026-08-14,equipment
AC-1022,AC-1022,240920,INR,2026-08-15,equipment
AC-1022,AC-1019,23192,INR,2026-08-16,invoice
AC-1006,AC-1029,81453,INR,2026-08-17,equipment
AC-1004,AC-1002,153044,INR,2026-08-18,invoice
AC-1002,AC-1020,305,INR,2026-08-19,consulting
AC-1026,AC-1006,235407,INR,2026-08-20,freight
AC-1027,AC-1016,28440,INR,2026-08-21,equipment
AC-1019,AC-1010,161582,INR,2026-08-22,invoice
AC-1027,AC-1020,74815,INR,2026-08-23,consulting
AC-1003,AC-1015,159153,INR,2026-08-24,equipment
AC-1006,AC-1021,203693,INR,2026-08-25,invoice
AC-1016,AC-1020,58915,INR,2026-08-26,equipment
AC-1002,AC-1013,223637,INR,2026-08-27,equipment
AC-1022,AC-1006,182416,INR,2026-08-28,freight
AC-1026,AC-1015,94294,INR,2026-08-10,equipment
AC-1010,AC-1021,185233,INR,2026-08-11,freight
AC-1014,AC-1026,244174,INR,2026-08-12,consulting
AC-1026,AC-1028,81337,INR,2026-08-13,equipment
AC-1007,AC-1008,121173,INR,2026-08-14,consulting
AC-1023,AC-1005,9896,INR,2026-08-15,invoice
AC-1002,AC-1019,229663,INR,2026-08-16,invoice
AC-1005,AC-1004,117931,INR,2026-08-17,consulting
AC-1005,AC-1024,19502,INR,2026-08-18,equipment
AC-1025,AC-1011,180533,INR,2026-08-19,equipment
AC-1019,AC-1008,188637,INR,2026-08-20,freight
AC-1014,AC-1014,32393,INR,2026-08-21,equipment
AC-1030,AC-1023,55240,INR,2026-08-22,freight
AC-1021,AC-1002,95725,INR,2026-08-23,consulting
AC-1013,AC-1007,90712,INR,2026-08-24,invoice
AC-1002,AC-1002,220744,INR,2026-08-25,equipment
AC-1013,AC-1006,213246,INR,2026-08-26,freight
AC-1015,AC-1022,104449,INR,2026-08-27,equipment
AC-1015,AC-1005,214102,INR,2026-08-28,equipment
AC-1024,AC-1023,110966,INR,2026-08-10,equipment
AC-1030,AC-1025,148772,INR,2026-08-11,consulting
AC-1001,AC-1028,205562,INR,2026-08-12,consulting
AC-1009,AC-1014,24686,INR,2026-08-13,freight
AC-1029,AC-1011,39091,INR,2026-08-14,invoice
AC-1029,AC-1005,63170,INR,2026-08-15,freight
AC-1009,AC-1030,53270,INR,2026-08-16,consulting
AC-1014,AC-1002,202326,INR,2026-08-17,invoice
AC-1021,AC-1012,186730,INR,2026-08-18,equipment
AC-1026,AC-1020,98035,INR,2026-08-19,equipment
AC-1001,AC-1004,126812,INR,2026-08-20,consulting
AC-1007,AC-1005,87417,INR,2026-08-21,equipment
AC-1017,AC-1013,233449,INR,2026-08-22,consulting
AC-1014,AC-1025,249238,INR,2026-08-23,invoice
AC-1015,AC-1024,155170,INR,2026-08-24,equipment
AC-1018,AC-1025,119902,INR,2026-08-25,invoice
AC-1010,AC-1011,4946,INR,2026-08-26,freight
AC-1019,AC-1021,207825,INR,2026-08-27,invoice
AC-1016,AC-1027,230473,INR,2026-08-28,freight
AC-1030,AC-1015,239877,INR,2026-08-10,consulting
AC-1030,AC-1011,219088,INR,2026-08-11,consulting
AC-1015,AC-1009,78967,INR,2026-08-12,invoice
AC-1027,AC-1008,175475,INR,2026-08-13,equipment
AC-1013,AC-1009,1373,INR,2026-08-14,consulting
AC-1002,AC-1008,249813,INR,2026-08-15,freight
AC-1008,AC-1013,839,INR,2026-08-16,freight
AC-1002,AC-1003,210592,INR,2026-08-17,equipment
AC-1018,AC-1027,236046,INR,2026-08-18,freight
AC-1001,AC-1017,227934,INR,2026-08-19,equipment
AC-1025,AC-1020,174133,INR,2026-08-20,invoice
AC-1016,AC-1019,56195,INR,2026-08-21,equipment
AC-1025,AC-1004,224444,INR,2026-08-22,consulting
AC-1030,AC-1013,147248,INR,2026-08-23,equipment
AC-1006,AC-1018,172243,INR,2026-08-24,consulting
AC-1001,AC-1022,112840,INR,2026-08-25,invoice
AC-1011,AC-1021,64631,INR,2026-08-26,freight
AC-1001,AC-1004,34296,INR,2026-08-27,equipment
AC-1006,AC-1022,76879,INR,2026-08-28,equipment
AC-1014,AC-1006,237740,INR,2026-08-10,freight
AC-1007,AC-1024,43217,INR,2026-08-11,equipment
AC-1004,AC-1025,244500,INR,2026-08-12,equipment
AC-1010,AC-1018,181537,INR,2026-08-13,invoice
AC-1003,AC-1005,229159,INR,2026-08-14,invoice
AC-1028,AC-1030,1122,INR,2026-08-15,consulting
AC-1003,AC-1025,202189,INR,2026-08-16,equipment
AC-1006,AC-1004,200764,INR,2026-08-17,freight
AC-1011,AC-1004,131443,INR,2026-08-18,freight
AC-1017,AC-1004,126404,INR,2026-08-19,equipment
AC-1026,AC-1003,93641,INR,2026-08-20,invoice
AC-1012,AC-1006,101930,INR,2026-08-21,consulting
AC-1018,AC-1009,190387,INR,2026-08-22,invoice
AC-1030,AC-1030,162868,INR,2026-08-23,invoice
AC-1003,AC-1006,38473,INR,2026-08-24,equipment
AC-1006,AC-1017,213954,INR,2026-08-25,consulting
AC-1016,AC-1030,198775,INR,2026-08-26,equipment
AC-1001,AC-1011,223991,INR,2026-08-27,freight
AC-1026,AC-1025,113601,INR,2026-08-28,invoice
AC-1026,AC-1017,203637,INR,2026-08-10,freight
AC-1007,AC-1006,50095,INR,2026-08-11,freight
AC-1025,AC-1019,196264,INR,2026-08-12,invoice
AC-1024,AC-1008,219012,INR,2026-08-13,freight
AC-1018,AC-1025,120273,INR,2026-08-14,freight
AC-1011,AC-1021,96947,INR,2026-08-15,consulting
AC-1029,AC-1002,9786,INR,2026-08-16,freight
AC-1007,AC-1001,149918,INR,2026-08-17,equipment
AC-1001,AC-1022,245071,INR,2026-08-18,equipment
AC-1021,AC-1011,109179,INR,2026-08-19,invoice
AC-1011,AC-1028,121748,INR,2026-08-20,invoice
AC-1005,AC-1027,25409,INR,2026-08-21,invoice
AC-1019,AC-1005,124356,INR,2026-08-22,freight
AC-1018,AC-1018,190541,INR,2026-08-23,equipment
AC-1004,AC-1020,212804,INR,2026-08-24,invoice
AC-1026,AC-1027,167518,INR,2026-08-25,equipment
AC-1008,AC-1010,141042,INR,2026-08-26,freight
AC-1010,AC-1002,225341,INR,2026-08-27,invoice
AC-1002,AC-1010,174529,INR,2026-08-28,consulting
AC-1023,AC-1009,214079,INR,2026-08-10,freight
AC-1005,AC-1009,89363,INR,2026-08-11,freight
AC-1003,AC-1017,95614,INR,2026-08-12,invoice
AC-1016,AC-1010,193877,INR,2026-08-13,equipment
AC-1014,AC-1001,7104,INR,2026-08-14,equipment
AC-1011,AC-1006,186844,INR,2026-08-15,invoice
AC-1028,AC-1005,244413,INR,2026-08-16,invoice
AC-1012,AC-1004,25194,INR,2026-08-17,equipment
AC-1025,AC-1011,83693,INR,2026-08-18,invoice
AC-1006,AC-1019,55905,INR,2026-08-19,invoice
AC-1008,AC-1002,72736,INR,2026-08-20,equipment
AC-1027,AC-1025,144483,INR,2026-08-21,invoice
AC-1026,AC-1023,144150,INR,2026-08-22,equipment
AC-1030,AC-1018,172714,INR,2026-08-23,equipment
AC-1004,AC-1029,106064,INR,2026-08-24,invoice
AC-1010,AC-1030,230403,INR,2026-08-25,freight
AC-1003,AC-1022,87613,INR,2026-08-26,equipment
AC-1024,AC-1002,36135,INR,2026-08-27,invoice
AC-1004,AC-1019,1301,INR,2026-08-28,invoice
AC-1029,AC-1016,11397,INR,2026-08-10,freight
AC-1026,AC-1012,106677,INR,2026-08-11,invoice
AC-1009,AC-1006,155138,INR,2026-08-12,consulting
AC-1003,AC-1011,44389,INR,2026-08-13,consulting
AC-1021,AC-1030,149413,INR,2026-08-14,invoice
AC-1021,AC-1026,4665,INR,2026-08-15,freight
AC-1007,AC-1024,185890,INR,2026-08-16,consulting
AC-1006,AC-1024,215778,INR,2026-08-17,consulting
AC-1014,AC-1001,178877,INR,2026-08-18,equipment
AC-1019,AC-1026,191576,INR,2026-08-19,consulting
AC-1016,AC-1018,62617,INR,2026-08-20,invoice
AC-1014,AC-1007,161011,INR,2026-08-21,freight
AC-1007,AC-1027,138604,INR,2026-08-22,equipment
AC-1012,AC-1005,106292,INR,2026-08-23,freight
AC-1030,AC-1019,75659,INR,2026-08-24,equipment
AC-1008,AC-1020,224681,INR,2026-08-25,invoice
AC-1023,AC-1014,67096,INR,2026-08-26,freight
AC-1001,AC-1004,106561,INR,2026-08-27,consulting
AC-1024,AC-1009,181470,INR,2026-08-28,consulting
AC-1019,AC-1006,213752,INR,2026-08-10,invoice
AC-1022,AC-1008,34970,INR,2026-08-11,invoice
AC-1008,AC-1008,195515,INR,2026-08-12,invoice
AC-1024,AC-1003,179574,INR,2026-08-13,freight
AC-1005,AC-1007,72745,INR,2026-08-14,invoice
AC-1019,AC-1001,171129,INR,2026-08-15,consulting
AC-1023,AC-1004,217821,INR,2026-08-16,invoice
AC-1014,AC-1004,89734,INR,2026-08-17,consulting
AC-1015,AC-1005,38781,INR,2026-08-18,invoice
AC-1028,AC-1012,85476,INR,2026-08-19,freight
AC-1013,AC-1022,136267,INR,2026-08-20,equipment
AC-1015,AC-1022,53084,INR,2026-08-21,consulting
AC-1007,AC-1013,92833,INR,2026-08-22,consulting
AC-1028,AC-1022,225199,INR,2026-08-23,consulting
AC-1016,AC-1016,249062,INR,2026-08-24,equipment
AC-1014,AC-1002,66339,INR,2026-08-25,invoice
AC-1014,AC-1015,41827,INR,2026-08-26,invoice
AC-1026,AC-1029,218796,INR,2026-08-27,invoice
AC-1024,AC-1015,137687,INR,2026-08-28,equipment
AC-1007,AC-1014,29195,INR,2026-08-10,equipment
AC-1005,AC-1010,73474,INR,2026-08-11,consulting
AC-1014,AC-1025,3859,INR,2026-08-12,freight
AC-1026,AC-1025,139079,INR,2026-08-13,invoice
AC-1019,AC-1015,91434,INR,2026-08-14,equipment
AC-1021,AC-1008,118042,INR,2026-08-15,consulting
AC-1023,AC-1028,72500,INR,2026-08-16,freight
AC-1013,AC-1009,42313,INR,2026-08-17,freight
AC-1008,AC-1015,237439,INR,2026-08-18,consulting
AC-1001,AC-1025,61702,INR,2026-08-19,freight
AC-1013,AC-1008,248897,INR,2026-08-20,consulting
AC-1004,AC-1009,189319,INR,2026-08-21,equipment
AC-1017,AC-1009,181105,INR,2026-08-22,invoice
AC-1009,AC-1028,172817,INR,2026-08-23,equipment
AC-1024,AC-1013,5571,INR,2026-08-24,invoice
AC-1019,AC-1029,28330,INR,2026-08-25,consulting
AC-1029,AC-1010,66336,INR,2026-08-26,consulting
AC-1025,AC-1022,244403,INR,2026-08-27,consulting
AC-1021,AC-1016,138747,INR,2026-08-28,invoice
AC-1005,AC-1001,86069,INR,2026-08-10,freight
AC-1019,AC-1011,632,INR,2026-08-11,freight
AC-1007,AC-1006,28683,INR,2026-08-12,equipment
AC-1024,AC-1025,111621,INR,2026-08-13,equipment
AC-1023,AC-1026,71537,INR,2026-08-14,consulting
AC-1021,AC-1013,175843,INR,2026-08-15,equipment
AC-1004,AC-1013,123943,INR,2026-08-16,consulting
AC-1029,AC-1008,85372,INR,2026-08-17,invoice
AC-1028,AC-1011,93804,INR,2026-08-18,freight
AC-1025,AC-1008,139838,INR,2026-08-19,equipment
AC-1016,AC-1008,113187,INR,2026-08-20,invoice
AC-1023,AC-1003,27301,INR,2026-08-21,consulting
AC-1008,AC-1014,227411,INR,2026-08-22,invoice
AC-1007,AC-1015,108347,INR,2026-08-23,invoice
AC-1004,AC-1022,144053,INR,2026-08-24,freight
AC-1023,AC-1005,58113,INR,2026-08-25,consulting
AC-1007,AC-1012,25640,INR,2026-08-26,invoice
AC-1009,AC-1001,240951,INR,2026-08-27,freight
AC-1004,AC-1009,168813,INR,2026-08-28,freight
AC-1029,AC-1007,24755,INR,2026-08-10,equipment
AC-1030,AC-1008,160622,INR,2026-08-11,invoice
AC-1003,AC-1026,65869,INR,2026-08-12,consulting
AC-1002,AC-1016,180866,INR,2026-08-13,equipment
AC-1018,AC-1006,172556,INR,2026-08-14,invoice
AC-1030,AC-1027,128582,INR,2026-08-15,consulting
AC-1026,AC-1014,232894,INR,2026-08-16,equipment
AC-1004,AC-1003,132292,INR,2026-08-17,consulting
AC-1030,AC-1019,73039,INR,2026-08-18,invoice
AC-1014,AC-1023,91727,INR,2026-08-19,equipment
AC-1025,AC-1015,146077,INR,2026-08-20,consulting
AC-1001,AC-1024,25811,INR,2026-08-21,invoice
AC-1022,AC-1009,50724,INR,2026-08-22,consulting
AC-1027,AC-1006,61649,INR,2026-08-23,invoice
AC-1024,AC-1006,51592,INR,2026-08-24,consulting
AC-1007,AC-1005,77582,INR,2026-08-25,freight
AC-1002,AC-1022,118075,INR,2026-08-26,consulting
AC-1020,AC-1005,8505,INR,2026-08-27,invoice
AC-1024,AC-1030,190058,INR,2026-08-28,consulting
AC-1012,AC-1021,198585,INR,2026-08-10,equipment
AC-1027,AC-1022,113449,INR,2026-08-11,consulting
AC-1023,AC-1003,218778,INR,2026-08-12,consulting
AC-1016,AC-1013,2248,INR,2026-08-13,consulting
AC-1012,AC-1002,139980,INR,2026-08-14,consulting
AC-1022,AC-1027,234318,INR,2026-08-15,freight
AC-1004,AC-1003,200637,INR,2026-08-16,consulting
AC-1007,AC-1003,40551,INR,2026-08-17,freight
AC-1004,AC-1014,60348,INR,2026-08-18,consulting
AC-1009,AC-1023,136633,INR,2026-08-19,equipment
AC-1029,AC-1015,41510,INR,2026-08-20,consulting
AC-1015,AC-1014,45374,INR,2026-08-21,freight
AC-1009,AC-1011,68467,INR,2026-08-22,consulting
AC-1030,AC-1024,209520,INR,2026-08-23,invoice
AC-1007,AC-1013,77722,INR,2026-08-24,freight
AC-1025,AC-1018,122112,INR,2026-08-25,invoice
AC-1028,AC-1019,30487,INR,2026-08-26,consulting
AC-1029,AC-1002,60474,INR,2026-08-27,invoice
AC-1018,AC-1016,103693,INR,2026-08-28,consulting
AC-1002,AC-1017,47381,INR,2026-08-10,consulting
AC-1026,AC-1005,63291,INR,2026-08-11,invoice
AC-1017,AC-1028,159345,INR,2026-08-12,invoice
AC-1008,AC-1018,145026,INR,2026-08-13,invoice
AC-1011,AC-1017,141169,INR,2026-08-14,invoice
AC-1009,AC-1009,87301,INR,2026-08-15,consulting
AC-1027,AC-1006,11789,INR,2026-08-16,freight
AC-1016,AC-1028,219900,INR,2026-08-17,consulting
AC-1005,AC-1026,207351,INR,2026-08-18,consulting
AC-1023,AC-1021,23681,INR,2026-08-19,consulting
AC-1020,AC-1015,18976,INR,2026-08-20,freight
AC-1024,AC-1021,143571,INR,2026-08-21,invoice
AC-1024,AC-1025,84619,INR,2026-08-22,freight
AC-1006,AC-1022,72683,INR,2026-08-23,equipment
AC-1001,AC-1002,200915,INR,2026-08-24,invoice
AC-1025,AC-1001,203491,INR,2026-08-25,invoice
AC-1028,AC-1026,189803,INR,2026-08-26,invoice
AC-1003,AC-1011,43483,INR,2026-08-27,invoice
AC-1003,AC-1023,50167,INR,2026-08-28,freight
AC-1026,AC-1004,115325,INR,2026-08-10,equipment
AC-1002,AC-1026,165622,INR,2026-08-11,invoice
AC-1024,AC-1005,92875,INR,2026-08-12,equipment
AC-1013,AC-1022,30437,INR,2026-08-13,equipment
AC-1025,AC-1010,68618,INR,2026-08-14,consulting
AC-1003,AC-1018,213311,INR,2026-08-15,consulting
AC-1020,AC-1022,151345,INR,2026-08-16,freight
AC-1010,AC-1016,137147,INR,2026-08-17,invoice
AC-1005,AC-1006,216350,INR,2026-08-18,equipment
AC-1017,AC-1020,206900,INR,2026-08-19,invoice
AC-1011,AC-1013,123162,INR,2026-08-20,invoice
AC-1017,AC-1014,122753,INR,2026-08-21,invoice
AC-1002,AC-1020,13056,INR,2026-08-22,invoice
AC-1022,AC-1009,232455,INR,2026-08-23,consulting
AC-1013,AC-1012,167148,INR,2026-08-24,equipment
AC-1003,AC-1012,190015,INR,2026-08-25,equipment
AC-1017,AC-1005,106466,INR,2026-08-26,freight
AC-1019,AC-1004,62064,INR,2026-08-27,freight
AC-1005,AC-1026,70874,INR,2026-08-28,consulting
AC-1011,AC-1012,173612,INR,2026-08-10,invoice
AC-1012,AC-1010,215621,INR,2026-08-11,consulting
AC-1026,AC-1019,98639,INR,2026-08-12,invoice
AC-1018,AC-1023,10572,INR,2026-08-13,freight
AC-1002,AC-1014,54754,INR,2026-08-14,consulting
AC-1014,AC-1020,224651,INR,2026-08-15,freight
AC-1020,AC-1012,206432,INR,2026-08-16,invoice
AC-1025,AC-1020,204358,INR,2026-08-17,consulting
AC-1005,AC-1003,16165,INR,2026-08-18,equipment
AC-1026,AC-1002,243555,INR,2026-08-19,invoice
AC-1028,AC-1013,66523,INR,2026-08-20,invoice
AC-1029,AC-1018,240173,INR,2026-08-21,invoice
AC-1009,AC-1021,192476,INR,2026-08-22,equipment
AC-1028,AC-1021,46766,INR,2026-08-23,freight
AC-1016,AC-1029,244279,INR,2026-08-24,consulting
AC-1017,AC-1007,99363,INR,2026-08-25,consulting
AC-1017,AC-1021,17070,INR,2026-08-26,freight
AC-1009,AC-1008,40845,INR,2026-08-27,invoice
AC-1005,AC-1023,105129,INR,2026-08-28,equipment
AC-1024,AC-1006,137016,INR,2026-08-10,equipment
AC-1014,AC-1010,41824,INR,2026-08-11,invoice
AC-1008,AC-1029,110297,INR,2026-08-12,consulting
AC-1012,AC-1024,190364,INR,2026-08-13,freight
AC-1007,AC-1004,81405,INR,2026-08-14,equipment
AC-1003,AC-1015,229218,INR,2026-08-15,invoice
AC-1027,AC-1013,76697,INR,2026-08-16,freight
AC-1006,AC-1012,248275,INR,2026-08-17,equipment
AC-1025,AC-1010,227338,INR,2026-08-18,invoice
AC-1006,AC-1013,206992,INR,2026-08-19,consulting
AC-1024,AC-1022,96993,INR,2026-08-20,equipment
AC-1018,AC-1022,49259,INR,2026-08-21,equipment
AC-1007,AC-1028,239176,INR,2026-08-22,invoice
AC-1022,AC-1003,123413,INR,2026-08-23,freight
AC-1010,AC-1014,207892,INR,2026-08-24,equipment
AC-1028,AC-1010,134724,INR,2026-08-25,invoice
AC-1025,AC-1008,191819,INR,2026-08-26,invoice
AC-1012,AC-1008,146025,INR,2026-08-27,consulting
AC-1027,AC-1009,87164,INR,2026-08-28,consulting
AC-1015,AC-1020,218289,INR,2026-08-10,invoice
AC-1022,AC-1023,89360,INR,2026-08-11,invoice
AC-1010,AC-1022,167781,INR,2026-08-12,invoice
AC-1028,AC-1010,62854,INR,2026-08-13,consulting
AC-1030,AC-1007,55021,INR,2026-08-14,equipment
AC-1007,AC-1027,138193,INR,2026-08-15,equipment
AC-1019,AC-1011,231849,INR,2026-08-16,invoice
AC-1013,AC-1024,58414,INR,2026-08-17,consulting
AC-1026,AC-1004,23858,INR,2026-08-18,invoice
AC-1023,AC-1020,119458,INR,2026-08-19,freight
AC-1024,AC-1029,206655,INR,2026-08-20,invoice
AC-1018,AC-1002,159228,INR,2026-08-21,consulting
AC-1008,AC-1019,24214,INR,2026-08-22,consulting
AC-1016,AC-1007,35562,INR,2026-08-23,freight
AC-1021,AC-1011,59420,INR,2026-08-24,invoice
AC-1029,AC-1014,224334,INR,2026-08-25,invoice
AC-1024,AC-1003,22234,INR,2026-08-26,freight
AC-1025,AC-1011,102313,INR,2026-08-27,invoice
AC-1015,AC-1017,225268,INR,2026-08-28,freight
AC-1025,AC-1018,189068,INR,2026-08-10,invoice
AC-1001,AC-1030,48701,INR,2026-08-11,consulting
AC-1027,AC-1001,212766,INR,2026-08-12,invoice
AC-1019,AC-1004,87960,INR,2026-08-13,freight
AC-1004,AC-1018,33780,INR,2026-08-14,invoice
AC-1008,AC-1023,99154,INR,2026-08-15,equipment
AC-1016,AC-1021,184494,INR,2026-08-16,freight
AC-1009,AC-1024,74606,INR,2026-08-17,invoice
AC-1024,AC-1030,109173,INR,2026-08-18,invoice
AC-1029,AC-1020,178539,INR,2026-08-19,consulting
AC-1013,AC-1012,160090,INR,2026-08-20,equipment
AC-1005,AC-1029,15439,INR,2026-08-21,invoice
AC-1010,AC-1020,18839,INR,2026-08-22,invoice
AC-1028,AC-1017,167835,INR,2026-08-23,equipment
AC-1004,AC-1018,76859,INR,2026-08-24,consulting
AC-1008,AC-1013,139157,INR,2026-08-25,freight
AC-1011,AC-1027,7164,INR,2026-08-26,consulting
AC-1025,AC-1014,51290,INR,2026-08-27,consulting
AC-1027,AC-1024,41584,INR,2026-08-28,consulting
AC-1020,AC-1020,132856,INR,2026-08-10,consulting
AC-1003,AC-1008,118553,INR,2026-08-11,equipment
AC-1011,AC-1011,109896,INR,2026-08-12,invoice
AC-1003,AC-1009,245034,INR,2026-08-13,invoice
AC-1023,AC-1024,224980,INR,2026-08-14,equipment
AC-1005,AC-1017,140786,INR,2026-08-15,freight
AC-1024,AC-1002,217720,INR,2026-08-16,equipment
AC-1021,AC-1001,204202,INR,2026-08-17,equipment
AC-1008,AC-1016,245509,INR,2026-08-18,freight
AC-1014,AC-1014,207535,INR,2026-08-19,invoice
AC-1017,AC-1023,25411,INR,2026-08-20,invoice
AC-1024,AC-1005,112058,INR,2026-08-21,invoice
AC-1002,AC-1007,229581,INR,2026-08-22,invoice
AC-1017,AC-1029,53512,INR,2026-08-23,equipment
AC-1013,AC-1013,232126,INR,2026-08-24,invoice
AC-1027,AC-1028,200196,INR,2026-08-25,invoice
AC-1013,AC-1005,179794,INR,2026-08-26,freight
AC-1003,AC-1011,246746,INR,2026-08-27,consulting
AC-1004,AC-1006,201470,INR,2026-08-28,consulting
AC-1009,AC-1029,89518,INR,2026-08-10,equipment
AC-1002,AC-1027,112917,INR,2026-08-11,consulting
AC-1014,AC-1019,28764,INR,2026-08-12,freight
AC-1021,AC-1028,127460,INR,2026-08-13,freight
AC-1025,AC-1018,169110,INR,2026-08-14,consulting
AC-1020,AC-1007,137742,INR,2026-08-15,equipment
AC-1010,AC-1024,10825,INR,2026-08-16,invoice
AC-1008,AC-1010,235225,INR,2026-08-17,invoice
AC-1026,AC-1017,117541,INR,2026-08-18,consulting
AC-1011,AC-1010,62489,INR,2026-08-19,freight
AC-1028,AC-1022,239515,INR,2026-08-20,consulting
AC-1014,AC-1002,55814,INR,2026-08-21,consulting
AC-1021,AC-1012,161339,INR,2026-08-22,invoice
AC-1002,AC-1004,175106,INR,2026-08-23,equipment
AC-1015,AC-1023,182169,INR,2026-08-24,invoice
AC-1020,AC-1027,12699,INR,2026-08-25,equipment
AC-1019,AC-1019,185729,INR,2026-08-26,invoice
AC-1026,AC-1010,75161,INR,2026-08-27,consulting
AC-1030,AC-1001,187591,INR,2026-08-28,freight
AC-1009,AC-1019,211885,INR,2026-08-10,consulting
AC-1013,AC-1025,156972,INR,2026-08-11,freight
AC-1025,AC-1020,150383,INR,2026-08-12,freight
AC-1028,AC-1025,172418,INR,2026-08-13,equipment
AC-1027,AC-1018,168480,INR,2026-08-14,freight
AC-1003,AC-1029,137144,INR,2026-08-15,equipment
AC-1005,AC-1018,205647,INR,2026-08-16,equipment
AC-1019,AC-1013,167177,INR,2026-08-17,consulting
AC-1005,AC-1011,148450,INR,2026-08-18,invoice
AC-1010,AC-1001,202703,INR,2026-08-19,equipment
AC-1019,AC-1020,207946,INR,2026-08-20,consulting
AC-1006,AC-1029,50155,INR,2026-08-21,invoice
AC-1006,AC-1027,204810,INR,2026-08-22,consulting
AC-1010,AC-1025,37288,INR,2026-08-23,freight
AC-1013,AC-1019,147010,INR,2026-08-24,invoice
AC-1014,AC-1020,183666,INR,2026-08-25,invoice
AC-1018,AC-1016,40882,INR,2026-08-26,freight
AC-1021,AC-1004,120097,INR,2026-08-27,freight
AC-1029,AC-1001,168529,INR,2026-08-28,freight
AC-1006,AC-1024,56848,INR,2026-08-10,equipment
AC-1018,AC-1024,60047,INR,2026-08-11,consulting
AC-1011,AC-1022,173931,INR,2026-08-12,equipment
AC-1021,AC-1008,235792,INR,2026-08-13,consulting
AC-1022,AC-1029,147352,INR,2026-08-14,invoice
AC-1027,AC-1027,74882,INR,2026-08-15,invoice
AC-1029,AC-1012,107066,INR,2026-08-16,invoice
AC-1005,AC-1029,182477,INR,2026-08-17,freight
AC-1011,AC-1001,144233,INR,2026-08-18,consulting
AC-1013,AC-1019,200293,INR,2026-08-19,equipment
AC-1018,AC-1022,38683,INR,2026-08-20,freight
AC-1022,AC-1009,24759,INR,2026-08-21,freight
AC-1019,AC-1013,90615,INR,2026-08-22,freight
AC-1021,AC-1003,242329,INR,2026-08-23,consulting
AC-1001,AC-1018,126584,INR,2026-08-24,freight
AC-1004,AC-1022,217990,INR,2026-08-25,consulting
AC-1025,AC-1007,211861,INR,2026-08-26,equipment
AC-1019,AC-1011,242425,INR,2026-08-27,invoice
AC-1009,AC-1027,50592,INR,2026-08-28,equipment
AC-1013,AC-1018,39296,INR,2026-08-10,consulting
AC-1019,AC-1026,202925,INR,2026-08-11,equipment
AC-1028,AC-1017,71527,INR,2026-08-12,invoice
AC-1028,AC-1001,218492,INR,2026-08-13,consulting
AC-1016,AC-1025,58900,INR,2026-08-14,invoice
AC-1001,AC-1022,223651,INR,2026-08-15,freight
AC-1020,AC-1013,238103,INR,2026-08-16,freight
AC-1003,AC-1002,30864,INR,2026-08-17,freight
AC-1017,AC-1007,19925,INR,2026-08-18,invoice
AC-1022,AC-1007,213717,INR,2026-08-19,equipment
AC-1027,AC-1027,224238,INR,2026-08-20,invoice
AC-1002,AC-1003,98604,INR,2026-08-21,invoice
AC-1020,AC-1021,73452,INR,2026-08-22,invoice
AC-1010,AC-1021,159249,INR,2026-08-23,invoice
AC-1028,AC-1024,84501,INR,2026-08-24,invoice
AC-1015,AC-1014,203058,INR,2026-08-25,consulting
AC-1028,AC-1021,137038,INR,2026-08-26,consulting
AC-1028,AC-1019,249135,INR,2026-08-27,freight
AC-1021,AC-1014,164608,INR,2026-08-28,consulting
AC-1002,AC-1024,96813,INR,2026-08-10,consulting
AC-1021,AC-1009,71060,INR,2026-08-11,invoice
AC-1029,AC-1016,115763,INR,2026-08-12,freight
AC-1020,AC-1010,102679,INR,2026-08-13,consulting
AC-1002,AC-1023,247433,INR,2026-08-14,freight
AC-1029,AC-1005,190572,INR,2026-08-15,freight
AC-1025,AC-1028,108160,INR,2026-08-16,consulting
AC-1020,AC-1005,90571,INR,2026-08-17,invoice
AC-1018,AC-1026,24385,INR,2026-08-18,freight
AC-1024,AC-1021,216782,INR,2026-08-19,freight
AC-1030,AC-1013,242232,INR,2026-08-20,invoice
AC-1006,AC-1019,183562,INR,2026-08-21,invoice
AC-1025,AC-1025,69336,INR,2026-08-22,invoice
AC-1013,AC-1030,137608,INR,2026-08-23,equipment
AC-1003,AC-1007,52269,INR,2026-08-24,consulting
AC-1015,AC-1008,23629,INR,2026-08-25,consulting
AC-1030,AC-1011,94065,INR,2026-08-26,consulting
AC-1007,AC-1012,240326,INR,2026-08-27,freight
AC-1004,AC-1015,143036,INR,2026-08-28,invoice
AC-1015,AC-1001,53967,INR,2026-08-10,consulting
AC-1022,AC-1004,20853,INR,2026-08-11,consulting
AC-1001,AC-1013,29772,INR,2026-08-12,consulting
AC-1025,AC-1014,62633,INR,2026-08-13,equipment
AC-1005,AC-1015,130207,INR,2026-08-14,equipment
AC-1013,AC-1004,50158,INR,2026-08-15,consulting
AC-1015,AC-1003,233925,INR,2026-08-16,equipment
AC-1010,AC-1009,155584,INR,2026-08-17,invoice
AC-1024,AC-1006,226888,INR,2026-08-18,equipment
AC-1002,AC-1005,226774,INR,2026-08-19,freight
AC-1010,AC-1017,11522,INR,2026-08-20,invoice
AC-1014,AC-1009,74898,INR,2026-08-21,invoice
AC-1008,AC-1015,53960,INR,2026-08-22,equipment
AC-1027,AC-1004,104677,INR,2026-08-23,freight
AC-1018,AC-1004,243436,INR,2026-08-24,consulting
AC-1029,AC-1015,194476,INR,2026-08-25,freight
AC-1022,AC-1017,44897,INR,2026-08-26,consulting
AC-1003,AC-1001,218867,INR,2026-08-27,consulting
AC-1021,AC-1003,230460,INR,2026-08-28,freight
AC-1029,AC-1027,154651,INR,2026-08-10,consulting
AC-1004,AC-1021,50944,INR,2026-08-11,equipment
AC-1017,AC-1030,110315,INR,2026-08-12,consulting
AC-1019,AC-1018,89415,INR,2026-08-13,freight
AC-1026,AC-1024,180285,INR,2026-08-14,freight
AC-1008,AC-1025,111928,INR,2026-08-15,consulting
AC-1028,AC-1027,141639,INR,2026-08-16,consulting
AC-1029,AC-1004,222568,INR,2026-08-17,consulting
AC-1018,AC-1022,83727,INR,2026-08-18,freight
AC-1001,AC-1011,60256,INR,2026-08-19,freight
AC-1024,AC-1001,129441,INR,2026-08-20,freight
AC-1013,AC-1022,243285,INR,2026-08-21,invoice
AC-1015,AC-1016,183780,INR,2026-08-22,invoice
AC-1013,AC-1028,246192,INR,2026-08-23,freight
AC-1008,AC-1029,106440,INR,2026-08-24,consulting
AC-1028,AC-1026,4303,INR,2026-08-25,equipment
AC-1025,AC-1001,98846,INR,2026-08-26,consulting
AC-1003,AC-1022,220629,INR,2026-08-27,consulting
AC-1006,AC-1008,165184,INR,2026-08-28,equipment
AC-1011,AC-1022,41987,INR,2026-08-10,invoice
AC-1013,AC-1022,229219,INR,2026-08-11,equipment
AC-1001,AC-1025,88081,INR,2026-08-12,freight
AC-1030,AC-1004,180276,INR,2026-08-13,equipment
AC-1013,AC-1019,39660,INR,2026-08-14,invoice
AC-1017,AC-1021,202124,INR,2026-08-15,consulting
AC-1003,AC-1019,36620,INR,2026-08-16,equipment
AC-1019,AC-1013,119977,INR,2026-08-17,invoice
AC-1018,AC-1019,140302,INR,2026-08-18,equipment
AC-1008,AC-1014,163680,INR,2026-08-19,equipment
AC-1026,AC-1018,227811,INR,2026-08-20,invoice
AC-1006,AC-1005,234128,INR,2026-08-21,invoice
AC-1028,AC-1011,209541,INR,2026-08-22,invoice
AC-1020,AC-1023,191519,INR,2026-08-23,consulting
AC-1022,AC-1027,142406,INR,2026-08-24,freight
AC-1024,AC-1020,188141,INR,2026-08-25,equipment
AC-1017,AC-1010,170216,INR,2026-08-26,consulting
AC-1010,AC-1029,159003,INR,2026-08-27,equipment
AC-1028,AC-1024,160087,INR,2026-08-28,invoice
AC-1021,AC-1003,74585,INR,2026-08-10,equipment
AC-1015,AC-1021,143299,INR,2026-08-11,freight
AC-1026,AC-1025,239566,INR,2026-08-12,invoice
AC-1023,AC-1021,115961,INR,2026-08-13,invoice
AC-1012,AC-1030,47184,INR,2026-08-14,consulting
AC-1029,AC-1018,105541,INR,2026-08-15,freight
AC-1013,AC-1016,51627,INR,2026-08-16,consulting
AC-1001,AC-1030,161621,INR,2026-08-17,freight
AC-1009,AC-1013,204787,INR,2026-08-18,invoice
AC-1020,AC-1003,188838,INR,2026-08-19,freight
AC-1016,AC-1020,139762,INR,2026-08-20,freight
AC-1013,AC-1018,39549,INR,2026-08-21,freight
AC-1017,AC-1016,188610,INR,2026-08-22,consulting
AC-1027,AC-1027,34194,INR,2026-08-23,equipment
AC-1017,AC-1019,51670,INR,2026-08-24,freight
AC-1024,AC-1002,207482,INR,2026-08-25,equipment
AC-1022,AC-1017,421,INR,2026-08-26,freight
AC-1021,AC-1006,179121,INR,2026-08-27,consulting
AC-1012,AC-1002,182571,INR,2026-08-28,equipment
AC-1029,AC-1001,174200,INR,2026-08-10,equipment
AC-1025,AC-1013,100110,INR,2026-08-11,equipment
AC-1022,AC-1015,149460,INR,2026-08-12,invoice
AC-1001,AC-1022,32972,INR,2026-08-13,consulting
AC-1009,AC-1029,142271,INR,2026-08-14,consulting
AC-1025,AC-1024,90068,INR,2026-08-15,equipment
AC-1009,AC-1009,48105,INR,2026-08-16,freight
AC-1015,AC-1019,103552,INR,2026-08-17,consulting
AC-1005,AC-1012,216903,INR,2026-08-18,equipment
AC-1006,AC-1021,64901,INR,2026-08-19,consulting
AC-1022,AC-1018,194068,INR,2026-08-20,equipment
AC-1026,AC-1013,217910,INR,2026-08-21,consulting
AC-1028,AC-1007,143428,INR,2026-08-22,invoice
AC-1011,AC-1013,43352,INR,2026-08-23,equipment
AC-1003,AC-1022,178646,INR,2026-08-24,equipment
AC-1006,AC-1018,199872,INR,2026-08-25,equipment
AC-1024,AC-1030,126944,INR,2026-08-26,consulting
AC-1030,AC-1011,102244,INR,2026-08-27,consulting
AC-1019,AC-1006,106064,INR,2026-08-28,consulting
AC-1028,AC-1023,58516,INR,2026-08-10,equipment
AC-1017,AC-1020,205163,INR,2026-08-11,equipment
AC-1004,AC-1008,225811,INR,2026-08-12,invoice
AC-1018,AC-1023,102805,INR,2026-08-13,equipment
AC-1012,AC-1001,249713,INR,2026-08-14,freight
AC-1017,AC-1009,101510,INR,2026-08-15,equipment
AC-1001,AC-1020,84251,INR,2026-08-16,freight
AC-1025,AC-1022,75565,INR,2026-08-17,equipment
AC-1008,AC-1001,51147,INR,2026-08-18,equipment
AC-1021,AC-1020,31701,INR,2026-08-19,invoice
AC-1030,AC-1027,29923,INR,2026-08-20,freight
AC-1020,AC-1016,43455,INR,2026-08-21,invoice
AC-1007,AC-1017,218622,INR,2026-08-22,equipment
AC-1019,AC-1008,70801,INR,2026-08-23,invoice
AC-1003,AC-1027,95729,INR,2026-08-24,consulting
AC-1013,AC-1010,23373,INR,2026-08-25,equipment
AC-1010,AC-1015,28436,INR,2026-08-26,equipment
AC-1027,AC-1011,53280,INR,2026-08-27,invoice
AC-1007,AC-1024,45734,INR,2026-08-28,equipment
AC-1020,AC-1029,56471,INR,2026-08-10,freight
AC-1016,AC-1024,221991,INR,2026-08-11,invoice
AC-1008,AC-1026,111988,INR,2026-08-12,freight
AC-1028,AC-1011,12254,INR,2026-08-13,invoice
AC-1020,AC-1009,222182,INR,2026-08-14,consulting
AC-1023,AC-1028,168890,INR,2026-08-15,invoice
AC-1010,AC-1025,207987,INR,2026-08-16,invoice
AC-1002,AC-1025,93012,INR,2026-08-17,consulting
AC-1015,AC-1013,161656,INR,2026-08-18,invoice
AC-1023,AC-1019,137540,INR,2026-08-19,freight
AC-1018,AC-1002,158865,INR,2026-08-20,consulting
AC-1025,AC-1016,2013,INR,2026-08-21,equipment
AC-1012,AC-1005,61856,INR,2026-08-22,equipment
AC-1013,AC-1006,233606,INR,2026-08-23,consulting
AC-1030,AC-1011,146370,INR,2026-08-24,freight
AC-1014,AC-1002,85303,INR,2026-08-25,freight
AC-1026,AC-1025,118157,INR,2026-08-26,freight
AC-1009,AC-1010,226373,INR,2026-08-27,consulting
AC-1005,AC-1016,185350,INR,2026-08-28,equipment
AC-1017,AC-1011,194446,INR,2026-08-10,equipment
AC-1018,AC-1021,89257,INR,2026-08-11,freight
AC-1012,AC-1026,227474,INR,2026-08-12,equipment
AC-1026,AC-1023,220864,INR,2026-08-13,equipment
AC-1006,AC-1017,34039,INR,2026-08-14,equipment
AC-1020,AC-1030,31355,INR,2026-08-15,invoice
AC-1026,AC-1023,112475,INR,2026-08-16,equipment
AC-1001,AC-1005,244718,INR,2026-08-17,invoice
AC-1029,AC-1002,11489,INR,2026-08-18,consulting
AC-1026,AC-1010,97899,INR,2026-08-19,consulting
AC-1019,AC-1021,230519,INR,2026-08-20,consulting
AC-1003,AC-1008,34624,INR,2026-08-21,invoice
AC-1026,AC-1011,227918,INR,2026-08-22,equipment
AC-1003,AC-1007,1710,INR,2026-08-23,equipment
AC-1011,AC-1016,9107,INR,2026-08-24,consulting
AC-1021,AC-1021,111840,INR,2026-08-25,consulting
AC-1022,AC-1004,74675,INR,2026-08-26,equipment
AC-1010,AC-1028,136514,INR,2026-08-27,freight
AC-1013,AC-1019,162769,INR,2026-08-28,freight
AC-1005,AC-1016,223162,INR,2026-08-10,consulting
AC-1014,AC-1015,235883,INR,2026-08-11,freight
AC-1024,AC-1010,168846,INR,2026-08-12,freight
AC-1005,AC-1024,1918,INR,2026-08-13,consulting
AC-1012,AC-1028,135336,INR,2026-08-14,consulting
AC-1030,AC-1012,75724,INR,2026-08-15,consulting
AC-1003,AC-1017,57512,INR,2026-08-16,consulting
AC-1023,AC-1018,211991,INR,2026-08-17,invoice
AC-1024,AC-1005,50168,INR,2026-08-18,invoice
AC-1005,AC-1007,159261,INR,2026-08-19,consulting
AC-1029,AC-1027,169371,INR,2026-08-20,invoice
AC-1021,AC-1010,163845,INR,2026-08-21,invoice
AC-1002,AC-1013,193789,INR,2026-08-22,invoice
AC-1029,AC-1003,136457,INR,2026-08-23,consulting
AC-1014,AC-1009,128579,INR,2026-08-24,consulting
AC-1007,AC-1023,145149,INR,2026-08-25,freight
AC-1012,AC-1001,139845,INR,2026-08-26,consulting
AC-1025,AC-1016,106162,INR,2026-08-27,invoice
AC-1022,AC-1015,46634,INR,2026-08-28,consulting
AC-1029,AC-1012,126099,INR,2026-08-10,freight
AC-1011,AC-1009,196026,INR,2026-08-11,equipment
AC-1018,AC-1021,69883,INR,2026-08-12,freight
AC-1005,AC-1013,40818,INR,2026-08-13,invoice
AC-1011,AC-1005,162415,INR,2026-08-14,invoice
AC-1017,AC-1027,203547,INR,2026-08-15,freight
AC-1013,AC-1029,172656,INR,2026-08-16,consulting
AC-1024,AC-1004,103140,INR,2026-08-17,invoice
AC-1018,AC-1028,47869,INR,2026-08-18,freight
AC-1004,AC-1021,123135,INR,2026-08-19,consulting
AC-1003,AC-1015,180469,INR,2026-08-20,consulting
AC-1007,AC-1015,206612,INR,2026-08-21,consulting
AC-1030,AC-1019,172058,INR,2026-08-22,consulting
AC-1027,AC-1030,7922,INR,2026-08-23,equipment
AC-1006,AC-1006,40932,INR,2026-08-24,consulting
AC-1024,AC-1014,231345,INR,2026-08-25,consulting
AC-1004,AC-1024,112211,INR,2026-08-26,equipment
AC-1022,AC-1028,153650,INR,2026-08-27,invoice
AC-1021,AC-1010,62187,INR,2026-08-28,consulting
AC-1008,AC-1029,43913,INR,2026-08-10,equipment
AC-1021,AC-1012,184398,INR,2026-08-11,consulting
AC-1026,AC-1019,224566,INR,2026-08-12,consulting
AC-1011,AC-1018,246585,INR,2026-08-13,equipment
AC-1009,AC-1014,32272,INR,2026-08-14,freight
AC-1024,AC-1021,121629,INR,2026-08-15,freight
AC-1008,AC-1006,212125,INR,2026-08-16,freight
AC-1010,AC-1008,247163,INR,2026-08-17,invoice
AC-1019,AC-1011,68679,INR,2026-08-18,equipment
AC-1019,AC-1026,203393,INR,2026-08-19,freight
AC-1020,AC-1023,190312,INR,2026-08-20,invoice
AC-1006,AC-1029,117382,INR,2026-08-21,freight
AC-1001,AC-1006,149945,INR,2026-08-22,consulting
AC-1015,AC-1003,42740,INR,2026-08-23,invoice
AC-1011,AC-1008,175026,INR,2026-08-24,freight
AC-1025,AC-1017,238974,INR,2026-08-25,freight
AC-1024,AC-1004,56410,INR,2026-08-26,freight
AC-1023,AC-1029,214552,INR,2026-08-27,equipment
AC-1005,AC-1019,249610,INR,2026-08-28,consulting
AC-1005,AC-1005,7610,INR,2026-08-10,invoice
AC-1005,AC-1026,95750,INR,2026-08-11,freight
AC-1024,AC-1026,190595,INR,2026-08-12,invoice
AC-1018,AC-1007,45670,INR,2026-08-13,invoice
AC-1029,AC-1002,69799,INR,2026-08-14,freight
AC-1020,AC-1026,246593,INR,2026-08-15,freight
AC-1017,AC-1017,132872,INR,2026-08-16,freight
AC-1012,AC-1022,55453,INR,2026-08-17,equipment
AC-1022,AC-1017,93930,INR,2026-08-18,consulting
AC-1008,AC-1021,140494,INR,2026-08-19,freight
AC-1030,AC-1002,209622,INR,2026-08-20,invoice
AC-1007,AC-1001,73160,INR,2026-08-21,equipment
AC-1008,AC-1030,101922,INR,2026-08-22,invoice
AC-1027,AC-1019,224431,INR,2026-08-23,equipment
AC-1004,AC-1015,17658,INR,2026-08-24,equipment
AC-1027,AC-1028,42980,INR,2026-08-25,consulting
AC-1028,AC-1024,149807,INR,2026-08-26,invoice
AC-1001,AC-1025,39365,INR,2026-08-27,consulting
AC-1025,AC-1030,191553,INR,2026-08-28,equipment
AC-1022,AC-1001,24491,INR,2026-08-10,equipment
AC-1007,AC-1016,72912,INR,2026-08-11,consulting
AC-1002,AC-1020,216059,INR,2026-08-12,consulting
AC-1030,AC-1001,151388,INR,2026-08-13,freight
AC-1016,AC-1003,55409,INR,2026-08-14,freight
AC-1003,AC-1020,30441,INR,2026-08-15,consulting
AC-1013,AC-1002,166263,INR,2026-08-16,consulting
AC-1024,AC-1005,30543,INR,2026-08-17,consulting
AC-1006,AC-1004,227458,INR,2026-08-18,freight
AC-1014,AC-1015,197555,INR,2026-08-19,consulting
AC-1002,AC-1004,159066,INR,2026-08-20,invoice
AC-1004,AC-1004,100541,INR,2026-08-21,freight
AC-1004,AC-1005,239662,INR,2026-08-22,consulting
AC-1002,AC-1004,162126,INR,2026-08-23,invoice
AC-1015,AC-1005,189779,INR,2026-08-24,equipment
AC-1022,AC-1024,242872,INR,2026-08-25,freight
AC-1030,AC-1008,52141,INR,2026-08-26,consulting
AC-1002,AC-1010,150165,INR,2026-08-27,consulting
AC-1014,AC-1013,88674,INR,2026-08-28,consulting
AC-1018,AC-1001,173353,INR,2026-08-10,consulting
AC-1015,AC-1021,230116,INR,2026-08-11,equipment
AC-1025,AC-1017,27415,INR,2026-08-12,consulting
AC-1025,AC-1026,74186,INR,2026-08-13,consulting
AC-1004,AC-1003,74816,INR,2026-08-14,invoice
AC-1026,AC-1018,179305,INR,2026-08-15,freight
AC-1021,AC-1017,37110,INR,2026-08-16,equipment
AC-1028,AC-1001,151357,INR,2026-08-17,equipment
AC-1005,AC-1005,156572,INR,2026-08-18,equipment
AC-1013,AC-1005,4736,INR,2026-08-19,consulting
AC-1023,AC-1028,96385,INR,2026-08-20,equipment
AC-1024,AC-1013,220358,INR,2026-08-21,invoice
AC-1026,AC-1024,193183,INR,2026-08-22,invoice
AC-1026,AC-1030,56510,INR,2026-08-23,equipment
AC-1005,AC-1025,182324,INR,2026-08-24,freight
AC-1027,AC-1001,203768,INR,2026-08-25,invoice
AC-1008,AC-1015,31353,INR,2026-08-26,consulting
AC-1009,AC-1007,111362,INR,2026-08-27,equipment
AC-1018,AC-1011,141713,INR,2026-08-28,equipment
AC-1013,AC-1010,200153,INR,2026-08-10,consulting
AC-1007,AC-1028,7338,INR,2026-08-11,equipment
AC-1003,AC-1029,194930,INR,2026-08-12,consulting
AC-1001,AC-1005,126564,INR,2026-08-13,invoice
AC-1014,AC-1004,95099,INR,2026-08-14,consulting
AC-1016,AC-1008,146402,INR,2026-08-15,freight
AC-1009,AC-1002,43858,INR,2026-08-16,invoice
AC-1015,AC-1024,189399,INR,2026-08-17,invoice
AC-1014,AC-1014,226208,INR,2026-08-18,invoice
AC-1014,AC-1008,34325,INR,2026-08-19,consulting
AC-1028,AC-1010,139460,INR,2026-08-20,invoice
AC-1011,AC-1011,68685,INR,2026-08-21,consulting
AC-1027,AC-1029,179674,INR,2026-08-22,invoice
AC-1008,AC-1023,186459,INR,2026-08-23,equipment
AC-1002,AC-1008,15624,INR,2026-08-24,invoice
AC-1001,AC-1020,95457,INR,2026-08-25,freight
AC-1016,AC-1019,239903,INR,2026-08-26,freight
AC-1012,AC-1014,234355,INR,2026-08-27,equipment
AC-1020,AC-1003,97476,INR,2026-08-28,freight
AC-1019,AC-1022,204297,INR,2026-08-10,equipment
AC-1012,AC-1010,111705,INR,2026-08-11,consulting
AC-1008,AC-1009,125966,INR,2026-08-12,invoice
AC-1005,AC-1027,212609,INR,2026-08-13,equipment
AC-1015,AC-1014,966,INR,2026-08-14,invoice
AC-1002,AC-1018,15820,INR,2026-08-15,invoice
AC-1026,AC-1026,135039,INR,2026-08-16,invoice
AC-1002,AC-1007,7234,INR,2026-08-17,freight
AC-1018,AC-1008,26563,INR,2026-08-18,freight
AC-1013,AC-1009,200382,INR,2026-08-19,invoice
AC-1016,AC-1006,111348,INR,2026-08-20,invoice
AC-1018,AC-1001,135739,INR,2026-08-21,invoice
AC-1026,AC-1024,175937,INR,2026-08-22,equipment
AC-1015,AC-1004,39081,INR,2026-08-23,invoice
AC-1028,AC-1024,28609,INR,2026-08-24,equipment
AC-1023,AC-1002,121742,INR,2026-08-25,invoice
AC-1007,AC-1017,11378,INR,2026-08-26,freight
AC-1015,AC-1004,64869,INR,2026-08-27,invoice
AC-1015,AC-1023,60330,INR,2026-08-28,equipment
AC-1003,AC-1002,213372,INR,2026-08-10,equipment
AC-1012,AC-1017,72483,INR,2026-08-11,freight
AC-1010,AC-1007,210234,INR,2026-08-12,freight
AC-1006,AC-1004,184816,INR,2026-08-13,consulting
AC-1001,AC-1001,148395,INR,2026-08-14,freight
AC-1006,AC-1012,139629,INR,2026-08-15,equipment
AC-1015,AC-1014,184644,INR,2026-08-16,freight
AC-1020,AC-1009,130319,INR,2026-08-17,invoice
AC-1007,AC-1004,147380,INR,2026-08-18,invoice
AC-1011,AC-1007,176161,INR,2026-08-19,consulting
AC-1020,AC-1013,41297,INR,2026-08-20,freight
AC-1030,AC-1009,220013,INR,2026-08-21,freight
AC-1029,AC-1013,114756,INR,2026-08-22,consulting
AC-1003,AC-1012,153642,INR,2026-08-23,invoice
AC-1017,AC-1008,218011,INR,2026-08-24,consulting
AC-1023,AC-1028,124769,INR,2026-08-25,invoice
AC-1002,AC-1002,69981,INR,2026-08-26,freight
AC-1014,AC-1014,26508,INR,2026-08-27,equipment
AC-1011,AC-1021,154735,INR,2026-08-28,invoice
AC-1025,AC-1003,208681,INR,2026-08-10,invoice
AC-1002,AC-1015,154525,INR,2026-08-11,freight
AC-1022,AC-1015,32840,INR,2026-08-12,equipment
AC-1002,AC-1001,196601,INR,2026-08-13,equipment
AC-1019,AC-1008,142824,INR,2026-08-14,invoice
AC-1027,AC-1023,147816,INR,2026-08-15,equipment
AC-1019,AC-1001,82837,INR,2026-08-16,consulting
AC-1022,AC-1023,17493,INR,2026-08-17,equipment
AC-1026,AC-1006,11337,INR,2026-08-18,equipment
AC-1020,AC-1020,131803,INR,2026-08-19,invoice
AC-1026,AC-1019,78271,INR,2026-08-20,freight
AC-1030,AC-1030,103796,INR,2026-08-21,freight
AC-1021,AC-1008,170126,INR,2026-08-22,invoice
AC-1007,AC-1015,154998,INR,2026-08-23,freight
AC-1022,AC-1004,213547,INR,2026-08-24,freight
AC-1013,AC-1020,146144,INR,2026-08-25,equipment
AC-1004,AC-1014,238296,INR,2026-08-26,freight
AC-1004,AC-1005,56947,INR,2026-08-27,freight
AC-1010,AC-1002,127395,INR,2026-08-28,freight
AC-1019,AC-1009,65325,INR,2026-08-10,consulting
AC-1027,AC-1006,200054,INR,2026-08-11,equipment
AC-1014,AC-1006,55545,INR,2026-08-12,equipment
AC-1019,AC-1019,239317,INR,2026-08-13,invoice
AC-1020,AC-1015,211803,INR,2026-08-14,invoice
AC-1003,AC-1023,215875,INR,2026-08-15,equipment
AC-1006,AC-1029,113178,INR,2026-08-16,consulting
AC-1001,AC-1007,122741,INR,2026-08-17,invoice
AC-1017,AC-1015,215159,INR,2026-08-18,consulting
AC-1004,AC-1003,107923,INR,2026-08-19,invoice
AC-1027,AC-1006,173463,INR,2026-08-20,invoice
AC-1021,AC-1026,173380,INR,2026-08-21,equipment
AC-1004,AC-1028,244276,INR,2026-08-22,invoice
AC-1008,AC-1012,179647,INR,2026-08-23,freight
AC-1029,AC-1005,235510,INR,2026-08-24,invoice
AC-1003,AC-1015,6125,INR,2026-08-25,equipment
AC-1030,AC-1022,133476,INR,2026-08-26,invoice
AC-1027,AC-1027,223439,INR,2026-08-27,invoice
AC-1018,AC-1030,104845,INR,2026-08-28,equipment
AC-1010,AC-1018,36488,INR,2026-08-10,consulting
AC-1025,AC-1004,118553,INR,2026-08-11,equipment
AC-1017,AC-1017,193566,INR,2026-08-12,consulting
AC-1019,AC-1015,133117,INR,2026-08-13,equipment
AC-1015,AC-1030,3273,INR,2026-08-14,consulting
AC-1002,AC-1026,6985,INR,2026-08-15,equipment
AC-1018,AC-1002,110032,INR,2026-08-16,freight
AC-1011,AC-1016,174991,INR,2026-08-17,invoice
AC-1027,AC-1027,47391,INR,2026-08-18,consulting
AC-1013,AC-1019,22565,INR,2026-08-19,equipment
AC-1020,AC-1013,24237,INR,2026-08-20,invoice
AC-1030,AC-1006,134178,INR,2026-08-21,freight
AC-1022,AC-1027,155027,INR,2026-08-22,equipment
AC-1026,AC-1006,157510,INR,2026-08-23,freight
AC-1018,AC-1029,132550,INR,2026-08-24,consulting
AC-1015,AC-1024,197423,INR,2026-08-25,freight
AC-1019,AC-1022,244100,INR,2026-08-26,freight
AC-1022,AC-1021,13363,INR,2026-08-27,equipment
AC-1002,AC-1019,93217,INR,2026-08-28,consulting
AC-1023,AC-1004,68053,INR,2026-08-10,invoice
AC-1026,AC-1019,111273,INR,2026-08-11,invoice
AC-1012,AC-1014,11789,INR,2026-08-12,freight
AC-1029,AC-1018,168632,INR,2026-08-13,consulting
AC-1006,AC-1016,74729,INR,2026-08-14,consulting
AC-1011,AC-1024,99179,INR,2026-08-15,equipment
AC-1004,AC-1025,244308,INR,2026-08-16,freight
AC-1019,AC-1026,225429,INR,2026-08-17,freight
AC-1006,AC-1010,168021,INR,2026-08-18,invoice
AC-1029,AC-1020,243054,INR,2026-08-19,freight
AC-1023,AC-1021,74447,INR,2026-08-20,freight
AC-1013,AC-1018,65433,INR,2026-08-21,equipment
AC-1030,AC-1020,112790,INR,2026-08-22,invoice
AC-1009,AC-1015,134389,INR,2026-08-23,equipment
AC-1005,AC-1003,116627,INR,2026-08-24,invoice
AC-1005,AC-1018,88859,INR,2026-08-25,invoice
AC-1013,AC-1005,42142,INR,2026-08-26,equipment
AC-1019,AC-1025,63992,INR,2026-08-27,freight
AC-1009,AC-1018,143567,INR,2026-08-28,consulting
AC-1001,AC-1017,150686,INR,2026-08-10,consulting
AC-1009,AC-1018,105141,INR,2026-08-11,consulting
AC-1020,AC-1002,231024,INR,2026-08-12,freight
AC-1005,AC-1009,103846,INR,2026-08-13,freight
AC-1005,AC-1025,138454,INR,2026-08-14,freight
AC-1020,AC-1019,18115,INR,2026-08-15,freight
AC-1001,AC-1020,218621,INR,2026-08-16,invoice
AC-1003,AC-1010,19610,INR,2026-08-17,consulting
AC-1027,AC-1004,153996,INR,2026-08-18,consulting
AC-1012,AC-1022,198297,INR,2026-08-19,consulting
AC-1027,AC-1028,53877,INR,2026-08-20,freight
AC-1004,AC-1008,56176,INR,2026-08-21,freight
AC-1024,AC-1014,234722,INR,2026-08-22,invoice
AC-1011,AC-1006,65425,INR,2026-08-23,invoice
AC-1030,AC-1009,84455,INR,2026-08-24,invoice
AC-1013,AC-1011,204659,INR,2026-08-25,invoice
AC-1030,AC-1006,94704,INR,2026-08-26,equipment
AC-1025,AC-1010,130166,INR,2026-08-27,consulting
AC-1009,AC-1004,161804,INR,2026-08-28,invoice
AC-1014,AC-1011,170718,INR,2026-08-10,invoice
AC-1028,AC-1007,182968,INR,2026-08-11,equipment
AC-1009,AC-1001,206740,INR,2026-08-12,freight
AC-1013,AC-1028,16812,INR,2026-08-13,freight
AC-1025,AC-1024,127190,INR,2026-08-14,invoice
AC-1025,AC-1017,33483,INR,2026-08-15,equipment
AC-1020,AC-1018,150520,INR,2026-08-16,invoice
AC-1018,AC-1018,238159,INR,2026-08-17,invoice
AC-1028,AC-1013,121288,INR,2026-08-18,consulting
AC-1004,AC-1009,21121,INR,2026-08-19,freight
AC-1009,AC-1014,135771,INR,2026-08-20,invoice
AC-1026,AC-1008,220381,INR,2026-08-21,equipment
AC-1020,AC-1006,241190,INR,2026-08-22,freight
AC-1021,AC-1013,248548,INR,2026-08-23,equipment
AC-1018,AC-1014,161853,INR,2026-08-24,consulting
AC-1023,AC-1019,104013,INR,2026-08-25,freight
AC-1010,AC-1030,133084,INR,2026-08-26,freight
AC-1019,AC-1010,180785,INR,2026-08-27,invoice
AC-1011,AC-1011,154482,INR,2026-08-28,equipment
AC-1011,AC-1026,173240,INR,2026-08-10,invoice
AC-1004,AC-1004,161127,INR,2026-08-11,consulting
AC-1024,AC-1020,178382,INR,2026-08-12,consulting
AC-1002,AC-1028,180461,INR,2026-08-13,freight
AC-1012,AC-1008,182961,INR,2026-08-14,freight
AC-1029,AC-1023,11912,INR,2026-08-15,equipment
AC-1004,AC-1003,124632,INR,2026-08-16,invoice
AC-1014,AC-1022,191142,INR,2026-08-17,invoice
AC-1008,AC-1027,156489,INR,2026-08-18,freight
AC-1007,AC-1014,82664,INR,2026-08-19,consulting
AC-1014,AC-1023,170019,INR,2026-08-20,consulting
AC-1004,AC-1017,152101,INR,2026-08-21,equipment
AC-1011,AC-1012,157403,INR,2026-08-22,invoice
AC-1013,AC-1016,2262,INR,2026-08-23,invoice
AC-1001,AC-1020,172233,INR,2026-08-24,equipment
AC-1026,AC-1005,78555,INR,2026-08-25,equipment
AC-1006,AC-1002,77141,INR,2026-08-26,freight
AC-1013,AC-1022,227052,INR,2026-08-27,equipment
AC-1026,AC-1029,194383,INR,2026-08-28,freight
AC-1014,AC-1016,107849,INR,2026-08-10,invoice
AC-1011,AC-1026,114493,INR,2026-08-11,equipment
AC-1006,AC-1001,215258,INR,2026-08-12,equipment
AC-1011,AC-1014,227051,INR,2026-08-13,equipment
AC-1016,AC-1025,116404,INR,2026-08-14,equipment
AC-1018,AC-1029,7900,INR,2026-08-15,freight
AC-1026,AC-1010,201578,INR,2026-08-16,equipment
AC-1008,AC-1007,205052,INR,2026-08-17,invoice
AC-1014,AC-1005,63824,INR,2026-08-18,equipment
AC-1009,AC-1026,106270,INR,2026-08-19,freight
AC-1026,AC-1005,224196,INR,2026-08-20,consulting
AC-1025,AC-1014,88463,INR,2026-08-21,equipment
AC-1002,AC-1004,104187,INR,2026-08-22,equipment
AC-1020,AC-1020,91220,INR,2026-08-23,consulting
AC-1030,AC-1002,2650,INR,2026-08-24,freight
AC-1006,AC-1028,49202,INR,2026-08-25,invoice
AC-1006,AC-1005,77349,INR,2026-08-26,consulting
AC-1025,AC-1026,118719,INR,2026-08-27,freight
AC-1029,AC-1016,182164,INR,2026-08-28,freight
AC-1010,AC-1013,35465,INR,2026-08-10,equipment
AC-1020,AC-1003,102523,INR,2026-08-11,invoice
AC-1004,AC-1003,46617,INR,2026-08-12,equipment
AC-1023,AC-1004,24445,INR,2026-08-13,equipment
AC-1030,AC-1028,132202,INR,2026-08-14,equipment
AC-1018,AC-1026,135796,INR,2026-08-15,freight
AC-1002,AC-1001,199608,INR,2026-08-16,invoice
AC-1004,AC-1016,154602,INR,2026-08-17,freight
AC-1016,AC-1023,129889,INR,2026-08-18,consulting
AC-1007,AC-1028,20994,INR,2026-08-19,consulting
AC-1019,AC-1020,231586,INR,2026-08-20,equipment
AC-1015,AC-1030,206188,INR,2026-08-21,invoice
AC-1030,AC-1026,71866,INR,2026-08-22,freight
AC-1005,AC-1023,107348,INR,2026-08-23,equipment
AC-1028,AC-1006,167653,INR,2026-08-24,freight
AC-1003,AC-1005,191732,INR,2026-08-25,invoice
AC-1030,AC-1006,14267,INR,2026-08-26,consulting
AC-1017,AC-1009,60230,INR,2026-08-27,freight
AC-1011,AC-1008,112993,INR,2026-08-28,equipment
AC-1023,AC-1019,191483,INR,2026-08-10,freight
AC-1028,AC-1025,139786,INR,2026-08-11,invoice
AC-1015,AC-1018,92093,INR,2026-08-12,consulting
AC-1012,AC-1009,248759,INR,2026-08-13,consulting
AC-1010,AC-1005,32600,INR,2026-08-14,consulting
AC-1017,AC-1011,230582,INR,2026-08-15,equipment
AC-1012,AC-1026,197492,INR,2026-08-16,equipment
AC-1002,AC-1002,177412,INR,2026-08-17,freight
AC-1009,AC-1010,171383,INR,2026-08-18,equipment
AC-1010,AC-1021,122729,INR,2026-08-19,equipment
AC-1024,AC-1005,228281,INR,2026-08-20,consulting
AC-1028,AC-1029,20357,INR,2026-08-21,invoice
AC-1005,AC-1007,40663,INR,2026-08-22,freight
AC-1010,AC-1025,141091,INR,2026-08-23,freight
AC-1022,AC-1020,192516,INR,2026-08-24,invoice
AC-1015,AC-1015,236486,INR,2026-08-25,freight
AC-1025,AC-1007,63923,INR,2026-08-26,equipment
AC-1021,AC-1021,178119,INR,2026-08-27,consulting
AC-1016,AC-1006,8299,INR,2026-08-28,consulting
AC-1028,AC-1027,145763,INR,2026-08-10,freight
AC-1022,AC-1006,215115,INR,2026-08-11,invoice
AC-1029,AC-1016,92952,INR,2026-08-12,invoice
AC-1021,AC-1018,16182,INR,2026-08-13,invoice
AC-1020,AC-1026,101706,INR,2026-08-14,consulting
AC-1027,AC-1002,67078,INR,2026-08-15,equipment
AC-1023,AC-1021,51200,INR,2026-08-16,invoice
AC-1013,AC-1020,208084,INR,2026-08-17,consulting
AC-1011,AC-1024,143202,INR,2026-08-18,consulting
AC-1009,AC-1020,234552,INR,2026-08-19,consulting
AC-1011,AC-1028,60416,INR,2026-08-20,equipment
AC-1001,AC-1002,225127,INR,2026-08-21,invoice
AC-1017,AC-1003,187723,INR,2026-08-22,freight
AC-1015,AC-1016,132673,INR,2026-08-23,equipment
AC-1017,AC-1029,17803,INR,2026-08-24,freight
AC-1012,AC-1006,73349,INR,2026-08-25,equipment
AC-1009,AC-1030,175893,INR,2026-08-26,equipment
AC-1009,AC-1009,112315,INR,2026-08-27,invoice
AC-1027,AC-1018,55369,INR,2026-08-28,equipment
AC-1023,AC-1003,124797,INR,2026-08-10,consulting
AC-1015,AC-1023,205843,INR,2026-08-11,invoice
AC-1001,AC-1021,180143,INR,2026-08-12,equipment
AC-1008,AC-1021,156423,INR,2026-08-13,invoice
AC-1005,AC-1018,119916,INR,2026-08-14,equipment
AC-1028,AC-1018,193015,INR,2026-08-15,freight
AC-1026,AC-1020,149121,INR,2026-08-16,freight
AC-1019,AC-1017,135121,INR,2026-08-17,consulting
AC-1029,AC-1029,200615,INR,2026-08-18,invoice
AC-1010,AC-1011,126404,INR,2026-08-19,consulting
AC-1027,AC-1016,27684,INR,2026-08-20,equipment
AC-1027,AC-1015,178776,INR,2026-08-21,consulting
AC-1009,AC-1013,61211,INR,2026-08-22,invoice
AC-1026,AC-1003,226178,INR,2026-08-23,freight
AC-1023,AC-1009,46132,INR,2026-08-24,equipment
AC-1005,AC-1029,53657,INR,2026-08-25,consulting
AC-1019,AC-1015,42909,INR,2026-08-26,consulting
AC-1008,AC-1019,207959,INR,2026-08-27,invoice
AC-1005,AC-1004,169613,INR,2026-08-28,freight
AC-1001,AC-1013,241409,INR,2026-08-10,consulting
AC-1029,AC-1019,55323,INR,2026-08-11,consulting
AC-1017,AC-1028,135171,INR,2026-08-12,invoice
AC-1023,AC-1019,146276,INR,2026-08-13,consulting
AC-1006,AC-1005,32002,INR,2026-08-14,invoice
AC-1027,AC-1004,4156,INR,2026-08-15,consulting
AC-1008,AC-1006,233286,INR,2026-08-16,invoice
AC-1001,AC-1003,181565,INR,2026-08-17,freight
AC-1015,AC-1014,99708,INR,2026-08-18,invoice
AC-1002,AC-1030,8062,INR,2026-08-19,freight
AC-1023,AC-1013,32153,INR,2026-08-20,invoice
AC-1018,AC-1003,214639,INR,2026-08-21,equipment
AC-1007,AC-1012,100838,INR,2026-08-22,invoice
AC-1010,AC-1002,240706,INR,2026-08-23,consulting
AC-1029,AC-1018,76104,INR,2026-08-24,equipment
AC-1021,AC-1008,168324,INR,2026-08-25,invoice
AC-1019,AC-1017,198199,INR,2026-08-26,invoice
AC-1026,AC-1016,72697,INR,2026-08-27,freight
AC-1026,AC-1025,201166,INR,2026-08-28,consulting
AC-1007,AC-1011,81339,INR,2026-08-10,freight
AC-1028,AC-1019,83190,INR,2026-08-11,invoice
AC-1002,AC-1001,52300,INR,2026-08-12,invoice
AC-1015,AC-1027,197276,INR,2026-08-13,freight
AC-1030,AC-1006,1169,INR,2026-08-14,equipment
AC-1027,AC-1027,73374,INR,2026-08-15,equipment
AC-1024,AC-1019,99652,INR,2026-08-16,freight
AC-1027,AC-1003,87126,INR,2026-08-17,invoice
AC-1029,AC-1023,12328,INR,2026-08-18,freight
AC-1014,AC-1029,175478,INR,2026-08-19,freight
AC-1014,AC-1009,24374,INR,2026-08-20,invoice
AC-1001,AC-1029,169937,INR,2026-08-21,freight
AC-1030,AC-1012,78654,INR,2026-08-22,invoice
AC-1023,AC-1003,184820,INR,2026-08-23,consulting
AC-1010,AC-1001,212000,INR,2026-08-24,freight
AC-1018,AC-1011,26614,INR,2026-08-25,freight
AC-1020,AC-1027,242050,INR,2026-08-26,equipment
AC-1025,AC-1020,123309,INR,2026-08-27,invoice
AC-1017,AC-1020,4193,INR,2026-08-28,equipment
AC-1025,AC-1018,199534,INR,2026-08-10,consulting
AC-1014,AC-1014,143966,INR,2026-08-11,consulting
AC-1010,AC-1018,37166,INR,2026-08-12,freight
AC-1018,AC-1024,149008,INR,2026-08-13,freight
AC-1006,AC-1013,159353,INR,2026-08-14,freight
AC-1026,AC-1001,138650,INR,2026-08-15,consulting
AC-1018,AC-1014,146534,INR,2026-08-16,invoice
AC-1016,AC-1017,179065,INR,2026-08-17,freight
AC-1026,AC-1020,19294,INR,2026-08-18,equipment
AC-1001,AC-1012,210712,INR,2026-08-19,freight
AC-1006,AC-1012,119141,INR,2026-08-20,invoice
AC-1019,AC-1015,235338,INR,2026-08-21,freight
AC-1001,AC-1023,156147,INR,2026-08-22,consulting
AC-1005,AC-1001,247522,INR,2026-08-23,invoice
AC-1005,AC-1014,231245,INR,2026-08-24,equipment
AC-1015,AC-1028,165678,INR,2026-08-25,consulting
AC-1013,AC-1001,79607,INR,2026-08-26,invoice
AC-1018,AC-1028,1782,INR,2026-08-27,equipment
AC-1030,AC-1005,246860,INR,2026-08-28,invoice
AC-1026,AC-1015,94938,INR,2026-08-10,equipment
AC-1017,AC-1011,31124,INR,2026-08-11,freight
AC-1016,AC-1015,76478,INR,2026-08-12,invoice
AC-1022,AC-1024,36417,INR,2026-08-13,freight
AC-1010,AC-1013,158092,INR,2026-08-14,consulting
AC-1026,AC-1003,25565,INR,2026-08-15,consulting
AC-1009,AC-1003,159778,INR,2026-08-16,freight
AC-1005,AC-1014,70051,INR,2026-08-17,consulting
AC-1006,AC-1005,158364,INR,2026-08-18,freight
AC-1011,AC-1017,154294,INR,2026-08-19,invoice
AC-1015,AC-1002,212891,INR,2026-08-20,equipment
AC-1024,AC-1024,96310,INR,2026-08-21,equipment
AC-1030,AC-1005,27836,INR,2026-08-22,equipment
AC-1022,AC-1010,97989,INR,2026-08-23,freight
AC-1027,AC-1027,12143,INR,2026-08-24,equipment
AC-1014,AC-1025,132841,INR,2026-08-25,consulting
AC-1001,AC-1028,151763,INR,2026-08-26,consulting
AC-1005,AC-1028,228221,INR,2026-08-27,equipment
AC-1016,AC-1027,265,INR,2026-08-28,invoice
AC-1024,AC-1002,16861,INR,2026-08-10,freight
AC-1008,AC-1030,184832,INR,2026-08-11,equipment
AC-1014,AC-1009,249454,INR,2026-08-12,invoice
AC-1015,AC-1006,55633,INR,2026-08-13,consulting
AC-1009,AC-1028,226877,INR,2026-08-14,freight
AC-1006,AC-1017,42967,INR,2026-08-15,equipment
AC-1029,AC-1024,232372,INR,2026-08-16,equipment
AC-1001,AC-1002,23570,INR,2026-08-17,freight
AC-1017,AC-1021,248059,INR,2026-08-18,consulting
AC-1006,AC-1023,68883,INR,2026-08-19,freight
AC-1008,AC-1003,35967,INR,2026-08-20,freight
AC-1003,AC-1013,247084,INR,2026-08-21,equipment
AC-1001,AC-1016,17528,INR,2026-08-22,invoice
AC-1026,AC-1012,247444,INR,2026-08-23,invoice
AC-1003,AC-1004,150815,INR,2026-08-24,equipment
AC-1001,AC-1020,46911,INR,2026-08-25,freight
AC-1029,AC-1026,28878,INR,2026-08-26,invoice
AC-1011,AC-1006,112291,INR,2026-08-27,invoice
AC-1024,AC-1029,11684,INR,2026-08-28,equipment
AC-1008,AC-1027,226269,INR,2026-08-10,freight
AC-1002,AC-1027,149544,INR,2026-08-11,consulting
AC-1007,AC-1002,8855,INR,2026-08-12,freight
AC-1003,AC-1026,113021,INR,2026-08-13,equipment
AC-1022,AC-1001,1456,INR,2026-08-14,freight
AC-1009,AC-1029,183924,INR,2026-08-15,invoice
AC-1029,AC-1017,150721,INR,2026-08-16,equipment
AC-1018,AC-1023,86031,INR,2026-08-17,equipment
AC-1008,AC-1026,169558,INR,2026-08-18,consulting
AC-1026,AC-1019,137063,INR,2026-08-19,freight
AC-1014,AC-1019,145827,INR,2026-08-20,consulting
AC-1028,AC-1028,108286,INR,2026-08-21,equipment
AC-1005,AC-1020,67644,INR,2026-08-22,equipment
AC-1016,AC-1025,30545,INR,2026-08-23,freight
AC-1027,AC-1024,23342,INR,2026-08-24,consulting
AC-1016,AC-1007,211216,INR,2026-08-25,equipment
AC-1026,AC-1018,21914,INR,2026-08-26,consulting
AC-1029,AC-1025,190396,INR,2026-08-27,invoice
AC-1002,AC-1009,87357,INR,2026-08-28,invoice
AC-1005,AC-1012,203328,INR,2026-08-10,freight
AC-1008,AC-1022,48268,INR,2026-08-11,invoice
AC-1015,AC-1029,78046,INR,2026-08-12,consulting
AC-1029,AC-1026,207518,INR,2026-08-13,equipment
AC-1015,AC-1009,137618,INR,2026-08-14,consulting
AC-1011,AC-1028,241002,INR,2026-08-15,consulting
AC-1014,AC-1017,16103,INR,2026-08-16,freight
AC-1028,AC-1009,143294,INR,2026-08-17,freight
AC-1002,AC-1024,112779,INR,2026-08-18,freight
AC-1007,AC-1019,143892,INR,2026-08-19,consulting
AC-1023,AC-1009,233819,INR,2026-08-20,equipment
AC-1030,AC-1018,132208,INR,2026-08-21,consulting
AC-1018,AC-1010,46617,INR,2026-08-22,equipment
AC-1026,AC-1008,100552,INR,2026-08-23,equipment
AC-1013,AC-1030,36399,INR,2026-08-24,invoice
AC-1011,AC-1011,14162,INR,2026-08-25,freight
AC-1027,AC-1015,243260,INR,2026-08-26,equipment
AC-1023,AC-1002,103396,INR,2026-08-27,equipment
AC-1015,AC-1020,88215,INR,2026-08-28,equipment
AC-1003,AC-1012,104338,INR,2026-08-10,consulting
AC-1007,AC-1019,48162,INR,2026-08-11,invoice
AC-1020,AC-1002,142028,INR,2026-08-12,equipment
AC-1029,AC-1025,85329,INR,2026-08-13,invoice
AC-1002,AC-1016,165123,INR,2026-08-14,equipment
AC-1024,AC-1001,174859,INR,2026-08-15,invoice
AC-1029,AC-1008,26393,INR,2026-08-16,invoice
AC-1004,AC-1015,204436,INR,2026-08-17,freight
AC-1004,AC-1020,180258,INR,2026-08-18,invoice
AC-1005,AC-1011,211391,INR,2026-08-19,equipment
AC-1023,AC-1015,179026,INR,2026-08-20,freight
AC-1002,AC-1022,184457,INR,2026-08-21,consulting
AC-1006,AC-1021,6487,INR,2026-08-22,freight
AC-1023,AC-1020,97492,INR,2026-08-23,consulting
AC-1011,AC-1027,241400,INR,2026-08-24,equipment
AC-1023,AC-1003,179186,INR,2026-08-25,consulting
AC-1001,AC-1029,21927,INR,2026-08-26,consulting
AC-1006,AC-1015,236472,INR,2026-08-27,equipment
AC-1026,AC-1026,236205,INR,2026-08-28,equipment
AC-1028,AC-1002,3022,INR,2026-08-10,consulting
AC-1028,AC-1014,199360,INR,2026-08-11,invoice
AC-1003,AC-1011,29346,INR,2026-08-12,equipment
AC-1007,AC-1028,188855,INR,2026-08-13,consulting
AC-1030,AC-1029,91220,INR,2026-08-14,equipment
AC-1015,AC-1021,233714,INR,2026-08-15,equipment
AC-1002,AC-1015,74310,INR,2026-08-16,invoice
AC-1027,AC-1016,26436,INR,2026-08-17,freight
AC-1023,AC-1007,221637,INR,2026-08-18,consulting
AC-1015,AC-1020,144624,INR,2026-08-19,invoice
AC-1030,AC-1012,185925,INR,2026-08-20,equipment
AC-1021,AC-1001,239706,INR,2026-08-21,consulting
AC-1022,AC-1025,217628,INR,2026-08-22,invoice
AC-1002,AC-1001,103186,INR,2026-08-23,equipment
AC-1022,AC-1020,56933,INR,2026-08-24,equipment
AC-1025,AC-1024,3449,INR,2026-08-25,consulting
AC-1023,AC-1029,152025,INR,2026-08-26,invoice
AC-1001,AC-1009,91531,INR,2026-08-27,consulting
AC-1002,AC-1029,56483,INR,2026-08-28,freight
AC-1002,AC-1017,160570,INR,2026-08-10,equipment
AC-1003,AC-1003,142531,INR,2026-08-11,equipment
AC-1021,AC-1020,238763,INR,2026-08-12,invoice
AC-1008,AC-1021,88542,INR,2026-08-13,consulting
AC-1018,AC-1012,90980,INR,2026-08-14,consulting
AC-1030,AC-1012,180087,INR,2026-08-15,equipment
AC-1005,AC-1002,94974,INR,2026-08-16,freight
AC-1003,AC-1002,15801,INR,2026-08-17,freight
AC-1016,AC-1019,246814,INR,2026-08-18,invoice
AC-1021,AC-1001,104526,INR,2026-08-19,freight
AC-1030,AC-1030,216321,INR,2026-08-20,invoice
AC-1003,AC-1018,101662,INR,2026-08-21,freight
AC-1016,AC-1009,11807,INR,2026-08-22,consulting
AC-1016,AC-1017,70257,INR,2026-08-23,consulting
AC-1023,AC-1029,57346,INR,2026-08-24,consulting
AC-1019,AC-1028,76003,INR,2026-08-25,equipment
AC-1019,AC-1023,98545,INR,2026-08-26,consulting
AC-1001,AC-1001,103175,INR,2026-08-27,freight
AC-1015,AC-1013,199155,INR,2026-08-28,consulting
AC-1011,AC-1011,2360,INR,2026-08-10,consulting
AC-1006,AC-1021,91460,INR,2026-08-11,invoice
AC-1003,AC-1016,55959,INR,2026-08-12,freight
AC-1011,AC-1009,34330,INR,2026-08-13,freight
AC-1006,AC-1010,27976,INR,2026-08-14,freight
AC-1018,AC-1009,48424,INR,2026-08-15,invoice
AC-1021,AC-1006,173656,INR,2026-08-16,consulting
AC-1008,AC-1026,58268,INR,2026-08-17,equipment
AC-1011,AC-1028,25218,INR,2026-08-18,invoice
AC-1001,AC-1024,206676,INR,2026-08-19,invoice
AC-1019,AC-1002,168848,INR,2026-08-20,freight
AC-1027,AC-1022,12412,INR,2026-08-21,equipment
AC-1008,AC-1001,167289,INR,2026-08-22,freight
AC-1017,AC-1009,63944,INR,2026-08-23,invoice
AC-1005,AC-1029,236927,INR,2026-08-24,invoice
AC-1003,AC-1013,103163,INR,2026-08-25,freight
AC-1008,AC-1026,35922,INR,2026-08-26,invoice
AC-1010,AC-1029,178072,INR,2026-08-27,equipment
AC-1030,AC-1030,119928,INR,2026-08-28,equipment
AC-1025,AC-1029,147725,INR,2026-08-10,freight
AC-1011,AC-1028,148516,INR,2026-08-11,consulting
AC-1003,AC-1006,155811,INR,2026-08-12,freight
AC-1010,AC-1006,103860,INR,2026-08-13,invoice
AC-1008,AC-1027,63235,INR,2026-08-14,freight
AC-1022,AC-1026,231541,INR,2026-08-15,consulting
AC-1026,AC-1001,232180,INR,2026-08-16,consulting
AC-1015,AC-1012,92976,INR,2026-08-17,consulting
AC-1003,AC-1009,121345,INR,2026-08-18,freight
AC-1029,AC-1001,182414,INR,2026-08-19,consulting
AC-1001,AC-1030,116882,INR,2026-08-20,invoice
AC-1003,AC-1026,90493,INR,2026-08-21,consulting
AC-1008,AC-1023,197365,INR,2026-08-22,invoice
AC-1006,AC-1007,113351,INR,2026-08-23,consulting
AC-1004,AC-1021,208723,INR,2026-08-24,consulting
AC-1003,AC-1012,237989,INR,2026-08-25,invoice
AC-1017,AC-1019,238764,INR,2026-08-26,freight
AC-1024,AC-1001,180184,INR,2026-08-27,equipment
AC-1019,AC-1004,113950,INR,2026-08-28,invoice
AC-1025,AC-1004,132143,INR,2026-08-10,freight
AC-1007,AC-1018,97617,INR,2026-08-11,equipment
AC-1018,AC-1018,21628,INR,2026-08-12,equipment
AC-1019,AC-1024,121819,INR,2026-08-13,freight
AC-1006,AC-1023,181321,INR,2026-08-14,invoice
AC-1013,AC-1018,135716,INR,2026-08-15,invoice
AC-1023,AC-1002,196966,INR,2026-08-16,equipment
AC-1030,AC-1008,125751,INR,2026-08-17,consulting
AC-1003,AC-1018,98668,INR,2026-08-18,consulting
AC-1017,AC-1030,152787,INR,2026-08-19,freight
AC-1029,AC-1006,210936,INR,2026-08-20,equipment
AC-1011,AC-1029,81774,INR,2026-08-21,invoice
AC-1022,AC-1004,134969,INR,2026-08-22,consulting
AC-1006,AC-1024,197904,INR,2026-08-23,freight
AC-1006,AC-1001,14399,INR,2026-08-24,consulting
AC-1018,AC-1007,161479,INR,2026-08-25,equipment
AC-1018,AC-1005,164161,INR,2026-08-26,consulting
AC-1005,AC-1022,248110,INR,2026-08-27,consulting
AC-1002,AC-1009,23497,INR,2026-08-28,equipment
AC-1009,AC-1016,73325,INR,2026-08-10,consulting
AC-1024,AC-1005,242616,INR,2026-08-11,invoice
AC-1003,AC-1014,94596,INR,2026-08-12,consulting
AC-1023,AC-1001,176706,INR,2026-08-13,consulting
AC-1024,AC-1021,192869,INR,2026-08-14,invoice
AC-1005,AC-1002,166460,INR,2026-08-15,consulting
AC-1002,AC-1009,245906,INR,2026-08-16,consulting
AC-1008,AC-1028,34643,INR,2026-08-17,consulting
AC-1023,AC-1015,130804,INR,2026-08-18,equipment
AC-1028,AC-1030,33592,INR,2026-08-19,invoice
AC-1008,AC-1012,188430,INR,2026-08-20,consulting
AC-1002,AC-1029,203895,INR,2026-08-21,consulting
AC-1017,AC-1003,109807,INR,2026-08-22,equipment
AC-1029,AC-1002,106984,INR,2026-08-23,equipment
AC-1013,AC-1007,1006,INR,2026-08-24,invoice
AC-1012,AC-1023,208142,INR,2026-08-25,consulting
AC-1030,AC-1027,115585,INR,2026-08-26,freight
AC-1015,AC-1012,104552,INR,2026-08-27,invoice
AC-1020,AC-1018,59034,INR,2026-08-28,consulting
AC-1025,AC-1003,179500,INR,2026-08-10,invoice
AC-1021,AC-1006,157068,INR,2026-08-11,invoice
AC-1014,AC-1022,231843,INR,2026-08-12,invoice
AC-1016,AC-1010,99371,INR,2026-08-13,invoice
AC-1028,AC-1006,152828,INR,2026-08-14,consulting
AC-1004,AC-1026,7897,INR,2026-08-15,equipment
AC-1008,AC-1027,194727,INR,2026-08-16,equipment
AC-1003,AC-1020,101725,INR,2026-08-17,freight
AC-1006,AC-1005,149013,INR,2026-08-18,invoice
AC-1026,AC-1028,53471,INR,2026-08-19,invoice
AC-1014,AC-1016,3917,INR,2026-08-20,invoice
AC-1012,AC-1013,146311,INR,2026-08-21,equipment
AC-1027,AC-1014,220827,INR,2026-08-22,freight
AC-1015,AC-1025,230153,INR,2026-08-23,invoice
AC-1013,AC-1008,183862,INR,2026-08-24,freight
AC-1030,AC-1005,22299,INR,2026-08-25,freight
AC-1012,AC-1012,16095,INR,2026-08-26,equipment
AC-1019,AC-1010,204408,INR,2026-08-27,equipment
AC-1010,AC-1021,9733,INR,2026-08-28,freight
AC-1014,AC-1013,51721,INR,2026-08-10,equipment
AC-1020,AC-1025,49681,INR,2026-08-11,consulting
AC-1019,AC-1014,90372,INR,2026-08-12,invoice
AC-1010,AC-1021,158720,INR,2026-08-13,freight
AC-1006,AC-1015,49997,INR,2026-08-14,consulting
AC-1028,AC-1006,101264,INR,2026-08-15,consulting
AC-1014,AC-1029,218884,INR,2026-08-16,invoice
AC-1003,AC-1010,38747,INR,2026-08-17,equipment
AC-1007,AC-1026,107974,INR,2026-08-18,consulting
AC-1030,AC-1027,193933,INR,2026-08-19,equipment
AC-1021,AC-1018,182551,INR,2026-08-20,equipment
AC-1009,AC-1022,39913,INR,2026-08-21,invoice
AC-1022,AC-1017,223111,INR,2026-08-22,invoice
AC-1018,AC-1024,129484,INR,2026-08-23,invoice
AC-1024,AC-1020,244123,INR,2026-08-24,freight
AC-1005,AC-1021,63191,INR,2026-08-25,equipment
AC-1030,AC-1027,186690,INR,2026-08-26,invoice
AC-1022,AC-1020,149906,INR,2026-08-27,freight
AC-1009,AC-1008,52944,INR,2026-08-28,equipment
AC-1026,AC-1008,232866,INR,2026-08-10,consulting
AC-1024,AC-1010,248561,INR,2026-08-11,freight
AC-1006,AC-1029,96098,INR,2026-08-12,invoice
AC-1012,AC-1018,62076,INR,2026-08-13,consulting
AC-1008,AC-1009,249086,INR,2026-08-14,consulting
AC-1027,AC-1002,212302,INR,2026-08-15,consulting
AC-1003,AC-1003,185430,INR,2026-08-16,equipment
AC-1028,AC-1022,138924,INR,2026-08-17,freight
AC-1013,AC-1001,98255,INR,2026-08-18,equipment
AC-1012,AC-1028,122646,INR,2026-08-19,freight
AC-1030,AC-1023,148024,INR,2026-08-20,equipment
AC-1016,AC-1011,208933,INR,2026-08-21,freight
AC-1013,AC-1019,186924,INR,2026-08-22,equipment
AC-1024,AC-1025,247384,INR,2026-08-23,equipment
AC-1007,AC-1012,63145,INR,2026-08-24,freight
AC-1012,AC-1019,124031,INR,2026-08-25,equipment
AC-1013,AC-1013,244356,INR,2026-08-26,freight
AC-1026,AC-1003,113209,INR,2026-08-27,consulting
AC-1029,AC-1009,33404,INR,2026-08-28,invoice
AC-1006,AC-1011,75105,INR,2026-08-10,equipment
AC-1001,AC-1018,183158,INR,2026-08-11,invoice
AC-1019,AC-1011,242810,INR,2026-08-12,equipment
AC-1017,AC-1003,213836,INR,2026-08-13,equipment
AC-1006,AC-1025,104871,INR,2026-08-14,consulting
AC-1011,AC-1026,246652,INR,2026-08-15,equipment
AC-1019,AC-1013,104340,INR,2026-08-16,equipment
AC-1028,AC-1015,47887,INR,2026-08-17,invoice
AC-1028,AC-1030,63041,INR,2026-08-18,invoice
AC-1015,AC-1028,72649,INR,2026-08-19,consulting
AC-1008,AC-1012,203914,INR,2026-08-20,invoice
AC-1009,AC-1006,101124,INR,2026-08-21,invoice
AC-1030,AC-1027,75200,INR,2026-08-22,invoice
AC-1022,AC-1009,170817,INR,2026-08-23,consulting
AC-1008,AC-1026,235461,INR,2026-08-24,consulting
AC-1014,AC-1027,30748,INR,2026-08-25,equipment
AC-1025,AC-1011,232543,INR,2026-08-26,equipment
AC-1007,AC-1023,212480,INR,2026-08-27,invoice
AC-1015,AC-1019,108423,INR,2026-08-28,consulting
AC-1022,AC-1025,120285,INR,2026-08-10,consulting
AC-1004,AC-1030,178683,INR,2026-08-11,invoice
AC-1001,AC-1018,169494,INR,2026-08-12,invoice
AC-1016,AC-1017,215719,INR,2026-08-13,equipment
AC-1030,AC-1006,37497,INR,2026-08-14,invoice
AC-1003,AC-1012,191586,INR,2026-08-15,freight
AC-1003,AC-1030,244707,INR,2026-08-16,equipment
AC-1011,AC-1006,55068,INR,2026-08-17,equipment
AC-1027,AC-1022,73482,INR,2026-08-18,consulting
AC-1014,AC-1029,237711,INR,2026-08-19,freight
AC-1009,AC-1009,221536,INR,2026-08-20,freight
AC-1002,AC-1004,130593,INR,2026-08-21,consulting
AC-1021,AC-1006,228234,INR,2026-08-22,invoice
AC-1023,AC-1017,107970,INR,2026-08-23,equipment
AC-1029,AC-1024,215301,INR,2026-08-24,consulting
AC-1008,AC-1029,116827,INR,2026-08-25,freight
AC-1015,AC-1005,151586,INR,2026-08-26,freight
AC-1013,AC-1022,85162,INR,2026-08-27,freight
AC-1007,AC-1007,122941,INR,2026-08-28,invoice
AC-1004,AC-1009,239070,INR,2026-08-10,invoice
AC-1021,AC-1027,12476,INR,2026-08-11,equipment
AC-1027,AC-1005,213549,INR,2026-08-12,freight
AC-1030,AC-1018,16734,INR,2026-08-13,invoice
AC-1030,AC-1030,96584,INR,2026-08-14,equipment
AC-1021,AC-1017,172815,INR,2026-08-15,invoice
AC-1002,AC-1001,241625,INR,2026-08-16,consulting
AC-1016,AC-1028,179141,INR,2026-08-17,consulting
AC-1024,AC-1005,17476,INR,2026-08-18,equipment
AC-1006,AC-1011,121652,INR,2026-08-19,consulting
AC-1004,AC-1014,7188,INR,2026-08-20,equipment
AC-1008,AC-1019,181732,INR,2026-08-21,invoice
AC-1025,AC-1030,57296,INR,2026-08-22,freight
AC-1017,AC-1026,164757,INR,2026-08-23,invoice
AC-1016,AC-1006,238390,INR,2026-08-24,invoice
AC-1007,AC-1004,52184,INR,2026-08-25,freight
AC-1020,AC-1012,92279,INR,2026-08-26,consulting
AC-1017,AC-1025,102686,INR,2026-08-27,consulting
AC-1030,AC-1024,7272,INR,2026-08-28,consulting
AC-1019,AC-1024,165706,INR,2026-08-10,freight
AC-1026,AC-1008,90419,INR,2026-08-11,consulting
AC-1024,AC-1012,161565,INR,2026-08-12,equipment
AC-1027,AC-1029,225643,INR,2026-08-13,consulting
AC-1030,AC-1008,39141,INR,2026-08-14,consulting
AC-1005,AC-1021,181974,INR,2026-08-15,freight
AC-1008,AC-1023,161717,INR,2026-08-16,consulting
AC-1029,AC-1017,158425,INR,2026-08-17,consulting
AC-1001,AC-1010,95563,INR,2026-08-18,freight
AC-1023,AC-1023,217385,INR,2026-08-19,consulting
AC-1026,AC-1012,59363,INR,2026-08-20,consulting
AC-1008,AC-1014,112138,INR,2026-08-21,invoice
AC-1017,AC-1012,9361,INR,2026-08-22,freight
AC-1013,AC-1003,238118,INR,2026-08-23,invoice
AC-1018,AC-1015,12193,INR,2026-08-24,consulting
AC-1013,AC-1020,130754,INR,2026-08-25,invoice
AC-1025,AC-1017,211780,INR,2026-08-26,consulting
AC-1027,AC-1028,52653,INR,2026-08-27,freight
AC-1002,AC-1004,3961,INR,2026-08-28,freight
AC-1004,AC-1005,104170,INR,2026-08-10,invoice
AC-1012,AC-1021,221846,INR,2026-08-11,consulting
AC-1029,AC-1018,177923,INR,2026-08-12,consulting
AC-1023,AC-1003,225439,INR,2026-08-13,freight
AC-1022,AC-1026,220926,INR,2026-08-14,freight
AC-1030,AC-1023,200015,INR,2026-08-15,equipment
AC-1018,AC-1028,67954,INR,2026-08-16,freight
AC-1016,AC-1007,85266,INR,2026-08-17,freight
AC-1025,AC-1009,34597,INR,2026-08-18,consulting
AC-1007,AC-1007,181352,INR,2026-08-19,consulting
AC-1005,AC-1006,241328,INR,2026-08-20,invoice
AC-1021,AC-1004,198006,INR,2026-08-21,equipment
AC-1009,AC-1005,90979,INR,2026-08-22,consulting
AC-1023,AC-1027,174576,INR,2026-08-23,consulting
AC-1006,AC-1024,92980,INR,2026-08-24,freight
AC-1002,AC-1013,48232,INR,2026-08-25,equipment
AC-1007,AC-1012,172239,INR,2026-08-26,invoice
AC-1029,AC-1013,63752,INR,2026-08-27,freight
AC-1028,AC-1026,64381,INR,2026-08-28,invoice
AC-1028,AC-1021,30328,INR,2026-08-10,invoice
AC-1009,AC-1013,179471,INR,2026-08-11,freight
AC-1009,AC-1004,217219,INR,2026-08-12,consulting
AC-1001,AC-1016,175624,INR,2026-08-13,equipment
AC-1008,AC-1028,146759,INR,2026-08-14,equipment
AC-1025,AC-1004,171482,INR,2026-08-15,equipment
AC-1005,AC-1001,233159,INR,2026-08-16,invoice
AC-1008,AC-1025,101271,INR,2026-08-17,consulting
AC-1013,AC-1022,15279,INR,2026-08-18,equipment
AC-1022,AC-1013,60343,INR,2026-08-19,freight
AC-1022,AC-1012,101468,INR,2026-08-20,invoice
AC-1011,AC-1024,72824,INR,2026-08-21,freight
AC-1002,AC-1012,83722,INR,2026-08-22,equipment
AC-1019,AC-1003,209777,INR,2026-08-23,consulting
AC-1030,AC-1021,173183,INR,2026-08-24,invoice
AC-1012,AC-1003,112478,INR,2026-08-25,equipment
AC-1003,AC-1003,148682,INR,2026-08-26,equipment
AC-1011,AC-1014,71453,INR,2026-08-27,invoice
AC-1019,AC-1030,176024,INR,2026-08-28,invoice
AC-1019,AC-1024,98809,INR,2026-08-10,consulting
AC-1019,AC-1011,118440,INR,2026-08-11,freight
AC-1012,AC-1026,48710,INR,2026-08-12,invoice
AC-1016,AC-1026,388,INR,2026-08-13,consulting
AC-1001,AC-1009,44480,INR,2026-08-14,freight
AC-1006,AC-1022,4158,INR,2026-08-15,invoice
AC-1020,AC-1028,171175,INR,2026-08-16,freight
AC-1004,AC-1005,191343,INR,2026-08-17,invoice
AC-1005,AC-1010,19462,INR,2026-08-18,consulting
AC-1019,AC-1008,197355,INR,2026-08-19,freight
AC-1029,AC-1020,106033,INR,2026-08-20,freight
AC-1018,AC-1019,169926,INR,2026-08-21,freight
AC-1013,AC-1002,148726,INR,2026-08-22,freight
AC-1007,AC-1003,43496,INR,2026-08-23,freight
AC-1016,AC-1029,127094,INR,2026-08-24,consulting
AC-1003,AC-1026,158045,INR,2026-08-25,consulting
AC-1005,AC-1015,171176,INR,2026-08-26,freight
AC-1022,AC-1025,7673,INR,2026-08-27,freight
AC-1011,AC-1023,151448,INR,2026-08-28,freight
AC-1021,AC-1018,110443,INR,2026-08-10,equipment
AC-1008,AC-1027,167341,INR,2026-08-11,consulting
AC-1021,AC-1022,150108,INR,2026-08-12,equipment
AC-1007,AC-1004,158222,INR,2026-08-13,invoice
AC-1021,AC-1025,100449,INR,2026-08-14,equipment
AC-1010,AC-1007,8344,INR,2026-08-15,equipment
AC-1006,AC-1008,32936,INR,2026-08-16,consulting
AC-1002,AC-1006,31982,INR,2026-08-17,invoice
AC-1012,AC-1027,6415,INR,2026-08-18,equipment
AC-1016,AC-1026,99376,INR,2026-08-19,equipment
AC-1010,AC-1019,168044,INR,2026-08-20,freight
AC-1026,AC-1030,74723,INR,2026-08-21,freight
AC-1001,AC-1023,13341,INR,2026-08-22,invoice
AC-1005,AC-1014,147381,INR,2026-08-23,freight
AC-1013,AC-1010,81301,INR,2026-08-24,freight
AC-1016,AC-1013,78301,INR,2026-08-25,freight
AC-1019,AC-1015,242302,INR,2026-08-26,equipment
AC-1029,AC-1003,110295,INR,2026-08-27,consulting
AC-1013,AC-1029,91360,INR,2026-08-28,freight
AC-1023,AC-1002,67603,INR,2026-08-10,equipment
AC-1002,AC-1001,106865,INR,2026-08-11,consulting
AC-1012,AC-1011,183496,INR,2026-08-12,consulting
AC-1016,AC-1007,10115,INR,2026-08-13,freight
AC-1009,AC-1019,112087,INR,2026-08-14,consulting
AC-1015,AC-1015,20979,INR,2026-08-15,invoice
AC-1029,AC-1021,148474,INR,2026-08-16,equipment
AC-1005,AC-1019,182687,INR,2026-08-17,freight
AC-1008,AC-1011,54222,INR,2026-08-18,invoice
AC-1023,AC-1012,155849,INR,2026-08-19,freight
AC-1024,AC-1001,47238,INR,2026-08-20,equipment
AC-1012,AC-1004,42589,INR,2026-08-21,consulting
AC-1015,AC-1014,177045,INR,2026-08-22,consulting
AC-1014,AC-1010,61793,INR,2026-08-23,invoice
AC-1028,AC-1011,161227,INR,2026-08-24,equipment
AC-1030,AC-1017,162979,INR,2026-08-25,equipment
AC-1020,AC-1013,91654,INR,2026-08-26,equipment
AC-1014,AC-1022,114184,INR,2026-08-27,consulting
AC-1010,AC-1011,197832,INR,2026-08-28,equipment
AC-1028,AC-1029,247214,INR,2026-08-10,equipment
AC-1024,AC-1008,80830,INR,2026-08-11,equipment
AC-1026,AC-1003,207791,INR,2026-08-12,equipment
AC-1020,AC-1004,103933,INR,2026-08-13,consulting
AC-1025,AC-1020,63808,INR,2026-08-14,equipment
AC-1009,AC-1019,118448,INR,2026-08-15,equipment
AC-1008,AC-1019,231177,INR,2026-08-16,equipment
AC-1029,AC-1014,69402,INR,2026-08-17,invoice
AC-1017,AC-1025,177465,INR,2026-08-18,consulting
AC-1005,AC-1008,12765,INR,2026-08-19,equipment
AC-1017,AC-1014,33884,INR,2026-08-20,freight
AC-1024,AC-1030,57535,INR,2026-08-21,equipment
AC-1004,AC-1008,41588,INR,2026-08-22,invoice
AC-1001,AC-1029,199544,INR,2026-08-23,freight
AC-1005,AC-1002,181462,INR,2026-08-24,consulting
AC-1004,AC-1028,125748,INR,2026-08-25,invoice
AC-1016,AC-1011,79249,INR,2026-08-26,equipment
AC-1007,AC-1010,165478,INR,2026-08-27,freight
AC-1012,AC-1011,124143,INR,2026-08-28,consulting
AC-1028,AC-1025,33191,INR,2026-08-10,invoice
AC-1008,AC-1001,11498,INR,2026-08-11,equipment
AC-1009,AC-1019,113715,INR,2026-08-12,equipment
AC-1013,AC-1030,17050,INR,2026-08-13,consulting
AC-1024,AC-1020,58825,INR,2026-08-14,invoice
AC-1027,AC-1001,37326,INR,2026-08-15,equipment
AC-1004,AC-1005,204403,INR,2026-08-16,invoice
AC-1007,AC-1024,226683,INR,2026-08-17,freight
AC-1011,AC-1028,103399,INR,2026-08-18,equipment
AC-1017,AC-1023,156200,INR,2026-08-19,freight
AC-1007,AC-1011,152909,INR,2026-08-20,equipment
AC-1021,AC-1022,220341,INR,2026-08-21,freight
AC-1001,AC-1018,246644,INR,2026-08-22,freight
AC-1026,AC-1003,242129,INR,2026-08-23,consulting
AC-1003,AC-1009,185275,INR,2026-08-24,equipment
AC-1018,AC-1010,49835,INR,2026-08-25,equipment
AC-1023,AC-1011,104202,INR,2026-08-26,freight
AC-1008,AC-1003,19249,INR,2026-08-27,consulting
AC-1030,AC-1018,144620,INR,2026-08-28,equipment
AC-1002,AC-1029,53911,INR,2026-08-10,equipment
AC-1029,AC-1006,50186,INR,2026-08-11,freight
AC-1006,AC-1030,176082,INR,2026-08-12,consulting
AC-1002,AC-1028,65434,INR,2026-08-13,consulting
AC-1010,AC-1015,76993,INR,2026-08-14,consulting
AC-1009,AC-1014,54752,INR,2026-08-15,invoice
AC-1001,AC-1010,61064,INR,2026-08-16,freight
AC-1023,AC-1019,109219,INR,2026-08-17,freight
AC-1026,AC-1027,141879,INR,2026-08-18,invoice
AC-1002,AC-1018,207729,INR,2026-08-19,equipment
AC-1023,AC-1023,235442,INR,2026-08-20,consulting
AC-1019,AC-1028,73802,INR,2026-08-21,freight
AC-1025,AC-1019,13389,INR,2026-08-22,consulting
AC-1029,AC-1026,171644,INR,2026-08-23,invoice
AC-1021,AC-1022,127991,INR,2026-08-24,freight
AC-1029,AC-1010,17135,INR,2026-08-25,freight
AC-1009,AC-1007,10090,INR,2026-08-26,equipment
AC-1007,AC-1027,83752,INR,2026-08-27,invoice
AC-1005,AC-1008,140906,INR,2026-08-28,equipment
AC-1002,AC-1006,42713,INR,2026-08-10,equipment
AC-1014,AC-1013,88943,INR,2026-08-11,consulting
AC-1015,AC-1025,88533,INR,2026-08-12,consulting
AC-1007,AC-1007,35240,INR,2026-08-13,consulting
AC-1020,AC-1026,61532,INR,2026-08-14,invoice
AC-1005,AC-1001,35493,INR,2026-08-15,equipment
AC-1013,AC-1019,28510,INR,2026-08-16,consulting
AC-1007,AC-1029,2861,INR,2026-08-17,consulting
AC-1001,AC-1008,51962,INR,2026-08-18,equipment
AC-1014,AC-1015,115848,INR,2026-08-19,invoice
AC-1024,AC-1023,32455,INR,2026-08-20,freight
AC-1026,AC-1015,95985,INR,2026-08-21,invoice
AC-1015,AC-1028,112150,INR,2026-08-22,consulting
AC-1025,AC-1016,160071,INR,2026-08-23,equipment
AC-1025,AC-1027,82874,INR,2026-08-24,consulting
AC-1029,AC-1024,15104,INR,2026-08-25,consulting
AC-1009,AC-1021,97294,INR,2026-08-26,consulting
AC-1002,AC-1003,247074,INR,2026-08-27,consulting
AC-1030,AC-1008,192851,INR,2026-08-28,equipment
AC-1027,AC-1016,44978,INR,2026-08-10,consulting
AC-1001,AC-1007,71252,INR,2026-08-11,consulting
AC-1002,AC-1005,141855,INR,2026-08-12,equipment
AC-1015,AC-1003,248381,INR,2026-08-13,invoice
AC-1003,AC-1015,188390,INR,2026-08-14,consulting
AC-1006,AC-1022,209196,INR,2026-08-15,consulting
AC-1010,AC-1002,231219,INR,2026-08-16,equipment
AC-1002,AC-1015,213720,INR,2026-08-17,freight
AC-1030,AC-1027,68130,INR,2026-08-18,freight
AC-1024,AC-1025,26881,INR,2026-08-19,freight
AC-1021,AC-1021,181387,INR,2026-08-20,freight
AC-1011,AC-1027,68525,INR,2026-08-21,freight
AC-1004,AC-1020,206468,INR,2026-08-22,consulting
AC-1030,AC-1009,13369,INR,2026-08-23,freight
AC-1012,AC-1021,142233,INR,2026-08-24,consulting
AC-1018,AC-1028,241553,INR,2026-08-25,freight
AC-1005,AC-1026,177888,INR,2026-08-26,freight
AC-1021,AC-1005,89242,INR,2026-08-27,invoice
AC-1006,AC-1005,83259,INR,2026-08-28,invoice
AC-1026,AC-1019,205231,INR,2026-08-10,equipment
AC-1013,AC-1013,199020,INR,2026-08-11,equipment
AC-1023,AC-1009,240074,INR,2026-08-12,consulting
AC-1008,AC-1016,65551,INR,2026-08-13,consulting
AC-1015,AC-1019,201949,INR,2026-08-14,invoice
AC-1026,AC-1006,26393,INR,2026-08-15,consulting
AC-1003,AC-1003,12609,INR,2026-08-16,invoice
AC-1017,AC-1015,134864,INR,2026-08-17,invoice
AC-1008,AC-1023,91123,INR,2026-08-18,freight
AC-1026,AC-1030,194956,INR,2026-08-19,invoice
AC-1022,AC-1030,233782,INR,2026-08-20,invoice
AC-1015,AC-1028,13221,INR,2026-08-21,freight
AC-1010,AC-1023,9701,INR,2026-08-22,consulting
AC-1020,AC-1005,92661,INR,2026-08-23,invoice
AC-1019,AC-1020,162058,INR,2026-08-24,equipment
AC-1023,AC-1012,46964,INR,2026-08-25,equipment
AC-1024,AC-1029,235497,INR,2026-08-26,invoice
AC-1016,AC-1004,45512,INR,2026-08-27,consulting
AC-1005,AC-1029,129285,INR,2026-08-28,freight
AC-1024,AC-1009,65726,INR,2026-08-10,consulting
AC-1018,AC-1015,47904,INR,2026-08-11,consulting
AC-1001,AC-1012,224948,INR,2026-08-12,equipment
AC-1005,AC-1005,29868,INR,2026-08-13,freight
AC-1006,AC-1013,178279,INR,2026-08-14,equipment
AC-1022,AC-1026,68583,INR,2026-08-15,freight
AC-1028,AC-1007,238479,INR,2026-08-16,consulting
AC-1024,AC-1024,645,INR,2026-08-17,consulting
AC-1007,AC-1010,77432,INR,2026-08-18,equipment
AC-1015,AC-1029,237449,INR,2026-08-19,invoice
AC-1010,AC-1017,220612,INR,2026-08-20,freight
AC-1017,AC-1020,152322,INR,2026-08-21,equipment
AC-1001,AC-1009,122048,INR,2026-08-22,invoice
AC-1026,AC-1006,2956,INR,2026-08-23,equipment
AC-1020,AC-1022,99215,INR,2026-08-24,equipment
AC-1003,AC-1020,201075,INR,2026-08-25,equipment
AC-1007,AC-1026,178998,INR,2026-08-26,freight
AC-1016,AC-1009,163805,INR,2026-08-27,consulting
AC-1013,AC-1014,166622,INR,2026-08-28,consulting
AC-1006,AC-1029,156942,INR,2026-08-10,equipment
AC-1014,AC-1008,70506,INR,2026-08-11,consulting
AC-1015,AC-1030,130799,INR,2026-08-12,freight
AC-1011,AC-1026,44944,INR,2026-08-13,consulting
AC-1030,AC-1012,148948,INR,2026-08-14,consulting
AC-1001,AC-1014,21366,INR,2026-08-15,freight
AC-1012,AC-1018,22195,INR,2026-08-16,consulting
AC-1026,AC-1020,35330,INR,2026-08-17,invoice
AC-1021,AC-1012,150381,INR,2026-08-18,consulting
AC-1005,AC-1019,75180,INR,2026-08-19,invoice
AC-1003,AC-1011,242486,INR,2026-08-20,freight
AC-1007,AC-1002,40000,INR,2026-08-21,equipment
AC-1011,AC-1025,174533,INR,2026-08-22,freight
AC-1008,AC-1014,64308,INR,2026-08-23,freight
AC-1022,AC-1024,213206,INR,2026-08-24,consulting
AC-1021,AC-1014,45433,INR,2026-08-25,equipment
AC-1022,AC-1025,47405,INR,2026-08-26,invoice
AC-1014,AC-1013,20172,INR,2026-08-27,equipment
AC-1022,AC-1009,163697,INR,2026-08-28,invoice
AC-1021,AC-1022,144750,INR,2026-08-10,equipment
AC-1004,AC-1007,53927,INR,2026-08-11,invoice
AC-1008,AC-1021,141364,INR,2026-08-12,invoice
AC-1002,AC-1009,150693,INR,2026-08-13,consulting
AC-1023,AC-1028,41415,INR,2026-08-14,invoice
AC-1027,AC-1021,22193,INR,2026-08-15,consulting
AC-1028,AC-1005,24986,INR,2026-08-16,consulting
AC-1026,AC-1003,97797,INR,2026-08-17,equipment
AC-1017,AC-1022,239245,INR,2026-08-18,invoice
AC-1023,AC-1012,141369,INR,2026-08-19,consulting
AC-1028,AC-1014,142709,INR,2026-08-20,freight
AC-1018,AC-1016,105491,INR,2026-08-21,equipment
AC-1029,AC-1001,27508,INR,2026-08-22,invoice
AC-1017,AC-1011,68969,INR,2026-08-23,invoice
AC-1013,AC-1010,80359,INR,2026-08-24,consulting
AC-1027,AC-1027,176861,INR,2026-08-25,invoice
AC-1002,AC-1026,102031,INR,2026-08-26,consulting
AC-1019,AC-1030,131971,INR,2026-08-27,freight
AC-1015,AC-1021,137722,INR,2026-08-28,freight
AC-1008,AC-1027,82478,INR,2026-08-10,equipment
AC-1025,AC-1024,101887,INR,2026-08-11,freight
AC-1010,AC-1028,104922,INR,2026-08-12,equipment
AC-1025,AC-1024,31380,INR,2026-08-13,freight
AC-1024,AC-1005,57321,INR,2026-08-14,equipment
AC-1022,AC-1006,29555,INR,2026-08-15,consulting
AC-1023,AC-1030,114575,INR,2026-08-16,consulting
AC-1006,AC-1003,50924,INR,2026-08-17,consulting
AC-1001,AC-1010,181175,INR,2026-08-18,invoice
AC-1002,AC-1010,43004,INR,2026-08-19,equipment
AC-1018,AC-1007,208874,INR,2026-08-20,invoice
AC-1010,AC-1024,127546,INR,2026-08-21,invoice
AC-1003,AC-1016,226401,INR,2026-08-22,freight
AC-1005,AC-1027,199571,INR,2026-08-23,freight
AC-1019,AC-1020,155979,INR,2026-08-24,equipment
AC-1019,AC-1023,138359,INR,2026-08-25,invoice
AC-1021,AC-1006,134910,INR,2026-08-26,consulting
AC-1004,AC-1024,144311,INR,2026-08-27,invoice
AC-1002,AC-1008,229674,INR,2026-08-28,freight
AC-1014,AC-1014,5738,INR,2026-08-10,consulting
AC-1023,AC-1001,16604,INR,2026-08-11,invoice
AC-1012,AC-1030,51815,INR,2026-08-12,consulting
AC-1018,AC-1011,50946,INR,2026-08-13,freight
AC-1007,AC-1028,25510,INR,2026-08-14,invoice
AC-1011,AC-1021,12416,INR,2026-08-15,equipment
AC-1026,AC-1006,71068,INR,2026-08-16,consulting
AC-1029,AC-1017,235955,INR,2026-08-17,consulting
AC-1018,AC-1023,750,INR,2026-08-18,equipment
AC-1018,AC-1023,42675,INR,2026-08-19,freight
AC-1027,AC-1026,161716,INR,2026-08-20,consulting
AC-1022,AC-1025,148244,INR,2026-08-21,invoice
AC-1002,AC-1015,104611,INR,2026-08-22,freight
AC-1006,AC-1027,120151,INR,2026-08-23,freight
AC-1030,AC-1008,225115,INR,2026-08-24,consulting
AC-1006,AC-1028,145952,INR,2026-08-25,consulting
AC-1029,AC-1028,131741,INR,2026-08-26,freight
AC-1022,AC-1026,231661,INR,2026-08-27,consulting
AC-1007,AC-1027,127036,INR,2026-08-28,freight
AC-1029,AC-1024,22087,INR,2026-08-10,equipment
AC-1021,AC-1004,231794,INR,2026-08-11,freight
AC-1006,AC-1013,119492,INR,2026-08-12,invoice
AC-1008,AC-1014,144992,INR,2026-08-13,equipment
AC-1025,AC-1004,465,INR,2026-08-14,invoice
AC-1007,AC-1005,174267,INR,2026-08-15,consulting
AC-1007,AC-1029,59392,INR,2026-08-16,consulting
AC-1004,AC-1022,141955,INR,2026-08-17,consulting
AC-1012,AC-1029,49227,INR,2026-08-18,freight
AC-1024,AC-1020,191175,INR,2026-08-19,invoice
AC-1017,AC-1016,85542,INR,2026-08-20,invoice
AC-1013,AC-1029,126676,INR,2026-08-21,freight
AC-1013,AC-1004,170812,INR,2026-08-22,invoice
AC-1014,AC-1025,165177,INR,2026-08-23,equipment
AC-1027,AC-1019,44040,INR,2026-08-24,invoice
AC-1021,AC-1029,245179,INR,2026-08-25,invoice
AC-1028,AC-1021,213430,INR,2026-08-26,equipment
AC-1008,AC-1025,19926,INR,2026-08-27,consulting
AC-1015,AC-1020,116797,INR,2026-08-28,freight
AC-1004,AC-1015,240956,INR,2026-08-10,invoice
AC-1012,AC-1019,110088,INR,2026-08-11,consulting
AC-1018,AC-1023,78607,INR,2026-08-12,equipment
AC-1022,AC-1016,46962,INR,2026-08-13,invoice
AC-1023,AC-1027,192109,INR,2026-08-14,consulting
AC-1023,AC-1013,99044,INR,2026-08-15,equipment
AC-1023,AC-1027,104911,INR,2026-08-16,freight
AC-1025,AC-1006,160586,INR,2026-08-17,equipment
AC-1019,AC-1027,24944,INR,2026-08-18,consulting
AC-1011,AC-1015,53764,INR,2026-08-19,equipment
AC-1020,AC-1017,155747,INR,2026-08-20,consulting
AC-1011,AC-1011,58843,INR,2026-08-21,equipment
AC-1022,AC-1014,164948,INR,2026-08-22,invoice
AC-1025,AC-1015,193757,INR,2026-08-23,equipment
AC-1029,AC-1005,152118,INR,2026-08-24,invoice
AC-1015,AC-1009,164719,INR,2026-08-25,freight
AC-1005,AC-1025,162082,INR,2026-08-26,freight
AC-1014,AC-1019,80076,INR,2026-08-27,invoice
AC-1025,AC-1015,150745,INR,2026-08-28,freight
AC-1016,AC-1001,147689,INR,2026-08-10,invoice
AC-1018,AC-1026,156301,INR,2026-08-11,freight
AC-1010,AC-1022,178433,INR,2026-08-12,freight
AC-1009,AC-1018,92509,INR,2026-08-13,equipment
AC-1013,AC-1009,19981,INR,2026-08-14,consulting
AC-1026,AC-1020,210484,INR,2026-08-15,equipment
AC-1004,AC-1014,121371,INR,2026-08-16,consulting
AC-1010,AC-1027,120399,INR,2026-08-17,equipment
AC-1007,AC-1013,192421,INR,2026-08-18,invoice
AC-1013,AC-1010,203780,INR,2026-08-19,invoice
AC-1009,AC-1010,83097,INR,2026-08-20,invoice
AC-1026,AC-1020,43940,INR,2026-08-21,freight
AC-1029,AC-1001,85883,INR,2026-08-22,consulting
AC-1004,AC-1027,232936,INR,2026-08-23,invoice
AC-1006,AC-1013,36829,INR,2026-08-24,freight
AC-1002,AC-1013,105163,INR,2026-08-25,equipment
AC-1018,AC-1020,236633,INR,2026-08-26,invoice
AC-1001,AC-1027,142951,INR,2026-08-27,consulting
AC-1009,AC-1018,218763,INR,2026-08-28,equipment
AC-1012,AC-1017,27611,INR,2026-08-10,consulting
AC-1001,AC-1018,230218,INR,2026-08-11,consulting
AC-1028,AC-1022,211144,INR,2026-08-12,invoice
AC-1011,AC-1016,80235,INR,2026-08-13,consulting
AC-1020,AC-1020,193422,INR,2026-08-14,freight
AC-1009,AC-1027,224280,INR,2026-08-15,invoice
AC-1018,AC-1012,109300,INR,2026-08-16,consulting
AC-1001,AC-1005,242852,INR,2026-08-17,freight
AC-1026,AC-1012,240163,INR,2026-08-18,invoice
AC-1002,AC-1001,56048,INR,2026-08-19,invoice
AC-1022,AC-1012,189047,INR,2026-08-20,freight
AC-1025,AC-1022,105971,INR,2026-08-21,invoice
AC-1019,AC-1029,228168,INR,2026-08-22,equipment
AC-1021,AC-1007,4781,INR,2026-08-23,equipment
AC-1013,AC-1010,25701,INR,2026-08-24,equipment
AC-1025,AC-1019,50472,INR,2026-08-25,freight
AC-1018,AC-1022,221675,INR,2026-08-26,equipment
AC-1014,AC-1015,149536,INR,2026-08-27,invoice
AC-1017,AC-1025,126040,INR,2026-08-28,invoice
AC-1021,AC-1004,139401,INR,2026-08-10,freight
AC-1006,AC-1014,230461,INR,2026-08-11,invoice
AC-1001,AC-1004,165668,INR,2026-08-12,consulting
AC-1014,AC-1012,233179,INR,2026-08-13,invoice
AC-1002,AC-1008,71391,INR,2026-08-14,equipment
AC-1010,AC-1009,34728,INR,2026-08-15,invoice
AC-1013,AC-1016,72145,INR,2026-08-16,equipment
AC-1014,AC-1018,236805,INR,2026-08-17,freight
AC-1027,AC-1030,98350,INR,2026-08-18,consulting
AC-1010,AC-1002,99295,INR,2026-08-19,consulting
AC-1026,AC-1025,33292,INR,2026-08-20,invoice
AC-1011,AC-1030,90478,INR,2026-08-21,freight
AC-1028,AC-1016,36144,INR,2026-08-22,equipment
AC-1030,AC-1014,201607,INR,2026-08-23,consulting
AC-1006,AC-1028,47645,INR,2026-08-24,invoice
AC-1020,AC-1001,87225,INR,2026-08-25,consulting
AC-1007,AC-1030,166764,INR,2026-08-26,equipment
AC-1015,AC-1026,7956,INR,2026-08-27,equipment
AC-1016,AC-1010,126184,INR,2026-08-28,freight
AC-1010,AC-1018,75897,INR,2026-08-10,equipment
AC-1012,AC-1020,58665,INR,2026-08-11,freight
AC-1011,AC-1006,25517,INR,2026-08-12,consulting
AC-1018,AC-1008,82180,INR,2026-08-13,invoice
AC-1016,AC-1027,21702,INR,2026-08-14,consulting
AC-1010,AC-1011,191262,INR,2026-08-15,equipment
AC-1007,AC-1004,43824,INR,2026-08-16,invoice
AC-1001,AC-1024,65559,INR,2026-08-17,freight
AC-1005,AC-1022,48703,INR,2026-08-18,invoice
AC-1030,AC-1028,18073,INR,2026-08-19,freight
AC-1008,AC-1030,204407,INR,2026-08-20,consulting
AC-1021,AC-1015,129920,INR,2026-08-21,consulting
AC-1014,AC-1025,71212,INR,2026-08-22,consulting
AC-1020,AC-1012,145919,INR,2026-08-23,equipment
AC-1023,AC-1022,84458,INR,2026-08-24,equipment
AC-1006,AC-1006,153461,INR,2026-08-25,equipment
AC-1006,AC-1022,220896,INR,2026-08-26,equipment
AC-1005,AC-1023,225488,INR,2026-08-27,equipment
AC-1004,AC-1013,30568,INR,2026-08-28,equipment
AC-1016,AC-1012,161454,INR,2026-08-10,invoice
AC-1015,AC-1003,14599,INR,2026-08-11,equipment
AC-1030,AC-1002,138948,INR,2026-08-12,invoice
AC-1012,AC-1010,157349,INR,2026-08-13,invoice
AC-1009,AC-1015,119291,INR,2026-08-14,equipment
AC-1009,AC-1016,60627,INR,2026-08-15,equipment
AC-1021,AC-1007,93736,INR,2026-08-16,consulting
AC-1010,AC-1015,229323,INR,2026-08-17,equipment
AC-1004,AC-1027,207205,INR,2026-08-18,freight
AC-1004,AC-1012,152445,INR,2026-08-19,equipment
AC-1023,AC-1026,149954,INR,2026-08-20,freight
AC-1007,AC-1009,76110,INR,2026-08-21,consulting
AC-1002,AC-1011,60901,INR,2026-08-22,freight
AC-1017,AC-1018,8189,INR,2026-08-23,consulting
AC-1007,AC-1004,139147,INR,2026-08-24,consulting
AC-1014,AC-1003,229323,INR,2026-08-25,invoice
AC-1023,AC-1007,63071,INR,2026-08-26,consulting
AC-1014,AC-1030,10063,INR,2026-08-27,freight
AC-1017,AC-1018,233459,INR,2026-08-28,consulting
AC-1026,AC-1030,146216,INR,2026-08-10,invoice
AC-1012,AC-1026,45886,INR,2026-08-11,freight
AC-1018,AC-1016,51708,INR,2026-08-12,invoice
AC-1010,AC-1027,145701,INR,2026-08-13,freight
AC-1006,AC-1011,179627,INR,2026-08-14,invoice
AC-1011,AC-1006,32291,INR,2026-08-15,freight
AC-1023,AC-1010,107360,INR,2026-08-16,equipment
AC-1027,AC-1022,56009,INR,2026-08-17,equipment
AC-1024,AC-1008,126768,INR,2026-08-18,invoice
AC-1004,AC-1017,148236,INR,2026-08-19,invoice
AC-1012,AC-1014,179965,INR,2026-08-20,freight
AC-1007,AC-1010,73444,INR,2026-08-21,freight
AC-1016,AC-1003,192983,INR,2026-08-22,freight
AC-1015,AC-1024,99576,INR,2026-08-23,consulting
AC-1019,AC-1026,104449,INR,2026-08-24,invoice
AC-1010,AC-1008,55274,INR,2026-08-25,freight
AC-1005,AC-1019,158742,INR,2026-08-26,equipment
AC-1029,AC-1013,165166,INR,2026-08-27,freight
AC-1009,AC-1029,89760,INR,2026-08-28,invoice
AC-1020,AC-1019,151013,INR,2026-08-10,invoice
AC-1023,AC-1002,29653,INR,2026-08-11,invoice
AC-1018,AC-1020,145504,INR,2026-08-12,equipment
AC-1016,AC-1008,151622,INR,2026-08-13,invoice
AC-1018,AC-1029,61579,INR,2026-08-14,equipment
AC-1006,AC-1004,184870,INR,2026-08-15,invoice
AC-1018,AC-1020,107623,INR,2026-08-16,equipment
AC-1029,AC-1010,44867,INR,2026-08-17,equipment
AC-1013,AC-1009,193220,INR,2026-08-18,equipment
AC-1020,AC-1025,246445,INR,2026-08-19,freight
AC-1019,AC-1012,115079,INR,2026-08-20,consulting
AC-1018,AC-1030,230108,INR,2026-08-21,equipment
AC-1027,AC-1025,233514,INR,2026-08-22,freight
AC-1011,AC-1021,186366,INR,2026-08-23,equipment
AC-1025,AC-1017,33389,INR,2026-08-24,invoice
AC-1027,AC-1019,13709,INR,2026-08-25,consulting
AC-1005,AC-1003,115883,INR,2026-08-26,freight
AC-1024,AC-1018,159948,INR,2026-08-27,invoice
AC-1027,AC-1005,78693,INR,2026-08-28,consulting
AC-1021,AC-1020,238094,INR,2026-08-10,freight
AC-1029,AC-1003,121392,INR,2026-08-11,invoice
AC-1030,AC-1011,197018,INR,2026-08-12,equipment
AC-1030,AC-1009,242848,INR,2026-08-13,equipment
AC-1026,AC-1004,207319,INR,2026-08-14,equipment
AC-1026,AC-1030,54280,INR,2026-08-15,freight
AC-1016,AC-1025,229324,INR,2026-08-16,consulting
AC-1017,AC-1013,137448,INR,2026-08-17,invoice
AC-1003,AC-1006,190597,INR,2026-08-18,consulting
AC-1021,AC-1001,55279,INR,2026-08-19,equipment
AC-1025,AC-1014,222789,INR,2026-08-20,invoice
AC-1025,AC-1003,151801,INR,2026-08-21,consulting
AC-1020,AC-1016,218954,INR,2026-08-22,invoice
AC-1009,AC-1030,88477,INR,2026-08-23,invoice
AC-1029,AC-1027,6191,INR,2026-08-24,consulting
AC-1027,AC-1004,116981,INR,2026-08-25,freight
AC-1019,AC-1002,97349,INR,2026-08-26,equipment
AC-1005,AC-1018,226072,INR,2026-08-27,freight
AC-1030,AC-1014,153656,INR,2026-08-28,consulting
AC-1008,AC-1027,207165,INR,2026-08-10,equipment
AC-1003,AC-1021,217582,INR,2026-08-11,equipment
AC-1024,AC-1017,141404,INR,2026-08-12,invoice
AC-1025,AC-1024,122062,INR,2026-08-13,invoice
AC-1025,AC-1027,175607,INR,2026-08-14,equipment
AC-1007,AC-1005,176760,INR,2026-08-15,freight
AC-1001,AC-1024,195393,INR,2026-08-16,invoice
AC-1004,AC-1019,63461,INR,2026-08-17,invoice
AC-1001,AC-1008,225077,INR,2026-08-18,consulting
AC-1028,AC-1019,124587,INR,2026-08-19,equipment
AC-1005,AC-1021,227303,INR,2026-08-20,equipment
AC-1012,AC-1004,64042,INR,2026-08-21,freight
AC-1002,AC-1019,15735,INR,2026-08-22,equipment
AC-1027,AC-1018,209336,INR,2026-08-23,invoice
AC-1028,AC-1017,188254,INR,2026-08-24,invoice
AC-1002,AC-1010,86165,INR,2026-08-25,invoice
AC-1029,AC-1005,78719,INR,2026-08-26,consulting
AC-1023,AC-1015,54404,INR,2026-08-27,freight
AC-1003,AC-1029,90231,INR,2026-08-28,freight
AC-1007,AC-1013,198830,INR,2026-08-10,freight
AC-1005,AC-1030,115559,INR,2026-08-11,invoice
AC-1007,AC-1023,91654,INR,2026-08-12,freight
AC-1019,AC-1008,55034,INR,2026-08-13,equipment
AC-1008,AC-1026,162433,INR,2026-08-14,invoice
AC-1023,AC-1001,164517,INR,2026-08-15,equipment
AC-1018,AC-1011,229315,INR,2026-08-16,freight
AC-1003,AC-1012,166152,INR,2026-08-17,equipment
AC-1015,AC-1022,64818,INR,2026-08-18,invoice
AC-1021,AC-1011,225896,INR,2026-08-19,freight
AC-1027,AC-1013,63009,INR,2026-08-20,freight
AC-1019,AC-1006,93853,INR,2026-08-21,equipment
AC-1026,AC-1029,30577,INR,2026-08-22,invoice
AC-1013,AC-1010,64763,INR,2026-08-23,freight
AC-1022,AC-1020,11414,INR,2026-08-24,consulting
AC-1027,AC-1017,239066,INR,2026-08-25,consulting
AC-1016,AC-1016,47884,INR,2026-08-26,freight
AC-1001,AC-1028,41775,INR,2026-08-27,freight
AC-1025,AC-1021,99395,INR,2026-08-28,freight
AC-1001,AC-1011,239879,INR,2026-08-10,consulting
AC-1010,AC-1006,136889,INR,2026-08-11,invoice
AC-1013,AC-1026,67067,INR,2026-08-12,equipment
AC-1003,AC-1027,185007,INR,2026-08-13,freight
AC-1003,AC-1002,234423,INR,2026-08-14,invoice
AC-1020,AC-1023,121315,INR,2026-08-15,equipment
AC-1021,AC-1029,53920,INR,2026-08-16,equipment
AC-1018,AC-1028,214719,INR,2026-08-17,equipment
AC-1014,AC-1027,69875,INR,2026-08-18,invoice
AC-1012,AC-1004,10073,INR,2026-08-19,consulting
AC-1022,AC-1018,143606,INR,2026-08-20,invoice
AC-1005,AC-1016,56347,INR,2026-08-21,invoice
AC-1009,AC-1005,127810,INR,2026-08-22,freight
AC-1007,AC-1014,35461,INR,2026-08-23,invoice
AC-1009,AC-1021,68188,INR,2026-08-24,equipment
AC-1015,AC-1004,138889,INR,2026-08-25,consulting
AC-1019,AC-1011,208457,INR,2026-08-26,consulting
AC-1030,AC-1001,151073,INR,2026-08-27,freight
AC-1019,AC-1026,12021,INR,2026-08-28,freight
AC-1016,AC-1013,68440,INR,2026-08-10,invoice
AC-1019,AC-1006,45635,INR,2026-08-11,equipment
AC-1020,AC-1017,119353,INR,2026-08-12,equipment
AC-1028,AC-1011,198011,INR,2026-08-13,equipment
AC-1004,AC-1028,185562,INR,2026-08-14,consulting
AC-1027,AC-1027,201293,INR,2026-08-15,equipment
AC-1018,AC-1024,234280,INR,2026-08-16,freight
AC-1005,AC-1028,128952,INR,2026-08-17,invoice
AC-1015,AC-1009,233103,INR,2026-08-18,consulting
AC-1001,AC-1021,111613,INR,2026-08-19,invoice
AC-1026,AC-1004,198839,INR,2026-08-20,freight
AC-1027,AC-1027,215407,INR,2026-08-21,equipment
AC-1025,AC-1024,200964,INR,2026-08-22,invoice
AC-1007,AC-1010,248529,INR,2026-08-23,consulting
AC-1019,AC-1017,199481,INR,2026-08-24,invoice
AC-1017,AC-1016,54132,INR,2026-08-25,freight
AC-1015,AC-1021,196179,INR,2026-08-26,equipment
AC-1017,AC-1008,192217,INR,2026-08-27,consulting
AC-1007,AC-1013,74689,INR,2026-08-28,freight
AC-1015,AC-1001,217672,INR,2026-08-10,equipment
AC-1004,AC-1008,188327,INR,2026-08-11,invoice
AC-1020,AC-1001,163484,INR,2026-08-12,invoice
AC-1012,AC-1007,134638,INR,2026-08-13,freight
AC-1001,AC-1006,143105,INR,2026-08-14,consulting
AC-1013,AC-1005,91654,INR,2026-08-15,equipment
AC-1026,AC-1006,10609,INR,2026-08-16,equipment
AC-1003,AC-1021,222386,INR,2026-08-17,consulting
AC-1028,AC-1028,61236,INR,2026-08-18,invoice
AC-1020,AC-1002,190084,INR,2026-08-19,equipment
AC-1015,AC-1015,35364,INR,2026-08-20,invoice
AC-1009,AC-1025,73518,INR,2026-08-21,invoice
AC-1001,AC-1002,185658,INR,2026-08-22,freight
AC-1023,AC-1019,220153,INR,2026-08-23,equipment
AC-1004,AC-1019,56634,INR,2026-08-24,consulting
AC-1009,AC-1012,204927,INR,2026-08-25,consulting
AC-1027,AC-1018,168873,INR,2026-08-26,invoice
AC-1002,AC-1020,126792,INR,2026-08-27,equipment
AC-1004,AC-1021,242365,INR,2026-08-28,consulting
AC-1005,AC-1025,72876,INR,2026-08-10,freight
AC-1001,AC-1019,191664,INR,2026-08-11,freight
AC-1005,AC-1024,102427,INR,2026-08-12,equipment
AC-1028,AC-1030,150808,INR,2026-08-13,freight
AC-1007,AC-1006,46769,INR,2026-08-14,equipment
AC-1003,AC-1016,220970,INR,2026-08-15,equipment
AC-1026,AC-1005,48883,INR,2026-08-16,equipment
AC-1001,AC-1009,218453,INR,2026-08-17,consulting
AC-1006,AC-1014,26380,INR,2026-08-18,invoice
AC-1018,AC-1027,163266,INR,2026-08-19,invoice
AC-1002,AC-1007,80329,INR,2026-08-20,freight
AC-1017,AC-1014,26259,INR,2026-08-21,freight
AC-1007,AC-1002,124739,INR,2026-08-22,invoice
AC-1005,AC-1018,104938,INR,2026-08-23,freight
AC-1023,AC-1021,44771,INR,2026-08-24,invoice
AC-1030,AC-1030,39950,INR,2026-08-25,invoice
AC-1002,AC-1020,88126,INR,2026-08-26,consulting
AC-1013,AC-1029,210643,INR,2026-08-27,freight
AC-1024,AC-1005,18620,INR,2026-08-28,equipment
AC-1007,AC-1014,142778,INR,2026-08-10,invoice
AC-1001,AC-1011,122106,INR,2026-08-11,freight
AC-1020,AC-1011,8120,INR,2026-08-12,invoice
AC-1004,AC-1016,64054,INR,2026-08-13,consulting
AC-1011,AC-1026,147859,INR,2026-08-14,invoice
AC-1001,AC-1026,121201,INR,2026-08-15,consulting
AC-1020,AC-1015,23705,INR,2026-08-16,consulting
AC-1025,AC-1025,9322,INR,2026-08-17,freight
AC-1006,AC-1006,24766,INR,2026-08-18,invoice
AC-1007,AC-1018,213372,INR,2026-08-19,freight
AC-1019,AC-1002,195087,INR,2026-08-20,freight
AC-1029,AC-1003,171976,INR,2026-08-21,freight
AC-1016,AC-1005,48913,INR,2026-08-22,invoice
AC-1001,AC-1026,216158,INR,2026-08-23,equipment
AC-1011,AC-1028,241959,INR,2026-08-24,equipment
AC-1024,AC-1014,207959,INR,2026-08-25,invoice
AC-1016,AC-1004,149535,INR,2026-08-26,consulting
AC-1018,AC-1026,18181,INR,2026-08-27,freight
AC-1027,AC-1001,119469,INR,2026-08-28,equipment
AC-1010,AC-1008,106958,INR,2026-08-10,invoice
AC-1005,AC-1027,59385,INR,2026-08-11,equipment
AC-1010,AC-1028,206431,INR,2026-08-12,consulting
AC-1006,AC-1012,38057,INR,2026-08-13,invoice
AC-1021,AC-1013,4286,INR,2026-08-14,consulting
AC-1011,AC-1006,56525,INR,2026-08-15,equipment
AC-1025,AC-1003,37452,INR,2026-08-16,invoice
AC-1019,AC-1009,80227,INR,2026-08-17,freight
AC-1026,AC-1027,124626,INR,2026-08-18,consulting
AC-1013,AC-1020,6175,INR,2026-08-19,consulting
AC-1022,AC-1006,110525,INR,2026-08-20,equipment
AC-1011,AC-1004,59140,INR,2026-08-21,consulting
AC-1016,AC-1014,20933,INR,2026-08-22,freight
AC-1020,AC-1027,78921,INR,2026-08-23,invoice
AC-1022,AC-1005,71120,INR,2026-08-24,equipment
AC-1027,AC-1023,94383,INR,2026-08-25,equipment
AC-1004,AC-1013,9963,INR,2026-08-26,consulting
AC-1004,AC-1004,150975,INR,2026-08-27,invoice
AC-1011,AC-1030,141027,INR,2026-08-28,invoice
AC-1006,AC-1026,112937,INR,2026-08-10,freight
AC-1025,AC-1023,75101,INR,2026-08-11,freight
AC-1009,AC-1016,146002,INR,2026-08-12,freight
AC-1026,AC-1029,238355,INR,2026-08-13,freight
AC-1005,AC-1007,121782,INR,2026-08-14,freight
AC-1002,AC-1030,2785,INR,2026-08-15,equipment
AC-1010,AC-1015,68097,INR,2026-08-16,invoice
AC-1017,AC-1024,60732,INR,2026-08-17,freight
AC-1027,AC-1022,146392,INR,2026-08-18,invoice
AC-1019,AC-1004,150166,INR,2026-08-19,invoice
AC-1016,AC-1010,162703,INR,2026-08-20,consulting
AC-1003,AC-1014,79096,INR,2026-08-21,invoice
AC-1002,AC-1013,150007,INR,2026-08-22,consulting
AC-1013,AC-1020,191710,INR,2026-08-23,consulting
AC-1027,AC-1007,206143,INR,2026-08-24,equipment
AC-1008,AC-1009,141894,INR,2026-08-25,equipment
AC-1017,AC-1014,71138,INR,2026-08-26,freight
AC-1002,AC-1017,41595,INR,2026-08-27,invoice
AC-1008,AC-1019,138605,INR,2026-08-28,freight
AC-1011,AC-1009,113415,INR,2026-08-10,consulting
AC-1005,AC-1023,224562,INR,2026-08-11,invoice
AC-1006,AC-1003,43896,INR,2026-08-12,consulting
AC-1024,AC-1024,129137,INR,2026-08-13,consulting
AC-1028,AC-1001,94432,INR,2026-08-14,equipment
AC-1001,AC-1029,54811,INR,2026-08-15,consulting
AC-1001,AC-1002,5655,INR,2026-08-16,invoice
AC-1018,AC-1017,99052,INR,2026-08-17,consulting
AC-1026,AC-1010,195226,INR,2026-08-18,freight
AC-1015,AC-1008,155896,INR,2026-08-19,invoice
AC-1020,AC-1001,1130,INR,2026-08-20,invoice
AC-1004,AC-1009,31474,INR,2026-08-21,freight
AC-1026,AC-1001,6316,INR,2026-08-22,invoice
AC-1013,AC-1019,197636,INR,2026-08-23,consulting
AC-1027,AC-1008,36652,INR,2026-08-24,freight
AC-1007,AC-1030,119983,INR,2026-08-25,freight
AC-1024,AC-1023,162196,INR,2026-08-26,invoice
AC-1013,AC-1001,142273,INR,2026-08-27,equipment
AC-1010,AC-1018,221144,INR,2026-08-28,invoice
AC-1028,AC-1028,238733,INR,2026-08-10,freight
AC-1016,AC-1009,102095,INR,2026-08-11,consulting
AC-1002,AC-1002,6294,INR,2026-08-12,equipment
AC-1022,AC-1008,65534,INR,2026-08-13,freight
AC-1004,AC-1029,25620,INR,2026-08-14,consulting
AC-1015,AC-1003,243930,INR,2026-08-15,invoice
AC-1017,AC-1029,22574,INR,2026-08-16,equipment
AC-1003,AC-1022,158618,INR,2026-08-17,equipment
AC-1023,AC-1009,86685,INR,2026-08-18,consulting
AC-1025,AC-1019,211238,INR,2026-08-19,equipment
AC-1005,AC-1001,49824,INR,2026-08-20,equipment
AC-1026,AC-1028,174505,INR,2026-08-21,invoice
AC-1003,AC-1012,53584,INR,2026-08-22,equipment
AC-1025,AC-1008,73056,INR,2026-08-23,freight
AC-1014,AC-1001,117291,INR,2026-08-24,equipment
AC-1013,AC-1019,159426,INR,2026-08-25,equipment
AC-1010,AC-1019,233707,INR,2026-08-26,equipment
AC-1028,AC-1013,113481,INR,2026-08-27,freight
AC-1005,AC-1023,14318,INR,2026-08-28,invoice
AC-1002,AC-1018,36412,INR,2026-08-10,equipment
AC-1029,AC-1021,189260,INR,2026-08-11,invoice
AC-1026,AC-1005,185412,INR,2026-08-12,invoice
AC-1023,AC-1017,40150,INR,2026-08-13,consulting
AC-1021,AC-1008,134818,INR,2026-08-14,freight
AC-1020,AC-1030,201329,INR,2026-08-15,equipment
AC-1001,AC-1005,233737,INR,2026-08-16,freight
AC-1005,AC-1002,139416,INR,2026-08-17,equipment
AC-1017,AC-1029,18607,INR,2026-08-18,freight
AC-1009,AC-1023,85384,INR,2026-08-19,consulting
AC-1015,AC-1008,207256,INR,2026-08-20,equipment
AC-1021,AC-1007,108144,INR,2026-08-21,equipment
AC-1006,AC-1030,58516,INR,2026-08-22,equipment
AC-1015,AC-1001,2457,INR,2026-08-23,equipment
AC-1003,AC-1006,162715,INR,2026-08-24,invoice
AC-1025,AC-1018,249396,INR,2026-08-25,consulting
AC-1018,AC-1023,87285,INR,2026-08-26,invoice
AC-1018,AC-1004,180242,INR,2026-08-27,freight
AC-1003,AC-1021,46568,INR,2026-08-28,equipment
AC-1012,AC-1019,4942,INR,2026-08-10,equipment
AC-1022,AC-1028,234149,INR,2026-08-11,freight
AC-1004,AC-1029,8561,INR,2026-08-12,invoice
AC-1015,AC-1020,45572,INR,2026-08-13,consulting
AC-1002,AC-1009,112046,INR,2026-08-14,freight
AC-1001,AC-1002,22598,INR,2026-08-15,consulting
AC-1018,AC-1008,137186,INR,2026-08-16,consulting
AC-1015,AC-1003,8015,INR,2026-08-17,invoice
AC-1024,AC-1029,195714,INR,2026-08-18,consulting
AC-1007,AC-1029,33582,INR,2026-08-19,freight
AC-1003,AC-1012,23730,INR,2026-08-20,consulting
AC-1001,AC-1021,237345,INR,2026-08-21,equipment
AC-1018,AC-1023,98360,INR,2026-08-22,invoice
AC-1016,AC-1024,112810,INR,2026-08-23,freight
AC-1025,AC-1011,59072,INR,2026-08-24,equipment
AC-1010,AC-1013,190410,INR,2026-08-25,invoice
AC-1029,AC-1010,171978,INR,2026-08-26,consulting
AC-1029,AC-1005,115542,INR,2026-08-27,freight
AC-1008,AC-1028,166452,INR,2026-08-28,equipment
AC-1013,AC-1027,6843,INR,2026-08-10,invoice
AC-1020,AC-1003,87516,INR,2026-08-11,consulting
AC-1001,AC-1012,131117,INR,2026-08-12,consulting
AC-1024,AC-1010,129177,INR,2026-08-13,consulting
AC-1009,AC-1008,91927,INR,2026-08-14,freight
AC-1003,AC-1016,107685,INR,2026-08-15,consulting
AC-1006,AC-1011,198656,INR,2026-08-16,invoice
AC-1024,AC-1022,33337,INR,2026-08-17,freight
AC-1022,AC-1006,103597,INR,2026-08-18,freight
AC-1001,AC-1017,103006,INR,2026-08-19,freight
AC-1023,AC-1026,101811,INR,2026-08-20,equipment
AC-1030,AC-1023,205553,INR,2026-08-21,freight
AC-1005,AC-1028,34334,INR,2026-08-22,equipment
AC-1003,AC-1030,163146,INR,2026-08-23,freight
AC-1029,AC-1014,223675,INR,2026-08-24,freight
AC-1017,AC-1028,221580,INR,2026-08-25,equipment
AC-1026,AC-1020,77176,INR,2026-08-26,freight
AC-1015,AC-1027,21357,INR,2026-08-27,consulting
AC-1019,AC-1002,167789,INR,2026-08-28,consulting
AC-1012,AC-1001,9818,INR,2026-08-10,freight
AC-1030,AC-1004,211610,INR,2026-08-11,equipment
AC-1017,AC-1019,126963,INR,2026-08-12,equipment
AC-1005,AC-1005,61930,INR,2026-08-13,equipment
AC-1028,AC-1009,213030,INR,2026-08-14,consulting
AC-1010,AC-1002,80790,INR,2026-08-15,freight
AC-1029,AC-1024,197880,INR,2026-08-16,freight
AC-1018,AC-1005,248624,INR,2026-08-17,invoice
AC-1005,AC-1003,88403,INR,2026-08-18,freight
AC-1027,AC-1009,158742,INR,2026-08-19,equipment
AC-1006,AC-1012,67562,INR,2026-08-20,consulting
AC-1001,AC-1013,173245,INR,2026-08-21,equipment
AC-1026,AC-1010,168760,INR,2026-08-22,invoice
AC-1025,AC-1004,26746,INR,2026-08-23,freight
AC-1025,AC-1007,143564,INR,2026-08-24,invoice
AC-1017,AC-1005,121779,INR,2026-08-25,consulting
AC-1001,AC-1028,175543,INR,2026-08-26,freight
AC-1008,AC-1010,59323,INR,2026-08-27,equipment
AC-1022,AC-1019,207069,INR,2026-08-28,equipment
AC-1017,AC-1028,226742,INR,2026-08-10,consulting
AC-1024,AC-1003,138723,INR,2026-08-11,equipment
AC-1019,AC-1026,110291,INR,2026-08-12,invoice
AC-1013,AC-1013,68321,INR,2026-08-13,invoice
AC-1012,AC-1028,26029,INR,2026-08-14,invoice
AC-1002,AC-1006,24133,INR,2026-08-15,consulting
AC-1027,AC-1029,97523,INR,2026-08-16,equipment
AC-1007,AC-1022,196792,INR,2026-08-17,equipment
AC-1003,AC-1026,190620,INR,2026-08-18,consulting
AC-1008,AC-1028,7932,INR,2026-08-19,invoice
AC-1023,AC-1013,13608,INR,2026-08-20,equipment
AC-1020,AC-1024,249565,INR,2026-08-21,freight
AC-1001,AC-1027,248229,INR,2026-08-22,consulting
AC-1016,AC-1005,26590,INR,2026-08-23,freight
AC-1002,AC-1002,53369,INR,2026-08-24,consulting
AC-1002,AC-1023,53109,INR,2026-08-25,invoice
AC-1020,AC-1015,144628,INR,2026-08-26,invoice
AC-1003,AC-1003,211954,INR,2026-08-27,equipment
AC-1002,AC-1001,55262,INR,2026-08-28,equipment
AC-1030,AC-1030,124727,INR,2026-08-10,invoice
AC-1008,AC-1004,196913,INR,2026-08-11,freight
AC-1024,AC-1004,154834,INR,2026-08-12,freight
AC-1025,AC-1021,145681,INR,2026-08-13,freight
AC-1002,AC-1025,196652,INR,2026-08-14,invoice
AC-1029,AC-1021,198868,INR,2026-08-15,freight
AC-1029,AC-1030,41036,INR,2026-08-16,equipment
AC-1022,AC-1023,161950,INR,2026-08-17,invoice
AC-1024,AC-1017,67980,INR,2026-08-18,invoice
AC-1019,AC-1021,74933,INR,2026-08-19,freight
AC-1027,AC-1017,86405,INR,2026-08-20,equipment
AC-1030,AC-1001,165056,INR,2026-08-21,invoice
AC-1003,AC-1007,114950,INR,2026-08-22,equipment
AC-1008,AC-1011,139214,INR,2026-08-23,consulting
AC-1023,AC-1004,6183,INR,2026-08-24,freight
AC-1030,AC-1006,146555,INR,2026-08-25,freight
AC-1017,AC-1024,1157,INR,2026-08-26,freight
AC-1005,AC-1025,122928,INR,2026-08-27,invoice
AC-1023,AC-1008,122919,INR,2026-08-28,invoice
AC-1014,AC-1004,112120,INR,2026-08-10,invoice
AC-1018,AC-1023,134463,INR,2026-08-11,invoice
AC-1025,AC-1020,123452,INR,2026-08-12,consulting
AC-1005,AC-1029,53413,INR,2026-08-13,freight
AC-1009,AC-1016,128808,INR,2026-08-14,invoice
AC-1018,AC-1007,127433,INR,2026-08-15,equipment
AC-1027,AC-1008,10819,INR,2026-08-16,freight
AC-1029,AC-1014,146961,INR,2026-08-17,invoice
AC-1029,AC-1029,2078,INR,2026-08-18,consulting
AC-1026,AC-1010,143650,INR,2026-08-19,invoice
AC-1022,AC-1024,188028,INR,2026-08-20,equipment
AC-1026,AC-1012,122283,INR,2026-08-21,invoice
AC-1001,AC-1006,170992,INR,2026-08-22,equipment
AC-1022,AC-1028,77100,INR,2026-08-23,consulting
AC-1026,AC-1025,35627,INR,2026-08-24,consulting
AC-1029,AC-1013,49067,INR,2026-08-25,consulting
AC-1027,AC-1004,102670,INR,2026-08-26,invoice
AC-1026,AC-1013,158182,INR,2026-08-27,freight
AC-1018,AC-1012,222263,INR,2026-08-28,freight
AC-1009,AC-1013,174937,INR,2026-08-10,freight
AC-1001,AC-1013,210187,INR,2026-08-11,freight
AC-1022,AC-1022,93706,INR,2026-08-12,invoice
AC-1014,AC-1020,181153,INR,2026-08-13,invoice
AC-1008,AC-1019,222994,INR,2026-08-14,equipment
AC-1023,AC-1024,246561,INR,2026-08-15,consulting
AC-1003,AC-1011,14646,INR,2026-08-16,invoice
AC-1027,AC-1014,234776,INR,2026-08-17,equipment
AC-1027,AC-1005,102065,INR,2026-08-18,invoice
AC-1001,AC-1016,243452,INR,2026-08-19,invoice
AC-1007,AC-1007,95664,INR,2026-08-20,invoice
AC-1027,AC-1021,137267,INR,2026-08-21,equipment
AC-1029,AC-1026,41286,INR,2026-08-22,equipment
AC-1028,AC-1007,184489,INR,2026-08-23,invoice
AC-1020,AC-1018,227188,INR,2026-08-24,consulting
AC-1019,AC-1005,75893,INR,2026-08-25,equipment
AC-1017,AC-1003,58024,INR,2026-08-26,invoice
AC-1001,AC-1010,239554,INR,2026-08-27,invoice
AC-1024,AC-1014,157716,INR,2026-08-28,invoice
AC-1027,AC-1001,83190,INR,2026-08-10,consulting
AC-1002,AC-1005,26709,INR,2026-08-11,equipment
AC-1030,AC-1003,99093,INR,2026-08-12,freight
AC-1024,AC-1012,200436,INR,2026-08-13,freight
AC-1023,AC-1010,106229,INR,2026-08-14,consulting
AC-1008,AC-1022,227721,INR,2026-08-15,equipment
AC-1008,AC-1010,144416,INR,2026-08-16,invoice
AC-1003,AC-1001,85670,INR,2026-08-17,invoice
AC-1027,AC-1004,231058,INR,2026-08-18,equipment
AC-1030,AC-1016,110510,INR,2026-08-19,equipment
AC-1025,AC-1005,128853,INR,2026-08-20,freight
AC-1028,AC-1004,84151,INR,2026-08-21,freight
AC-1008,AC-1018,88582,INR,2026-08-22,equipment
AC-1024,AC-1025,239952,INR,2026-08-23,invoice
AC-1005,AC-1018,202213,INR,2026-08-24,invoice
AC-1029,AC-1015,238173,INR,2026-08-25,freight
AC-1011,AC-1026,26066,INR,2026-08-26,consulting
AC-1008,AC-1019,97797,INR,2026-08-27,freight
AC-1017,AC-1004,89737,INR,2026-08-28,equipment
AC-1009,AC-1005,98915,INR,2026-08-10,invoice
AC-1025,AC-1022,213136,INR,2026-08-11,freight
AC-1006,AC-1008,192755,INR,2026-08-12,freight
AC-1001,AC-1005,77749,INR,2026-08-13,equipment
AC-1014,AC-1025,193750,INR,2026-08-14,equipment
AC-1025,AC-1009,111097,INR,2026-08-15,freight
AC-1015,AC-1005,9865,INR,2026-08-16,equipment
AC-1003,AC-1015,26922,INR,2026-08-17,invoice
AC-1015,AC-1007,16279,INR,2026-08-18,freight
AC-1004,AC-1012,100985,INR,2026-08-19,equipment
AC-1025,AC-1021,126258,INR,2026-08-20,consulting
AC-1016,AC-1022,189691,INR,2026-08-21,invoice
AC-1007,AC-1004,127829,INR,2026-08-22,equipment
AC-1010,AC-1008,139206,INR,2026-08-23,invoice
AC-1025,AC-1006,233208,INR,2026-08-24,freight
AC-1010,AC-1027,19359,INR,2026-08-25,equipment
AC-1017,AC-1028,85267,INR,2026-08-26,freight
AC-1022,AC-1006,100735,INR,2026-08-27,invoice
AC-1006,AC-1019,45537,INR,2026-08-28,equipment
AC-1009,AC-1025,197314,INR,2026-08-10,freight
AC-1022,AC-1017,105848,INR,2026-08-11,consulting
AC-1029,AC-1015,48992,INR,2026-08-12,equipment
AC-1002,AC-1015,109464,INR,2026-08-13,freight
AC-1009,AC-1005,2946,INR,2026-08-14,freight
AC-1021,AC-1029,99143,INR,2026-08-15,consulting
AC-1005,AC-1016,248132,INR,2026-08-16,invoice
AC-1028,AC-1027,185430,INR,2026-08-17,consulting
AC-1011,AC-1007,190731,INR,2026-08-18,freight
AC-1016,AC-1014,181556,INR,2026-08-19,consulting
AC-1012,AC-1020,33117,INR,2026-08-20,consulting
AC-1029,AC-1017,113296,INR,2026-08-21,freight
AC-1020,AC-1002,106795,INR,2026-08-22,invoice
AC-1026,AC-1009,135781,INR,2026-08-23,freight
AC-1019,AC-1022,61527,INR,2026-08-24,consulting
AC-1002,AC-1023,87965,INR,2026-08-25,equipment
AC-1025,AC-1008,68330,INR,2026-08-26,invoice
AC-1012,AC-1026,6908,INR,2026-08-27,consulting
AC-1016,AC-1007,151693,INR,2026-08-28,freight
AC-1024,AC-1003,237439,INR,2026-08-10,equipment
AC-1020,AC-1028,118050,INR,2026-08-11,freight
AC-1009,AC-1025,2565,INR,2026-08-12,equipment
AC-1007,AC-1022,172278,INR,2026-08-13,equipment
AC-1014,AC-1015,15394,INR,2026-08-14,freight
AC-1017,AC-1020,231417,INR,2026-08-15,freight
AC-1016,AC-1023,89117,INR,2026-08-16,equipment
AC-1009,AC-1006,114632,INR,2026-08-17,invoice
AC-1019,AC-1023,226389,INR,2026-08-18,invoice
AC-1008,AC-1027,205051,INR,2026-08-19,equipment
AC-1005,AC-1028,47679,INR,2026-08-20,freight
AC-1007,AC-1028,105747,INR,2026-08-21,consulting
AC-1015,AC-1024,54315,INR,2026-08-22,consulting
AC-1002,AC-1023,46404,INR,2026-08-23,consulting
AC-1021,AC-1005,126641,INR,2026-08-24,invoice
AC-1004,AC-1025,19913,INR,2026-08-25,freight
AC-1027,AC-1012,170970,INR,2026-08-26,freight
AC-1014,AC-1020,31888,INR,2026-08-27,freight
AC-1004,AC-1014,43341,INR,2026-08-28,invoice
AC-1025,AC-1010,41567,INR,2026-08-10,equipment
AC-1004,AC-1010,70558,INR,2026-08-11,freight
AC-1019,AC-1018,61248,INR,2026-08-12,invoice
AC-1012,AC-1006,246664,INR,2026-08-13,invoice
AC-1027,AC-1014,151922,INR,2026-08-14,invoice
AC-1007,AC-1019,224770,INR,2026-08-15,consulting
AC-1006,AC-1001,235783,INR,2026-08-16,consulting
AC-1024,AC-1014,149315,INR,2026-08-17,invoice
AC-1004,AC-1029,70017,INR,2026-08-18,consulting
AC-1022,AC-1013,70671,INR,2026-08-19,freight
AC-1027,AC-1003,16122,INR,2026-08-20,freight
AC-1018,AC-1001,227883,INR,2026-08-21,invoice
AC-1015,AC-1015,231864,INR,2026-08-22,invoice
AC-1030,AC-1007,211596,INR,2026-08-23,invoice
AC-1013,AC-1030,51110,INR,2026-08-24,freight
AC-1029,AC-1025,10562,INR,2026-08-25,equipment
AC-1022,AC-1001,247022,INR,2026-08-26,invoice
AC-1010,AC-1019,52229,INR,2026-08-27,consulting
AC-1006,AC-1014,219174,INR,2026-08-28,freight
AC-1006,AC-1009,240588,INR,2026-08-10,equipment
AC-1013,AC-1019,58937,INR,2026-08-11,invoice
AC-1028,AC-1026,115742,INR,2026-08-12,consulting
AC-1019,AC-1009,205382,INR,2026-08-13,freight
AC-1014,AC-1008,240342,INR,2026-08-14,invoice
AC-1018,AC-1008,147790,INR,2026-08-15,invoice
AC-1024,AC-1013,198491,INR,2026-08-16,equipment
AC-1009,AC-1002,41216,INR,2026-08-17,equipment
AC-1020,AC-1024,160878,INR,2026-08-18,equipment
AC-1004,AC-1023,158486,INR,2026-08-19,consulting
AC-1024,AC-1020,59197,INR,2026-08-20,consulting
AC-1015,AC-1023,41669,INR,2026-08-21,freight
AC-1006,AC-1018,226002,INR,2026-08-22,invoice
AC-1006,AC-1029,150351,INR,2026-08-23,invoice
AC-1027,AC-1013,58500,INR,2026-08-24,equipment
AC-1021,AC-1002,78490,INR,2026-08-25,freight
AC-1002,AC-1005,217946,INR,2026-08-26,freight
AC-1023,AC-1014,118886,INR,2026-08-27,freight
AC-1021,AC-1011,216273,INR,2026-08-28,consulting
AC-1015,AC-1028,43819,INR,2026-08-10,equipment
AC-1012,AC-1007,154420,INR,2026-08-11,freight
AC-1009,AC-1020,196574,INR,2026-08-12,equipment
AC-1001,AC-1015,189724,INR,2026-08-13,invoice
AC-1017,AC-1028,143415,INR,2026-08-14,freight
AC-1010,AC-1027,981,INR,2026-08-15,freight
AC-1024,AC-1016,95509,INR,2026-08-16,freight
AC-1028,AC-1028,5938,INR,2026-08-17,consulting
AC-1002,AC-1018,2931,INR,2026-08-18,invoice
AC-1019,AC-1027,221615,INR,2026-08-19,consulting
AC-1020,AC-1002,43740,INR,2026-08-20,consulting
AC-1025,AC-1003,237259,INR,2026-08-21,equipment
AC-1025,AC-1027,247844,INR,2026-08-22,equipment
AC-1029,AC-1027,62691,INR,2026-08-23,invoice
AC-1009,AC-1009,142388,INR,2026-08-24,invoice
AC-1019,AC-1008,45693,INR,2026-08-25,consulting
AC-1012,AC-1007,65069,INR,2026-08-26,consulting
AC-1006,AC-1001,44230,INR,2026-08-27,consulting
AC-1012,AC-1003,10928,INR,2026-08-28,consulting
AC-1026,AC-1012,237717,INR,2026-08-10,equipment
AC-1012,AC-1028,15815,INR,2026-08-11,invoice
AC-1020,AC-1029,191454,INR,2026-08-12,consulting
AC-1011,AC-1010,86380,INR,2026-08-13,invoice
AC-1008,AC-1028,106371,INR,2026-08-14,equipment
AC-1023,AC-1026,54815,INR,2026-08-15,consulting
AC-1025,AC-1025,64633,INR,2026-08-16,consulting
AC-1029,AC-1006,77462,INR,2026-08-17,consulting
AC-1013,AC-1030,43034,INR,2026-08-18,freight
AC-1005,AC-1001,213070,INR,2026-08-19,invoice
AC-1012,AC-1019,195972,INR,2026-08-20,consulting
AC-1004,AC-1005,218262,INR,2026-08-21,equipment
AC-1025,AC-1009,23965,INR,2026-08-22,consulting
AC-1029,AC-1019,15331,INR,2026-08-23,freight
AC-1025,AC-1011,197213,INR,2026-08-24,freight
AC-1011,AC-1030,229512,INR,2026-08-25,consulting
AC-1002,AC-1004,37642,INR,2026-08-26,consulting
AC-1016,AC-1013,52177,INR,2026-08-27,invoice
AC-1016,AC-1015,81249,INR,2026-08-28,equipment
AC-1009,AC-1006,17437,INR,2026-08-10,invoice
AC-1013,AC-1006,156303,INR,2026-08-11,equipment
AC-1021,AC-1003,148717,INR,2026-08-12,consulting
AC-1029,AC-1015,89876,INR,2026-08-13,invoice
AC-1019,AC-1005,47648,INR,2026-08-14,freight
AC-1015,AC-1003,184534,INR,2026-08-15,consulting
AC-1004,AC-1016,97866,INR,2026-08-16,consulting
AC-1024,AC-1013,33832,INR,2026-08-17,freight
AC-1028,AC-1009,124362,INR,2026-08-18,equipment
AC-1005,AC-1022,223871,INR,2026-08-19,freight
AC-1009,AC-1013,27220,INR,2026-08-20,consulting
AC-1023,AC-1001,233651,INR,2026-08-21,freight
AC-1004,AC-1015,212233,INR,2026-08-22,consulting
AC-1001,AC-1001,149955,INR,2026-08-23,consulting
AC-1022,AC-1024,230768,INR,2026-08-24,equipment
AC-1011,AC-1028,36276,INR,2026-08-25,equipment
AC-1002,AC-1007,43822,INR,2026-08-26,invoice
AC-1003,AC-1012,181413,INR,2026-08-27,consulting
AC-1028,AC-1011,93213,INR,2026-08-28,invoice
AC-1011,AC-1004,71266,INR,2026-08-10,consulting
AC-1024,AC-1025,36838,INR,2026-08-11,invoice
AC-1019,AC-1021,27792,INR,2026-08-12,equipment
AC-1008,AC-1022,220795,INR,2026-08-13,invoice
AC-1017,AC-1028,116017,INR,2026-08-14,freight
AC-1030,AC-1019,121097,INR,2026-08-15,consulting
AC-1009,AC-1015,158968,INR,2026-08-16,consulting
AC-1012,AC-1023,194563,INR,2026-08-17,equipment
AC-1028,AC-1005,40443,INR,2026-08-18,invoice
AC-1017,AC-1018,62185,INR,2026-08-19,equipment
AC-1021,AC-1026,177303,INR,2026-08-20,equipment
AC-1023,AC-1030,141729,INR,2026-08-21,invoice
AC-1019,AC-1006,193175,INR,2026-08-22,invoice
AC-1010,AC-1025,142523,INR,2026-08-23,freight
AC-1016,AC-1002,113344,INR,2026-08-24,freight
AC-1021,AC-1013,217702,INR,2026-08-25,consulting
AC-1007,AC-1029,61717,INR,2026-08-26,consulting
AC-1019,AC-1019,146576,INR,2026-08-27,freight
AC-1012,AC-1004,94089,INR,2026-08-28,invoice
AC-1006,AC-1011,122742,INR,2026-08-10,equipment
AC-1014,AC-1009,15278,INR,2026-08-11,equipment
AC-1021,AC-1017,206192,INR,2026-08-12,equipment
AC-1024,AC-1017,139292,INR,2026-08-13,consulting
AC-1027,AC-1024,142197,INR,2026-08-14,consulting
AC-1025,AC-1011,183612,INR,2026-08-15,freight
AC-1023,AC-1026,125509,INR,2026-08-16,consulting
AC-1013,AC-1026,45312,INR,2026-08-17,invoice
AC-1024,AC-1017,70013,INR,2026-08-18,freight
AC-1016,AC-1005,172861,INR,2026-08-19,consulting
AC-1012,AC-1010,242465,INR,2026-08-20,consulting
AC-1028,AC-1025,167405,INR,2026-08-21,equipment
AC-1024,AC-1012,21261,INR,2026-08-22,freight
AC-1006,AC-1018,41937,INR,2026-08-23,consulting
AC-1006,AC-1028,92095,INR,2026-08-24,invoice
AC-1025,AC-1004,140047,INR,2026-08-25,consulting
AC-1012,AC-1024,208867,INR,2026-08-26,freight
AC-1006,AC-1025,231702,INR,2026-08-27,equipment
AC-1015,AC-1006,145076,INR,2026-08-28,freight
AC-1007,AC-1019,199605,INR,2026-08-10,equipment
AC-1029,AC-1006,169626,INR,2026-08-11,invoice
AC-1003,AC-1028,248176,INR,2026-08-12,consulting
AC-1026,AC-1006,64654,INR,2026-08-13,equipment
AC-1003,AC-1010,149601,INR,2026-08-14,consulting
AC-1020,AC-1001,206835,INR,2026-08-15,invoice
AC-1020,AC-1023,171986,INR,2026-08-16,freight
AC-1013,AC-1006,218216,INR,2026-08-17,freight
AC-1002,AC-1005,107705,INR,2026-08-18,freight
AC-1001,AC-1009,241045,INR,2026-08-19,equipment
AC-1027,AC-1027,14042,INR,2026-08-20,equipment
AC-1014,AC-1007,48775,INR,2026-08-21,invoice
AC-1016,AC-1027,74971,INR,2026-08-22,invoice
AC-1001,AC-1023,60962,INR,2026-08-23,invoice
AC-1002,AC-1024,199547,INR,2026-08-24,invoice
AC-1019,AC-1008,64635,INR,2026-08-25,equipment
AC-1025,AC-1007,141478,INR,2026-08-26,consulting
AC-1005,AC-1006,78337,INR,2026-08-27,freight
AC-1003,AC-1003,249191,INR,2026-08-28,consulting
AC-1013,AC-1028,1767,INR,2026-08-10,invoice
AC-1014,AC-1001,244506,INR,2026-08-11,consulting
AC-1015,AC-1016,173022,INR,2026-08-12,invoice
AC-1011,AC-1013,73908,INR,2026-08-13,freight
AC-1004,AC-1030,179841,INR,2026-08-14,freight
AC-1027,AC-1027,14639,INR,2026-08-15,freight
AC-1014,AC-1028,34276,INR,2026-08-16,freight
AC-1010,AC-1007,186034,INR,2026-08-17,equipment
AC-1001,AC-1001,150312,INR,2026-08-18,equipment
AC-1008,AC-1015,45722,INR,2026-08-19,consulting
AC-1009,AC-1014,23877,INR,2026-08-20,freight
AC-1027,AC-1014,173012,INR,2026-08-21,consulting
AC-1028,AC-1008,176750,INR,2026-08-22,invoice
AC-1007,AC-1028,232525,INR,2026-08-23,consulting
AC-1026,AC-1014,30309,INR,2026-08-24,invoice
AC-1021,AC-1030,208015,INR,2026-08-25,equipment
AC-1010,AC-1023,24669,INR,2026-08-26,freight
AC-1010,AC-1005,246322,INR,2026-08-27,consulting
AC-1023,AC-1004,102247,INR,2026-08-28,equipment
AC-1009,AC-1029,214455,INR,2026-08-10,equipment
AC-1004,AC-1030,196560,INR,2026-08-11,consulting
AC-1015,AC-1006,121864,INR,2026-08-12,freight
AC-1022,AC-1029,102056,INR,2026-08-13,equipment
AC-1016,AC-1014,234684,INR,2026-08-14,invoice
AC-1014,AC-1028,181796,INR,2026-08-15,consulting
AC-1026,AC-1009,158691,INR,2026-08-16,equipment
AC-1006,AC-1020,12047,INR,2026-08-17,equipment
AC-1029,AC-1014,212285,INR,2026-08-18,invoice
AC-1016,AC-1011,225260,INR,2026-08-19,equipment
AC-1004,AC-1017,144554,INR,2026-08-20,freight
AC-1001,AC-1003,219374,INR,2026-08-21,freight
AC-1020,AC-1020,148264,INR,2026-08-22,consulting
AC-1006,AC-1010,183051,INR,2026-08-23,consulting
AC-1002,AC-1029,44473,INR,2026-08-24,equipment
AC-1018,AC-1008,116981,INR,2026-08-25,equipment
AC-1009,AC-1025,70326,INR,2026-08-26,invoice
AC-1025,AC-1016,44347,INR,2026-08-27,consulting
AC-1009,AC-1012,112552,INR,2026-08-28,equipment
AC-1026,AC-1007,131579,INR,2026-08-10,freight
AC-1019,AC-1009,117857,INR,2026-08-11,invoice
AC-1006,AC-1012,229402,INR,2026-08-12,equipment
AC-1025,AC-1018,97170,INR,2026-08-13,consulting
AC-1013,AC-1027,199758,INR,2026-08-14,consulting
AC-1014,AC-1018,149100,INR,2026-08-15,invoice
AC-1009,AC-1023,122831,INR,2026-08-16,consulting
AC-1007,AC-1017,113987,INR,2026-08-17,equipment
AC-1003,AC-1021,3418,INR,2026-08-18,invoice
AC-1020,AC-1011,59792,INR,2026-08-19,equipment
AC-1021,AC-1029,82288,INR,2026-08-20,freight
AC-1024,AC-1009,45962,INR,2026-08-21,invoice
AC-1013,AC-1024,73264,INR,2026-08-22,consulting
AC-1011,AC-1025,154906,INR,2026-08-23,invoice
AC-1027,AC-1026,8770,INR,2026-08-24,consulting
AC-1016,AC-1018,20606,INR,2026-08-25,equipment
AC-1022,AC-1014,13333,INR,2026-08-26,equipment
AC-1016,AC-1028,169999,INR,2026-08-27,freight
AC-1024,AC-1004,77215,INR,2026-08-28,consulting
AC-1015,AC-1017,237891,INR,2026-08-10,equipment
AC-1009,AC-1007,120059,INR,2026-08-11,invoice
AC-1013,AC-1024,98600,INR,2026-08-12,invoice
AC-1018,AC-1025,118574,INR,2026-08-13,equipment
AC-1029,AC-1014,67465,INR,2026-08-14,freight
AC-1028,AC-1015,34688,INR,2026-08-15,freight
AC-1025,AC-1008,106190,INR,2026-08-16,invoice
AC-1012,AC-1022,78089,INR,2026-08-17,invoice
AC-1017,AC-1012,214284,INR,2026-08-18,invoice
AC-1002,AC-1005,118951,INR,2026-08-19,freight
AC-1030,AC-1023,44011,INR,2026-08-20,invoice
AC-1001,AC-1025,135784,INR,2026-08-21,equipment
AC-1011,AC-1002,183096,INR,2026-08-22,freight
AC-1021,AC-1027,219829,INR,2026-08-23,freight
AC-1001,AC-1010,62165,INR,2026-08-24,equipment
AC-1014,AC-1025,231540,INR,2026-08-25,freight
AC-1002,AC-1011,236028,INR,2026-08-26,invoice
AC-1008,AC-1023,65256,INR,2026-08-27,freight
AC-1009,AC-1030,111610,INR,2026-08-28,consulting
AC-1007,AC-1001,104152,INR,2026-08-10,freight
AC-1021,AC-1015,174804,INR,2026-08-11,consulting
AC-1001,AC-1027,106300,INR,2026-08-12,freight
AC-1023,AC-1026,232945,INR,2026-08-13,invoice
AC-1018,AC-1030,35807,INR,2026-08-14,consulting
AC-1024,AC-1006,110515,INR,2026-08-15,freight
AC-1029,AC-1028,124866,INR,2026-08-16,equipment
AC-1025,AC-1003,161287,INR,2026-08-17,invoice
AC-1025,AC-1017,118771,INR,2026-08-18,freight
AC-1011,AC-1007,131946,INR,2026-08-19,equipment
AC-1022,AC-1020,212150,INR,2026-08-20,invoice
AC-1013,AC-1016,197232,INR,2026-08-21,consulting
AC-1019,AC-1014,53819,INR,2026-08-22,equipment
AC-1022,AC-1027,44594,INR,2026-08-23,freight
AC-1013,AC-1001,194732,INR,2026-08-24,equipment
AC-1026,AC-1021,84831,INR,2026-08-25,invoice
AC-1028,AC-1022,167183,INR,2026-08-26,equipment
AC-1019,AC-1005,36687,INR,2026-08-27,invoice
AC-1023,AC-1015,15633,INR,2026-08-28,equipment
AC-1021,AC-1028,147321,INR,2026-08-10,freight
AC-1025,AC-1023,200748,INR,2026-08-11,invoice
AC-1018,AC-1028,105493,INR,2026-08-12,freight
AC-1001,AC-1014,102683,INR,2026-08-13,consulting
AC-1006,AC-1027,16291,INR,2026-08-14,invoice
AC-1013,AC-1025,42942,INR,2026-08-15,invoice
AC-1016,AC-1007,247584,INR,2026-08-16,consulting
AC-1025,AC-1027,133673,INR,2026-08-17,invoice
AC-1022,AC-1019,214264,INR,2026-08-18,consulting
AC-1016,AC-1004,147536,INR,2026-08-19,consulting
AC-1014,AC-1023,84885,INR,2026-08-20,consulting
AC-1025,AC-1026,61429,INR,2026-08-21,freight
AC-1003,AC-1015,193591,INR,2026-08-22,invoice
AC-1018,AC-1014,215826,INR,2026-08-23,equipment
AC-1020,AC-1009,45238,INR,2026-08-24,freight
AC-1019,AC-1010,41599,INR,2026-08-25,invoice
AC-1007,AC-1023,182559,INR,2026-08-26,consulting
AC-1029,AC-1003,177084,INR,2026-08-27,consulting
AC-1011,AC-1010,180365,INR,2026-08-28,invoice
AC-1004,AC-1010,94305,INR,2026-08-10,freight
AC-1015,AC-1001,99964,INR,2026-08-11,consulting
AC-1003,AC-1020,89373,INR,2026-08-12,freight
AC-1007,AC-1001,96683,INR,2026-08-13,equipment
AC-1020,AC-1017,42823,INR,2026-08-14,equipment
AC-1008,AC-1018,239446,INR,2026-08-15,equipment
AC-1022,AC-1026,64569,INR,2026-08-16,invoice
AC-1023,AC-1005,205458,INR,2026-08-17,invoice
AC-1015,AC-1024,141487,INR,2026-08-18,invoice
AC-1014,AC-1016,131845,INR,2026-08-19,invoice
AC-1013,AC-1021,99053,INR,2026-08-20,equipment
AC-1022,AC-1008,177931,INR,2026-08-21,invoice
AC-1011,AC-1029,169385,INR,2026-08-22,invoice
AC-1004,AC-1013,170772,INR,2026-08-23,equipment
AC-1029,AC-1025,152534,INR,2026-08-24,consulting
AC-1029,AC-1028,171705,INR,2026-08-25,invoice
AC-1011,AC-1001,52603,INR,2026-08-26,freight
AC-1025,AC-1002,30249,INR,2026-08-27,freight
AC-1002,AC-1030,157294,INR,2026-08-28,consulting
AC-1014,AC-1021,78459,INR,2026-08-10,invoice
AC-1015,AC-1029,12813,INR,2026-08-11,consulting
AC-1001,AC-1017,165165,INR,2026-08-12,invoice
AC-1017,AC-1021,235721,INR,2026-08-13,invoice
AC-1015,AC-1006,105661,INR,2026-08-14,consulting
AC-1017,AC-1006,157703,INR,2026-08-15,freight
AC-1018,AC-1006,170979,INR,2026-08-16,equipment
AC-1027,AC-1010,221092,INR,2026-08-17,equipment
AC-1025,AC-1001,173399,INR,2026-08-18,invoice
AC-1015,AC-1005,135605,INR,2026-08-19,equipment
AC-1019,AC-1006,168437,INR,2026-08-20,freight
AC-1021,AC-1009,23532,INR,2026-08-21,invoice
AC-1014,AC-1018,822,INR,2026-08-22,freight
AC-1030,AC-1019,179929,INR,2026-08-23,invoice
AC-1024,AC-1020,232131,INR,2026-08-24,freight
AC-1028,AC-1004,45205,INR,2026-08-25,freight
AC-1013,AC-1013,34966,INR,2026-08-26,invoice
AC-1018,AC-1002,139286,INR,2026-08-27,consulting
AC-1027,AC-1001,63192,INR,2026-08-28,invoice
AC-1015,AC-1002,166869,INR,2026-08-10,consulting
AC-1030,AC-1014,51268,INR,2026-08-11,equipment
AC-1009,AC-1009,57487,INR,2026-08-12,equipment
AC-1026,AC-1020,100254,INR,2026-08-13,consulting
AC-1021,AC-1009,87808,INR,2026-08-14,freight
AC-1029,AC-1001,21542,INR,2026-08-15,consulting
AC-1001,AC-1024,195908,INR,2026-08-16,equipment
AC-1026,AC-1022,244160,INR,2026-08-17,consulting
AC-1010,AC-1006,172643,INR,2026-08-18,equipment
AC-1007,AC-1014,156663,INR,2026-08-19,invoice
AC-1019,AC-1003,246347,INR,2026-08-20,consulting
AC-1008,AC-1015,95731,INR,2026-08-21,consulting
AC-1001,AC-1006,144775,INR,2026-08-22,equipment
AC-1019,AC-1015,106436,INR,2026-08-23,invoice
AC-1008,AC-1020,99005,INR,2026-08-24,freight
AC-1001,AC-1005,240974,INR,2026-08-25,equipment
AC-1008,AC-1013,83676,INR,2026-08-26,consulting
AC-1028,AC-1025,233924,INR,2026-08-27,equipment
AC-1002,AC-1012,93274,INR,2026-08-28,consulting
AC-1023,AC-1025,111638,INR,2026-08-10,equipment
AC-1017,AC-1025,21001,INR,2026-08-11,freight
AC-1026,AC-1012,204429,INR,2026-08-12,equipment
AC-1022,AC-1001,63969,INR,2026-08-13,freight
AC-1027,AC-1023,71547,INR,2026-08-14,consulting
AC-1004,AC-1012,229436,INR,2026-08-15,freight
AC-1016,AC-1008,135980,INR,2026-08-16,equipment
AC-1009,AC-1023,105124,INR,2026-08-17,freight
AC-1005,AC-1007,33587,INR,2026-08-18,consulting
AC-1014,AC-1002,100168,INR,2026-08-19,freight
AC-1026,AC-1015,158668,INR,2026-08-20,freight
AC-1010,AC-1019,19567,INR,2026-08-21,consulting
AC-1012,AC-1019,81622,INR,2026-08-22,freight
AC-1030,AC-1028,232893,INR,2026-08-23,consulting
AC-1005,AC-1024,13487,INR,2026-08-24,equipment
AC-1006,AC-1020,137727,INR,2026-08-25,freight
AC-1006,AC-1006,107920,INR,2026-08-26,consulting
AC-1001,AC-1013,109551,INR,2026-08-27,freight
AC-1003,AC-1015,248927,INR,2026-08-28,freight
AC-1006,AC-1007,234224,INR,2026-08-10,equipment
AC-1013,AC-1020,154917,INR,2026-08-11,consulting
AC-1019,AC-1030,193512,INR,2026-08-12,consulting
AC-1007,AC-1011,197250,INR,2026-08-13,freight
AC-1028,AC-1013,145996,INR,2026-08-14,freight
AC-1023,AC-1016,118461,INR,2026-08-15,consulting
AC-1012,AC-1030,204981,INR,2026-08-16,freight
AC-1001,AC-1010,32079,INR,2026-08-17,consulting
AC-1009,AC-1017,45513,INR,2026-08-18,invoice
AC-1017,AC-1028,211925,INR,2026-08-19,equipment
AC-1029,AC-1020,213398,INR,2026-08-20,consulting
AC-1004,AC-1011,52716,INR,2026-08-21,consulting
AC-1025,AC-1020,22437,INR,2026-08-22,consulting
AC-1005,AC-1013,2830,INR,2026-08-23,invoice
AC-1001,AC-1029,17682,INR,2026-08-24,equipment
AC-1010,AC-1002,171265,INR,2026-08-25,freight
AC-1030,AC-1013,38731,INR,2026-08-26,invoice
AC-1026,AC-1010,194548,INR,2026-08-27,consulting
AC-1028,AC-1002,228502,INR,2026-08-28,equipment
AC-1024,AC-1030,148105,INR,2026-08-10,invoice
AC-1007,AC-1010,31237,INR,2026-08-11,invoice
AC-1007,AC-1017,212987,INR,2026-08-12,freight
AC-1011,AC-1005,236476,INR,2026-08-13,freight
AC-1005,AC-1002,155291,INR,2026-08-14,freight
AC-1021,AC-1011,218569,INR,2026-08-15,freight
AC-1010,AC-1006,194834,INR,2026-08-16,consulting
AC-1010,AC-1030,3227,INR,2026-08-17,equipment
AC-1020,AC-1023,170372,INR,2026-08-18,consulting
AC-1002,AC-1017,48130,INR,2026-08-19,consulting
AC-1011,AC-1027,61100,INR,2026-08-20,invoice
AC-1019,AC-1030,127253,INR,2026-08-21,freight
AC-1014,AC-1020,247296,INR,2026-08-22,invoice
AC-1020,AC-1009,146709,INR,2026-08-23,freight
AC-1005,AC-1030,246060,INR,2026-08-24,invoice
AC-1021,AC-1028,97248,INR,2026-08-25,freight
AC-1018,AC-1005,230765,INR,2026-08-26,invoice
AC-1003,AC-1016,172971,INR,2026-08-27,equipment
AC-1008,AC-1021,245418,INR,2026-08-28,invoice
AC-1015,AC-1020,107333,INR,2026-08-10,freight
AC-1004,AC-1030,138188,INR,2026-08-11,freight
AC-1019,AC-1011,126155,INR,2026-08-12,consulting
AC-1025,AC-1025,171072,INR,2026-08-13,equipment
AC-1028,AC-1028,2013,INR,2026-08-14,equipment
AC-1008,AC-1026,246501,INR,2026-08-15,equipment
AC-1016,AC-1009,31842,INR,2026-08-16,consulting
AC-1011,AC-1008,19266,INR,2026-08-17,consulting
AC-1016,AC-1022,162431,INR,2026-08-18,equipment
AC-1028,AC-1013,25660,INR,2026-08-19,invoice
AC-1002,AC-1016,128750,INR,2026-08-20,freight
AC-1007,AC-1021,44698,INR,2026-08-21,invoice
AC-1016,AC-1012,16531,INR,2026-08-22,consulting
AC-1014,AC-1003,198842,INR,2026-08-23,consulting
AC-1002,AC-1005,182442,INR,2026-08-24,equipment
AC-1027,AC-1020,195340,INR,2026-08-25,invoice
AC-1019,AC-1007,135420,INR,2026-08-26,freight
AC-1007,AC-1007,120737,INR,2026-08-27,invoice
AC-1007,AC-1010,192077,INR,2026-08-28,consulting
AC-1026,AC-1010,223540,INR,2026-08-10,equipment
AC-1009,AC-1028,117835,INR,2026-08-11,equipment
AC-1018,AC-1020,272,INR,2026-08-12,equipment
AC-1016,AC-1014,6979,INR,2026-08-13,freight
AC-1024,AC-1018,109297,INR,2026-08-14,consulting
AC-1025,AC-1008,82881,INR,2026-08-15,invoice
AC-1030,AC-1029,1596,INR,2026-08-16,freight
AC-1014,AC-1011,20229,INR,2026-08-17,invoice
AC-1026,AC-1016,165367,INR,2026-08-18,invoice
AC-1030,AC-1023,146359,INR,2026-08-19,equipment
AC-1003,AC-1016,182460,INR,2026-08-20,consulting
AC-1022,AC-1006,226710,INR,2026-08-21,equipment
AC-1003,AC-1009,92439,INR,2026-08-22,freight
AC-1007,AC-1009,9959,INR,2026-08-23,invoice
AC-1018,AC-1026,93053,INR,2026-08-24,invoice
AC-1012,AC-1012,143015,INR,2026-08-25,invoice
AC-1024,AC-1024,211999,INR,2026-08-26,invoice
AC-1011,AC-1029,219184,INR,2026-08-27,freight
AC-1009,AC-1009,188551,INR,2026-08-28,freight
AC-1022,AC-1012,65491,INR,2026-08-10,invoice
AC-1030,AC-1013,12542,INR,2026-08-11,freight
AC-1027,AC-1016,955,INR,2026-08-12,invoice
AC-1010,AC-1001,154346,INR,2026-08-13,consulting
AC-1029,AC-1027,210269,INR,2026-08-14,invoice
AC-1023,AC-1010,83856,INR,2026-08-15,equipment
AC-1004,AC-1018,72678,INR,2026-08-16,invoice
AC-1025,AC-1008,158639,INR,2026-08-17,consulting
AC-1006,AC-1003,211085,INR,2026-08-18,invoice
AC-1022,AC-1007,154539,INR,2026-08-19,freight
AC-1013,AC-1025,42276,INR,2026-08-20,invoice
AC-1008,AC-1017,97701,INR,2026-08-21,freight
AC-1022,AC-1009,164966,INR,2026-08-22,invoice
AC-1022,AC-1015,140281,INR,2026-08-23,invoice
AC-1005,AC-1013,84580,INR,2026-08-24,consulting
AC-1020,AC-1023,88840,INR,2026-08-25,invoice
AC-1029,AC-1013,74301,INR,2026-08-26,freight
AC-1023,AC-1020,54421,INR,2026-08-27,consulting
AC-1024,AC-1008,90046,INR,2026-08-28,freight
AC-1005,AC-1007,14797,INR,2026-08-10,consulting
AC-1020,AC-1015,78888,INR,2026-08-11,equipment
AC-1028,AC-1001,132144,INR,2026-08-12,invoice
