source,target,platform,timestamp
Joseph Mathew,Joseph Mathew,Forum,2026-08-10T12:00:00Z
Ananya Bose,Ravi Mehta,Forum,2026-08-11T12:00:00Z
Ravi Mehta,Suresh Chandrasekar,Telegram,2026-08-12T12:00:00Z
Ravi Mehta,Harpreet Singh,Signal,2026-08-13T12:00:00Z
Suresh Chandrasekar,Lakshmi Narayanan,Signal,2026-08-14T12:00:00Z
Meera Joshi,Zoya Merchant,Email,2026-08-15T12:00:00Z
Karan Iyer,Neha Kapoor,Signal,2026-08-16T12:00:00Z
Sana Khan,Harpreet Singh,Telegram,2026-08-17T12:00:00Z
Ramesh Kumar Sharma,Ramesh Kumar Sharma,Signal,2026-08-18T12:00:00Z
Arjun Nair,Tara Desai,Email,2026-08-19T12:00:00Z
Meera Joshi,Tara Desai,Signal,2026-08-20T12:00:00Z
Tara Desai,Vikram Rao,Forum,2026-08-21T12:00:00Z
Karan Iyer,Vikram Rao,Signal,2026-08-22T12:00:00Z
Arjun Nair,Suresh Chandrasekar,Forum,2026-08-23T12:00:00Z
Ravi Mehta,Kabir Joshi,Forum,2026-08-24T12:00:00Z
Harpreet Singh,Harpreet Singh,Telegram,2026-08-25T12:00:00Z
Priya Shah,Amit Sharma,Email,2026-08-26T12:00:00Z
Karan Iyer,Suresh Chandrasekar,Forum,2026-08-27T12:00:00Z
Harpreet Singh,Amit Sharma,Forum,2026-08-28T12:00:00Z
Ananya Bose,Maya Sen,Email,2026-08-10T12:00:00Z
Lakshmi Narayanan,Maya Sen,Email,2026-08-11T12:00:00Z
Ananya Bose,Zoya Merchant,Signal,2026-08-12T12:00:00Z
Meera Joshi,Harpreet Singh,Telegram,2026-08-13T12:00:00Z
Nandita Mukherjee,Sana Khan,Signal,2026-08-14T12:00:00Z
Devendra Malik,Joseph Mathew,Signal,2026-08-15T12:00:00Z
Kabir Joshi,Ramesh Kumar Sharma,Signal,2026-08-16T12:00:00Z
Suresh Chandrasekar,Daniel Thomas,Email,2026-08-17T12:00:00Z
Zoya Merchant,Karan Iyer,Email,2026-08-18T12:00:00Z
Farah Siddiqui,Ananya Bose,Forum,2026-08-19T12:00:00Z
Farah Siddiqui,Priya Shah,Forum,2026-08-20T12:00:00Z
Vikram Rao,Karan Iyer,Email,2026-08-21T12:00:00Z
Lakshmi Narayanan,Joseph Mathew,Forum,2026-08-22T12:00:00Z
Amit Sharma,Ishaan Verma,Telegram,2026-08-23T12:00:00Z
Amit Sharma,Priya Shah,Forum,2026-08-24T12:00:00Z
Neha Kapoor,Zoya Merchant,Email,2026-08-25T12:00:00Z
Amit Sharma,Priya Shah,Email,2026-08-26T12:00:00Z
Ananya Bose,Meera Joshi,Forum,2026-08-27T12:00:00Z
Amit Sharma,Sana Khan,Forum,2026-08-28T12:00:00Z
Imran Qureshi,Ramesh Kumar Sharma,Signal,2026-08-10T12:00:00Z
Tara Desai,Ravi Mehta,Forum,2026-08-11T12:00:00Z
Karan Iyer,Ravi Mehta,Forum,2026-08-12T12:00:00Z
Ramesh Kumar Sharma,Karan Iyer,Forum,2026-08-13T12:00:00Z
Amit Sharma,Ishaan Verma,Signal,2026-08-14T12:00:00Z
Priya Shah,Zoya Merchant,Signal,2026-08-15T12:00:00Z
Nandita Mukherjee,Nandita Mukherjee,Forum,2026-08-16T12:00:00Z
Maya Sen,Amit Sharma,Signal,2026-08-17T12:00:00Z
Amit Sharma,Sana Khan,Signal,2026-08-18T12:00:00Z
Daniel Thomas,Arjun Nair,Telegram,2026-08-19T12:00:00Z
Ravi Mehta,Zoya Merchant,Telegram,2026-08-20T12:00:00Z
Nandita Mukherjee,Amit Sharma,Telegram,2026-08-21T12:00:00Z
Ishaan Verma,Priya Shah,Signal,2026-08-22T12:00:00Z
Suresh Chandrasekar,Maya Sen,Email,2026-08-23T12:00:00Z
Vikram Rao,Lakshmi Narayanan,Telegram,2026-08-24T12:00:00Z
Joseph Mathew,Devendra Malik,Email,2026-08-25T12:00:00Z
Daniel Thomas,Devendra Malik,Email,2026-08-26T12:00:00Z
Karan Iyer,Arjun Nair,Telegram,2026-08-27T12:00:00Z
Ramesh Kumar Sharma,Ravi Mehta,Signal,2026-08-28T12:00:00Z
Suresh Chandrasekar,Lakshmi Narayanan,Forum,2026-08-10T12:00:00Z
Ravi Mehta,Priya Shah,Forum,2026-08-11T12:00:00Z
Ishaan Verma,Ananya Bose,Email,2026-08-12T12:00:00Z
Harpreet Singh,Tara Desai,Email,2026-08-13T12:00:00Z
Maya Sen,Nandita Mukherjee,Telegram,2026-08-14T12:00:00Z
Ravi Mehta,Tara Desai,Email,2026-08-15T12:00:00Z
Zoya Merchant,Meera Joshi,Email,2026-08-16T12:00:00Z
Lakshmi Narayanan,Kabir Joshi,Email,2026-08-17T12:00:00Z
Karan Iyer,Imran Qureshi,Signal,2026-08-18T12:00:00Z
Arjun Nair,Meera Joshi,Signal,2026-08-19T12:00:00Z
Nandita Mukherjee,Meera Joshi,Signal,2026-08-20T12:00:00Z
Lakshmi Narayanan,Meera Joshi,Forum,2026-08-21T12:00:00Z
Ishaan Verma,Nandita Mukherjee,Email,2026-08-22T12:00:00Z
Imran Qureshi,Sana Khan,Email,2026-08-23T12:00:00Z
Kabir Joshi,Joseph Mathew,Email,2026-08-24T12:00:00Z
Ramesh Kumar Sharma,Ramesh Kumar Sharma,Telegram,2026-08-25T12:00:00Z
Vikram Rao,Suresh Chandrasekar,Email,2026-08-26T12:00:00Z
Priya Shah,Arjun Nair,Forum,2026-08-27T12:00:00Z
Suresh Chandrasekar,Ananya Bose,Signal,2026-08-28T12:00:00Z
Tara Desai,Lakshmi Narayanan,Forum,2026-08-10T12:00:00Z
Ramesh Kumar Sharma,Amit Sharma,Telegram,2026-08-11T12:00:00Z
Farah Siddiqui,Arjun Nair,Forum,2026-08-12T12:00:00Z
Priya Shah,Kabir Joshi,Forum,2026-08-13T12:00:00Z
Amit Sharma,Devendra Malik,Signal,2026-08-14T12:00:00Z
Kabir Joshi,Devendra Malik,Telegram,2026-08-15T12:00:00Z
Joseph Mathew,Farah Siddiqui,Forum,2026-08-16T12:00:00Z
Amit Sharma,Priya Shah,Telegram,2026-08-17T12:00:00Z
Ishaan Verma,Neha Kapoor,Email,2026-08-18T12:00:00Z
Imran Qureshi,Ishaan Verma,Signal,2026-08-19T12:00:00Z
Neha Kapoor,Ishaan Verma,Telegram,2026-08-20T12:00:00Z
Harpreet Singh,Amit Sharma,Signal,2026-08-21T12:00:00Z
Devendra Malik,Karan Iyer,Signal,2026-08-22T12:00:00Z
Farah Siddiqui,Ananya Bose,Signal,2026-08-23T12:00:00Z
Tara Desai,Farah Siddiqui,Signal,2026-08-24T12:00:00Z
Ishaan Verma,Imran Qureshi,Forum,2026-08-25T12:00:00Z
Daniel Thomas,Ravi Mehta,Email,2026-08-26T12:00:00Z
Priya Shah,Vikram Rao,Email,2026-08-27T12:00:00Z
Kabir Joshi,Neha Kapoor,Telegram,2026-08-28T12:00:00Z
Karan Iyer,Daniel Thomas,Email,2026-08-10T12:00:00Z
Kabir Joshi,Devendra Malik,Email,2026-08-11T12:00:00Z
Ravi Mehta,Lakshmi Narayanan,Forum,2026-08-12T12:00:00Z
Maya Sen,Zoya Merchant,Email,2026-08-13T12:00:00Z
Sana Khan,Arjun Nair,Email,2026-08-14T12:00:00Z
Lakshmi Narayanan,Devendra Malik,Signal,2026-08-15T12:00:00Z
Tara Desai,Zoya Merchant,Forum,2026-08-16T12:00:00Z
Arjun Nair,Daniel Thomas,Signal,2026-08-17T12:00:00Z
Joseph Mathew,Nandita Mukherjee,Forum,2026-08-18T12:00:00Z
Farah Siddiqui,Zoya Merchant,Email,2026-08-19T12:00:00Z
Lakshmi Narayanan,Ramesh Kumar Sharma,Telegram,2026-08-20T12:00:00Z
Farah Siddiqui,Tara Desai,Forum,2026-08-21T12:00:00Z
Arjun Nair,Meera Joshi,Telegram,2026-08-22T12:00:00Z
Sana Khan,Tara Desai,Forum,2026-08-23T12:00:00Z
Maya Sen,Nandita Mukherjee,Forum,2026-08-24T12:00:00Z
Ramesh Kumar Sharma,Meera Joshi,Signal,2026-08-25T12:00:00Z
Ishaan Verma,Harpreet Singh,Forum,2026-08-26T12:00:00Z
Ravi Mehta,Joseph Mathew,Telegram,2026-08-27T12:00:00Z
Karan Iyer,Zoya Merchant,Forum,2026-08-28T12:00:00Z
Ananya Bose,Zoya Merchant,Signal,2026-08-10T12:00:00Z
Meera Joshi,Maya Sen,Telegram,2026-08-11T12:00:00Z
Amit Sharma,Nandita Mukherjee,Signal,2026-08-12T12:00:00Z
Daniel Thomas,Vikram Rao,Telegram,2026-08-13T12:00:00Z
Amit Sharma,Suresh Chandrasekar,Email,2026-08-14T12:00:00Z
Farah Siddiqui,Ananya Bose,Telegram,2026-08-15T12:00:00Z
Sana Khan,Sana Khan,Telegram,2026-08-16T12:00:00Z
Lakshmi Narayanan,Lakshmi Narayanan,Forum,2026-08-17T12:00:00Z
Sana Khan,Harpreet Singh,Telegram,2026-08-18T12:00:00Z
Sana Khan,Daniel Thomas,Forum,2026-08-19T12:00:00Z
Kabir Joshi,Maya Sen,Signal,2026-08-20T12:00:00Z
Vikram Rao,Meera Joshi,Telegram,2026-08-21T12:00:00Z
Tara Desai,Karan Iyer,Telegram,2026-08-22T12:00:00Z
Ramesh Kumar Sharma,Devendra Malik,Forum,2026-08-23T12:00:00Z
Suresh Chandrasekar,Daniel Thomas,Telegram,2026-08-24T12:00:00Z
Maya Sen,Vikram Rao,Forum,2026-08-25T12:00:00Z
Ananya Bose,Karan Iyer,Telegram,2026-08-26T12:00:00Z
Karan Iyer,Zoya Merchant,Email,2026-08-27T12:00:00Z
Nandita Mukherjee,Priya Shah,Signal,2026-08-28T12:00:00Z
Priya Shah,Karan Iyer,Telegram,2026-08-10T12:00:00Z
Amit Sharma,Daniel Thomas,Signal,2026-08-11T12:00:00Z
Maya Sen,Lakshmi Narayanan,Signal,2026-08-12T12:00:00Z
Neha Kapoor,Farah Siddiqui,Telegram,2026-08-13T12:00:00Z
Karan Iyer,Joseph Mathew,Telegram,2026-08-14T12:00:00Z
Imran Qureshi,Maya Sen,Email,2026-08-15T12:00:00Z
Priya Shah,Sana Khan,Email,2026-08-16T12:00:00Z
Ananya Bose,Harpreet Singh,Signal,2026-08-17T12:00:00Z
Suresh Chandrasekar,Daniel Thomas,Telegram,2026-08-18T12:00:00Z
Suresh Chandrasekar,Amit Sharma,Forum,2026-08-19T12:00:00Z
Tara Desai,Tara Desai,Signal,2026-08-20T12:00:00Z
Tara Desai,Maya Sen,Email,2026-08-21T12:00:00Z
Priya Shah,Ramesh Kumar Sharma,Signal,2026-08-22T12:00:00Z
Devendra Malik,Tara Desai,Forum,2026-08-23T12:00:00Z
Daniel Thomas,Lakshmi Narayanan,Signal,2026-08-24T12:00:00Z
Sana Khan,Meera Joshi,Telegram,2026-08-25T12:00:00Z
Arjun Nair,Amit Sharma,Signal,2026-08-26T12:00:00Z
Lakshmi Narayanan,Ramesh Kumar Sharma,Email,2026-08-27T12:00:00Z
Karan Iyer,Sana Khan,Telegram,2026-08-28T12:00:00Z
Vikram Rao,Joseph Mathew,Forum,2026-08-10T12:00:00Z
Nandita Mukherjee,Zoya Merchant,Telegram,2026-08-11T12:00:00Z
Priya Shah,Ananya Bose,Forum,2026-08-12T12:00:00Z
Devendra Malik,Devendra Malik,Telegram,2026-08-13T12:00:00Z
Sana Khan,Neha Kapoor,Forum,2026-08-14T12:00:00Z
Zoya Merchant,Imran Qureshi,Signal,2026-08-15T12:00:00Z
Ramesh Kumar Sharma,Ramesh Kumar Sharma,Email,2026-08-16T12:00:00Z
Zoya Merchant,Ananya Bose,Signal,2026-08-17T12:00:00Z
Devendra Malik,Amit Sharma,Telegram,2026-08-18T12:00:00Z
Meera Joshi,Ishaan Verma,Signal,2026-08-19T12:00:00Z
Karan Iyer,Ramesh Kumar Sharma,Signal,2026-08-20T12:00:00Z
Tara Desai,Suresh Chandrasekar,Email,2026-08-21T12:00:00Z
Vikram Rao,Suresh Chandrasekar,Email,2026-08-22T12:00:00Z
Priya Shah,Nandita Mukherjee,Email,2026-08-23T12:00:00Z
Neha Kapoor,Zoya Merchant,Signal,2026-08-24T12:00:00Z
Nandita Mukherjee,Ananya Bose,Email,2026-08-25T12:00:00Z
Zoya Merchant,Ravi Mehta,Telegram,2026-08-26T12:00:00Z
Ananya Bose,Maya Sen,Signal,2026-08-27T12:00:00Z
Harpreet Singh,Nandita Mukherjee,Forum,2026-08-28T12:00:00Z
Ananya Bose,Joseph Mathew,Email,2026-08-10T12:00:00Z
Imran Qureshi,Vikram Rao,Forum,2026-08-11T12:00:00Z
Devendra Malik,Farah Siddiqui,Telegram,2026-08-12T12:00:00Z
Ishaan Verma,Daniel Thomas,Signal,2026-08-13T12:00:00Z
Farah Siddiqui,Vikram Rao,Signal,2026-08-14T12:00:00Z
Ravi Mehta,Karan Iyer,Forum,2026-08-15T12:00:00Z
Sana Khan,Imran Qureshi,Email,2026-08-16T12:00:00Z
Nandita Mukherjee,Ramesh Kumar Sharma,Email,2026-08-17T12:00:00Z
Farah Siddiqui,Zoya Merchant,Signal,2026-08-18T12:00:00Z
Kabir Joshi,Daniel Thomas,Forum,2026-08-19T12:00:00Z
Maya Sen,Tara Desai,Forum,2026-08-20T12:00:00Z
Nandita Mukherjee,Daniel Thomas,Telegram,2026-08-21T12:00:00Z
Arjun Nair,Imran Qureshi,Telegram,2026-08-22T12:00:00Z
Daniel Thomas,Lakshmi Narayanan,Forum,2026-08-23T12:00:00Z
Zoya Merchant,Daniel Thomas,Email,2026-08-24T12:00:00Z
Suresh Chandrasekar,Neha Kapoor,Email,2026-08-25T12:00:00Z
Suresh Chandrasekar,Lakshmi Narayanan,Forum,2026-08-26T12:00:00Z
Ravi Mehta,Daniel Thomas,Email,2026-08-27T12:00:00Z
Tara Desai,Amit Sharma,Email,2026-08-28T12:00:00Z
Suresh Chandrasekar,Lakshmi Narayanan,Telegram,2026-08-10T12:00:00Z
Priya Shah,Farah Siddiqui,Forum,2026-08-11T12:00:00Z
Kabir Joshi,Sana Khan,Telegram,2026-08-12T12:00:00Z
Priya Shah,Zoya Merchant,Telegram,2026-08-13T12:00:00Z
Daniel Thomas,Maya Sen,Forum,2026-08-14T12:00:00Z
Arjun Nair,Priya Shah,Signal,2026-08-15T12:00:00Z
Vikram Rao,Lakshmi Narayanan,Signal,2026-08-16T12:00:00Z
Harpreet Singh,Arjun Nair,Email,2026-08-17T12:00:00Z
Suresh Chandrasekar,Kabir Joshi,Email,2026-08-18T12:00:00Z
Karan Iyer,Maya Sen,Signal,2026-08-19T12:00:00Z
Amit Sharma,Lakshmi Narayanan,Signal,2026-08-20T12:00:00Z
Vikram Rao,Harpreet Singh,Forum,2026-08-21T12:00:00Z
Farah Siddiqui,Zoya Merchant,Telegram,2026-08-22T12:00:00Z
Priya Shah,Sana Khan,Email,2026-08-23T12:00:00Z
Ananya Bose,Kabir Joshi,Telegram,2026-08-24T12:00:00Z
Nandita Mukherjee,Vikram Rao,Email,2026-08-25T12:00:00Z
Ramesh Kumar Sharma,Lakshmi Narayanan,Forum,2026-08-26T12:00:00Z
Zoya Merchant,Imran Qureshi,Forum,2026-08-27T12:00:00Z
Neha Kapoor,Imran Qureshi,Telegram,2026-08-28T12:00:00Z
Priya Shah,Sana Khan,Forum,2026-08-10T12:00:00Z
Imran Qureshi,Nandita Mukherjee,Forum,2026-08-11T12:00:00Z
Ravi Mehta,Tara Desai,Email,2026-08-12T12:00:00Z
Neha Kapoor,Ramesh Kumar Sharma,Signal,2026-08-13T12:00:00Z
Ramesh Kumar Sharma,Lakshmi Narayanan,Signal,2026-08-14T12:00:00Z
Zoya Merchant,Sana Khan,Email,2026-08-15T12:00:00Z
Daniel Thomas,Nandita Mukherjee,Email,2026-08-16T12:00:00Z
Ramesh Kumar Sharma,Kabir Joshi,Forum,2026-08-17T12:00:00Z
Zoya Merchant,Daniel Thomas,Email,2026-08-18T12:00:00Z
Ramesh Kumar Sharma,Amit Sharma,Email,2026-08-19T12:00:00Z
Imran Qureshi,Farah Siddiqui,Forum,2026-08-20T12:00:00Z
Suresh Chandrasekar,Maya Sen,Forum,2026-08-21T12:00:00Z
Sana Khan,Harpreet Singh,Telegram,2026-08-22T12:00:00Z
Amit Sharma,Suresh Chandrasekar,Forum,2026-08-23T12:00:00Z
Priya Shah,Sana Khan,Forum,2026-08-24T12:00:00Z
Arjun Nair,Ravi Mehta,Signal,2026-08-25T12:00:00Z
Daniel Thomas,Priya Shah,Forum,2026-08-26T12:00:00Z
Neha Kapoor,Ramesh Kumar Sharma,Forum,2026-08-27T12:00:00Z
Priya Shah,Amit Sharma,Signal,2026-08-28T12:00:00Z
Farah Siddiqui,Tara Desai,Email,2026-08-10T12:00:00Z
Tara Desai,Zoya Merchant,Forum,2026-08-11T12:00:00Z
Harpreet Singh,Imran Qureshi,Forum,2026-08-12T12:00:00Z
Maya Sen,Tara Desai,Forum,2026-08-13T12:00:00Z
Harpreet Singh,Imran Qureshi,Forum,2026-08-14T12:00:00Z
Tara Desai,Tara Desai,Email,2026-08-15T12:00:00Z
Ananya Bose,Ishaan Verma,Signal,2026-08-16T12:00:00Z
Vikram Rao,Maya Sen,Forum,2026-08-17T12:00:00Z
Farah Siddiqui,Maya Sen,Signal,2026-08-18T12:00:00Z
Amit Sharma,Ravi Mehta,Forum,2026-08-19T12:00:00Z
Imran Qureshi,Devendra Malik,Email,2026-08-20T12:00:00Z
Imran Qureshi,Farah Siddiqui,Telegram,2026-08-21T12:00:00Z
Kabir Joshi,Harpreet Singh,Signal,2026-08-22T12:00:00Z
Ishaan Verma,Neha Kapoor,Forum,2026-08-23T12:00:00Z
Ramesh Kumar Sharma,Ishaan Verma,Email,2026-08-24T12:00:00Z
Tara Desai,Arjun Nair,Telegram,2026-08-25T12:00:00Z
Vikram Rao,Maya Sen,Email,2026-08-26T12:00:00Z
Maya Sen,Neha Kapoor,Forum,2026-08-27T12:00:00Z
Kabir Joshi,Amit Sharma,Telegram,2026-08-28T12:00:00Z
Sana Khan,Sana Khan,Forum,2026-08-10T12:00:00Z
Meera Joshi,Farah Siddiqui,Signal,2026-08-11T12:00:00Z
Imran Qureshi,Joseph Mathew,Telegram,2026-08-12T12:00:00Z
Tara Desai,Ananya Bose,Signal,2026-08-13T12:00:00Z
Zoya Merchant,Neha Kapoor,Forum,2026-08-14T12:00:00Z
Amit Sharma,Karan Iyer,Forum,2026-08-15T12:00:00Z
Sana Khan,Ravi Mehta,Email,2026-08-16T12:00:00Z
Maya Sen,Priya Shah,Telegram,2026-08-17T12:00:00Z
Imran Qureshi,Nandita Mukherjee,Forum,2026-08-18T12:00:00Z
Ravi Mehta,Vikram Rao,Signal,2026-08-19T12:00:00Z
Lakshmi Narayanan,Tara Desai,Signal,2026-08-20T12:00:00Z
Meera Joshi,Suresh Chandrasekar,Telegram,2026-08-21T12:00:00Z
Amit Sharma,Suresh Chandrasekar,Email,2026-08-22T12:00:00Z
Zoya Merchant,Neha Kapoor,Telegram,2026-08-23T12:00:00Z
Maya Sen,Harpreet Singh,Signal,2026-08-24T12:00:00Z
Daniel Thomas,Joseph Mathew,Forum,2026-08-25T12:00:00Z
Nandita Mukherjee,Neha Kapoor,Forum,2026-08-26T12:00:00Z
Suresh Chandrasekar,Ananya Bose,Forum,2026-08-27T12:00:00Z
Priya Shah,Maya Sen,Email,2026-08-28T12:00:00Z
Priya Shah,Meera Joshi,Email,2026-08-10T12:00:00Z
Arjun Nair,Sana Khan,Email,2026-08-11T12:00:00Z
Ramesh Kumar Sharma,Suresh Chandrasekar,Email,2026-08-12T12:00:00Z
Imran Qureshi,Amit Sharma,Email,2026-08-13T12:00:00Z
Tara Desai,Ravi Mehta,Forum,2026-08-14T12:00:00Z
Sana Khan,Ishaan Verma,Forum,2026-08-15T12:00:00Z
Joseph Mathew,Lakshmi Narayanan,Forum,2026-08-16T12:00:00Z
Kabir Joshi,Imran Qureshi,Signal,2026-08-17T12:00:00Z
Daniel Thomas,Tara Desai,Forum,2026-08-18T12:00:00Z
Nandita Mukherjee,Nandita Mukherjee,Telegram,2026-08-19T12:00:00Z
Daniel Thomas,Maya Sen,Signal,2026-08-20T12:00:00Z
Tara Desai,Daniel Thomas,Signal,2026-08-21T12:00:00Z
Priya Shah,Harpreet Singh,Forum,2026-08-22T12:00:00Z
Amit Sharma,Vikram Rao,Email,2026-08-23T12:00:00Z
Maya Sen,Priya Shah,Signal,2026-08-24T12:00:00Z
Karan Iyer,Neha Kapoor,Email,2026-08-25T12:00:00Z
Imran Qureshi,Suresh Chandrasekar,Telegram,2026-08-26T12:00:00Z
Tara Desai,Imran Qureshi,Email,2026-08-27T12:00:00Z
Suresh Chandrasekar,Amit Sharma,Forum,2026-08-28T12:00:00Z
Sana Khan,Kabir Joshi,Telegram,2026-08-10T12:00:00Z
Ravi Mehta,Karan Iyer,Signal,2026-08-11T12:00:00Z
Daniel Thomas,Zoya Merchant,Forum,2026-08-12T12:00:00Z
Harpreet Singh,Devendra Malik,Forum,2026-08-13T12:00:00Z
Kabir Joshi,Meera Joshi,Forum,2026-08-14T12:00:00Z
Devendra Malik,Ishaan Verma,Email,2026-08-15T12:00:00Z
Arjun Nair,Harpreet Singh,Email,2026-08-16T12:00:00Z
Neha Kapoor,Imran Qureshi,Forum,2026-08-17T12:00:00Z
Zoya Merchant,Maya Sen,Telegram,2026-08-18T12:00:00Z
Sana Khan,Amit Sharma,Telegram,2026-08-19T12:00:00Z
Suresh Chandrasekar,Tara Desai,Forum,2026-08-20T12:00:00Z
Lakshmi Narayanan,Imran Qureshi,Email,2026-08-21T12:00:00Z
Arjun Nair,Daniel Thomas,Forum,2026-08-22T12:00:00Z
Vikram Rao,Karan Iyer,Telegram,2026-08-23T12:00:00Z
Vikram Rao,Farah Siddiqui,Signal,2026-08-24T12:00:00Z
Zoya Merchant,Nandita Mukherjee,Email,2026-08-25T12:00:00Z
Zoya Merchant,Meera Joshi,Forum,2026-08-26T12:00:00Z
Lakshmi Narayanan,Suresh Chandrasekar,Email,2026-08-27T12:00:00Z
Vikram Rao,Devendra Malik,Forum,2026-08-28T12:00:00Z
Ananya Bose,Kabir Joshi,Telegram,2026-08-10T12:00:00Z
Arjun Nair,Devendra Malik,Telegram,2026-08-11T12:00:00Z
Lakshmi Narayanan,Amit Sharma,Forum,2026-08-12T12:00:00Z
Ramesh Kumar Sharma,Vikram Rao,Telegram,2026-08-13T12:00:00Z
Harpreet Singh,Nandita Mukherjee,Signal,2026-08-14T12:00:00Z
Ishaan Verma,Neha Kapoor,Signal,2026-08-15T12:00:00Z
Devendra Malik,Meera Joshi,Telegram,2026-08-16T12:00:00Z
Kabir Joshi,Joseph Mathew,Telegram,2026-08-17T12:00:00Z
Ramesh Kumar Sharma,Ishaan Verma,Email,2026-08-18T12:00:00Z
Daniel Thomas,Kabir Joshi,Forum,2026-08-19T12:00:00Z
Suresh Chandrasekar,Meera Joshi,Signal,2026-08-20T12:00:00Z
Farah Siddiqui,Priya Shah,Telegram,2026-08-21T12:00:00Z
Priya Shah,Devendra Malik,Telegram,2026-08-22T12:00:00Z
Karan Iyer,Nandita Mukherjee,Forum,2026-08-23T12:00:00Z
Arjun Nair,Devendra Malik,Signal,2026-08-24T12:00:00Z
Priya Shah,Vikram Rao,Telegram,2026-08-25T12:00:00Z
Ananya Bose,Harpreet Singh,Signal,2026-08-26T12:00:00Z
Ravi Mehta,Lakshmi Narayanan,Forum,2026-08-27T12:00:00Z
Tara Desai,Maya Sen,Forum,2026-08-28T12:00:00Z
Ravi Mehta,Harpreet Singh,Email,2026-08-10T12:00:00Z
Devendra Malik,Devendra Malik,Email,2026-08-11T12:00:00Z
Lakshmi Narayanan,Maya Sen,Signal,2026-08-12T12:00:00Z
Nandita Mukherjee,Devendra Malik,Forum,2026-08-13T12:00:00Z
Ananya Bose,Tara Desai,Email,2026-08-14T12:00:00Z
Sana Khan,Daniel Thomas,Signal,2026-08-15T12:00:00Z
Meera Joshi,Meera Joshi,Signal,2026-08-16T12:00:00Z
Devendra Malik,Zoya Merchant,Telegram,2026-08-17T12:00:00Z
Devendra Malik,Imran Qureshi,Signal,2026-08-18T12:00:00Z
Ishaan Verma,Daniel Thomas,Signal,2026-08-19T12:00:00Z
Tara Desai,Ananya Bose,Signal,2026-08-20T12:00:00Z
Meera Joshi,Daniel Thomas,Email,2026-08-21T12:00:00Z
Ishaan Verma,Imran Qureshi,Forum,2026-08-22T12:00:00Z
Vikram Rao,Ramesh Kumar Sharma,Telegram,2026-08-23T12:00:00Z
Imran Qureshi,Maya Sen,Forum,2026-08-24T12:00:00Z
Farah Siddiqui,Sana Khan,Signal,2026-08-25T12:00:00Z
Priya Shah,Amit Sharma,Forum,2026-08-26T12:00:00Z
Ramesh Kumar Sharma,Neha Kapoor,Telegram,2026-08-27T12:00:00Z
Karan Iyer,Daniel Thomas,Forum,2026-08-28T12:00:00Z
Harpreet Singh,Arjun Nair,Telegram,2026-08-10T12:00:00Z
Arjun Nair,Nandita Mukherjee,Signal,2026-08-11T12:00:00Z
Nandita Mukherjee,Tara Desai,Signal,2026-08-12T12:00:00Z
Meera Joshi,Meera Joshi,Signal,2026-08-13T12:00:00Z
Priya Shah,Daniel Thomas,Forum,2026-08-14T12:00:00Z
Nandita Mukherjee,Joseph Mathew,Signal,2026-08-15T12:00:00Z
Imran Qureshi,Joseph Mathew,Telegram,2026-08-16T12:00:00Z
Amit Sharma,Nandita Mukherjee,Forum,2026-08-17T12:00:00Z
Amit Sharma,Ramesh Kumar Sharma,Forum,2026-08-18T12:00:00Z
Lakshmi Narayanan,Joseph Mathew,Signal,2026-08-19T12:00:00Z
Arjun Nair,Ravi Mehta,Forum,2026-08-20T12:00:00Z
Daniel Thomas,Priya Shah,Telegram,2026-08-21T12:00:00Z
Ananya Bose,Joseph Mathew,Telegram,2026-08-22T12:00:00Z
Daniel Thomas,Meera Joshi,Telegram,2026-08-23T12:00:00Z
Ramesh Kumar Sharma,Meera Joshi,Telegram,2026-08-24T12:00:00Z
Karan Iyer,Maya Sen,Forum,2026-08-25T12:00:00Z
Harpreet Singh,Kabir Joshi,Forum,2026-08-26T12:00:00Z
Ravi Mehta,Karan Iyer,Email,2026-08-27T12:00:00Z
Ravi Mehta,Farah Siddiqui,Forum,2026-08-28T12:00:00Z
Tara Desai,Devendra Malik,Forum,2026-08-10T12:00:00Z
Imran Qureshi,Zoya Merchant,Telegram,2026-08-11T12:00:00Z
Sana Khan,Tara Desai,Email,2026-08-12T12:00:00Z
Lakshmi Narayanan,Devendra Malik,Signal,2026-08-13T12:00:00Z
Ananya Bose,Devendra Malik,Telegram,2026-08-14T12:00:00Z
Zoya Merchant,Arjun Nair,Telegram,2026-08-15T12:00:00Z
Harpreet Singh,Sana Khan,Signal,2026-08-16T12:00:00Z
Tara Desai,Tara Desai,Email,2026-08-17T12:00:00Z
Nandita Mukherjee,Ravi Mehta,Email,2026-08-18T12:00:00Z
Devendra Malik,Harpreet Singh,Signal,2026-08-19T12:00:00Z
Ishaan Verma,Priya Shah,Signal,2026-08-20T12:00:00Z
Imran Qureshi,Ananya Bose,Telegram,2026-08-21T12:00:00Z
Imran Qureshi,Maya Sen,Email,2026-08-22T12:00:00Z
Maya Sen,Ravi Mehta,Email,2026-08-23T12:00:00Z
Ishaan Verma,Imran Qureshi,Telegram,2026-08-24T12:00:00Z
Arjun Nair,Neha Kapoor,Email,2026-08-25T12:00:00Z
Neha Kapoor,Kabir Joshi,Forum,2026-08-26T12:00:00Z
Ravi Mehta,Nandita Mukherjee,Signal,2026-08-27T12:00:00Z
Joseph Mathew,Priya Shah,Telegram,2026-08-28T12:00:00Z
Nandita Mukherjee,Tara Desai,Signal,2026-08-10T12:00:00Z
Sana Khan,Ramesh Kumar Sharma,Forum,2026-08-11T12:00:00Z
Arjun Nair,Tara Desai,Forum,2026-08-12T12:00:00Z
Joseph Mathew,Meera Joshi,Signal,2026-08-13T12:00:00Z
Zoya Merchant,Ravi Mehta,Forum,2026-08-14T12:00:00Z
Devendra Malik,Suresh Chandrasekar,Forum,2026-08-15T12:00:00Z
Meera Joshi,Ravi Mehta,Telegram,2026-08-16T12:00:00Z
Karan Iyer,Nandita Mukherjee,Email,2026-08-17T12:00:00Z
Joseph Mathew,Nandita Mukherjee,Email,2026-08-18T12:00:00Z
Ishaan Verma,Farah Siddiqui,Email,2026-08-19T12:00:00Z
Maya Sen,Farah Siddiqui,Forum,2026-08-20T12:00:00Z
Daniel Thomas,Kabir Joshi,Signal,2026-08-21T12:00:00Z
Joseph Mathew,Karan Iyer,Forum,2026-08-22T12:00:00Z
Zoya Merchant,Farah Siddiqui,Email,2026-08-23T12:00:00Z
Amit Sharma,Neha Kapoor,Forum,2026-08-24T12:00:00Z
Sana Khan,Priya Shah,Email,2026-08-25T12:00:00Z
Ananya Bose,Sana Khan,Forum,2026-08-26T12:00:00Z
Imran Qureshi,Harpreet Singh,Telegram,2026-08-27T12:00:00Z
Arjun Nair,Ishaan Verma,Forum,2026-08-28T12:00:00Z
Ishaan Verma,Devendra Malik,Telegram,2026-08-10T12:00:00Z
Suresh Chandrasekar,Lakshmi Narayanan,Telegram,2026-08-11T12:00:00Z
Harpreet Singh,Devendra Malik,Telegram,2026-08-12T12:00:00Z
Arjun Nair,Imran Qureshi,Forum,2026-08-13T12:00:00Z
Meera Joshi,Joseph Mathew,Telegram,2026-08-14T12:00:00Z
Lakshmi Narayanan,Ravi Mehta,Telegram,2026-08-15T12:00:00Z
Daniel Thomas,Neha Kapoor,Email,2026-08-16T12:00:00Z
Meera Joshi,Ishaan Verma,Email,2026-08-17T12:00:00Z
Nandita Mukherjee,Vikram Rao,Telegram,2026-08-18T12:00:00Z
Karan Iyer,Vikram Rao,Email,2026-08-19T12:00:00Z
Neha Kapoor,Ramesh Kumar Sharma,Email,2026-08-20T12:00:00Z
Neha Kapoor,Meera Joshi,Email,2026-08-21T12:00:00Z
Nandita Mukherjee,Zoya Merchant,Email,2026-08-22T12:00:00Z
Meera Joshi,Karan Iyer,Forum,2026-08-23T12:00:00Z
Ramesh Kumar Sharma,Amit Sharma,Forum,2026-08-24T12:00:00Z
Sana Khan,Kabir Joshi,Email,2026-08-25T12:00:00Z
Ramesh Kumar Sharma,Ananya Bose,Email,2026-08-26T12:00:00Z
Ramesh Kumar Sharma,Vikram Rao,Signal,2026-08-27T12:00:00Z
Ishaan Verma,Zoya Merchant,Email,2026-08-28T12:00:00Z
Meera Joshi,Kabir Joshi,Signal,2026-08-10T12:00:00Z
Nandita Mukherjee,Ananya Bose,Email,2026-08-11T12:00:00Z
Zoya Merchant,Suresh Chandrasekar,Signal,2026-08-12T12:00:00Z
Farah Siddiqui,Neha Kapoor,Forum,2026-08-13T12:00:00Z
Amit Sharma,Tara Desai,Signal,2026-08-14T12:00:00Z
Vikram Rao,Vikram Rao,Signal,2026-08-15T12:00:00Z
Imran Qureshi,Harpreet Singh,Signal,2026-08-16T12:00:00Z
Ramesh Kumar Sharma,Daniel Thomas,Signal,2026-08-17T12:00:00Z
Nandita Mukherjee,Kabir Joshi,Signal,2026-08-18T12:00:00Z
Karan Iyer,Joseph Mathew,Email,2026-08-19T12:00:00Z
Maya Sen,Harpreet Singh,Forum,2026-08-20T12:00:00Z
Ramesh Kumar Sharma,Lakshmi Narayanan,Signal,2026-08-21T12:00:00Z
Lakshmi Narayanan,Daniel Thomas,Email,2026-08-22T12:00:00Z
Meera Joshi,Sana Khan,Forum,2026-08-23T12:00:00Z
Devendra Malik,Kabir Joshi,Signal,2026-08-24T12:00:00Z
Zoya Merchant,Priya Shah,Telegram,2026-08-25T12:00:00Z
Meera Joshi,Ramesh Kumar Sharma,Email,2026-08-26T12:00:00Z
Harpreet Singh,Nandita Mukherjee,Telegram,2026-08-27T12:00:00Z
Sana Khan,Joseph Mathew,Signal,2026-08-28T12:00:00Z
Priya Shah,Farah Siddiqui,Email,2026-08-10T12:00:00Z
Zoya Merchant,Amit Sharma,Forum,2026-08-11T12:00:00Z
Lakshmi Narayanan,Vikram Rao,Signal,2026-08-12T12:00:00Z
Meera Joshi,Sana Khan,Forum,2026-08-13T12:00:00Z
Ramesh Kumar Sharma,Devendra Malik,Forum,2026-08-14T12:00:00Z
Arjun Nair,Suresh Chandrasekar,Forum,2026-08-15T12:00:00Z
Farah Siddiqui,Farah Siddiqui,Forum,2026-08-16T12:00:00Z
Neha Kapoor,Amit Sharma,Telegram,2026-08-17T12:00:00Z
Tara Desai,Zoya Merchant,Forum,2026-08-18T12:00:00Z
Karan Iyer,Maya Sen,Telegram,2026-08-19T12:00:00Z
Ravi Mehta,Priya Shah,Telegram,2026-08-20T12:00:00Z
Priya Shah,Harpreet Singh,Telegram,2026-08-21T12:00:00Z
Maya Sen,Suresh Chandrasekar,Signal,2026-08-22T12:00:00Z
Neha Kapoor,Sana Khan,Forum,2026-08-23T12:00:00Z
Farah Siddiqui,Meera Joshi,Telegram,2026-08-24T12:00:00Z
Farah Siddiqui,Ananya Bose,Email,2026-08-25T12:00:00Z
Suresh Chandrasekar,Zoya Merchant,Signal,2026-08-26T12:00:00Z
Arjun Nair,Ananya Bose,Forum,2026-08-27T12:00:00Z
Suresh Chandrasekar,Neha Kapoor,Email,2026-08-28T12:00:00Z
Priya Shah,Nandita Mukherjee,Email,2026-08-10T12:00:00Z
Maya Sen,Ramesh Kumar Sharma,Signal,2026-08-11T12:00:00Z
Maya Sen,Kabir Joshi,Signal,2026-08-12T12:00:00Z
Suresh Chandrasekar,Vikram Rao,Telegram,2026-08-13T12:00:00Z
Karan Iyer,Joseph Mathew,Email,2026-08-14T12:00:00Z
Neha Kapoor,Devendra Malik,Email,2026-08-15T12:00:00Z
Ramesh Kumar Sharma,Ishaan Verma,Forum,2026-08-16T12:00:00Z
Kabir Joshi,Priya Shah,Forum,2026-08-17T12:00:00Z
Ravi Mehta,Arjun Nair,Forum,2026-08-18T12:00:00Z
Karan Iyer,Ananya Bose,Telegram,2026-08-19T12:00:00Z
Ramesh Kumar Sharma,Sana Khan,Signal,2026-08-20T12:00:00Z
Daniel Thomas,Daniel Thomas,Email,2026-08-21T12:00:00Z
Zoya Merchant,Nandita Mukherjee,Forum,2026-08-22T12:00:00Z
Suresh Chandrasekar,Nandita Mukherjee,Email,2026-08-23T12:00:00Z
Ishaan Verma,Daniel Thomas,Telegram,2026-08-24T12:00:00Z
Nandita Mukherjee,Vikram Rao,Forum,2026-08-25T12:00:00Z
Harpreet Singh,Devendra Malik,Forum,2026-08-26T12:00:00Z
Maya Sen,Neha Kapoor,Email,2026-08-27T12:00:00Z
Suresh Chandrasekar,Ravi Mehta,Signal,2026-08-28T12:00:00Z
Sana Khan,Meera Joshi,Email,2026-08-10T12:00:00Z
Amit Sharma,Vikram Rao,Email,2026-08-11T12:00:00Z
Tara Desai,Neha Kapoor,Telegram,2026-08-12T12:00:00Z
Maya Sen,Joseph Mathew,Email,2026-08-13T12:00:00Z
Harpreet Singh,Maya Sen,Forum,2026-08-14T12:00:00Z
Ananya Bose,Priya Shah,Telegram,2026-08-15T12:00:00Z
Meera Joshi,Meera Joshi,Telegram,2026-08-16T12:00:00Z
Daniel Thomas,Amit Sharma,Email,2026-08-17T12:00:00Z
Ananya Bose,Joseph Mathew,Telegram,2026-08-18T12:00:00Z
Karan Iyer,Neha Kapoor,Email,2026-08-19T12:00:00Z
Ishaan Verma,Maya Sen,Forum,2026-08-20T12:00:00Z
Zoya Merchant,Zoya Merchant,Signal,2026-08-21T12:00:00Z
Ishaan Verma,Harpreet Singh,Forum,2026-08-22T12:00:00Z
Kabir Joshi,Daniel Thomas,Telegram,2026-08-23T12:00:00Z
Priya Shah,Ishaan Verma,Signal,2026-08-24T12:00:00Z
Arjun Nair,Maya Sen,Forum,2026-08-25T12:00:00Z
Imran Qureshi,Imran Qureshi,Forum,2026-08-26T12:00:00Z
Daniel Thomas,Tara Desai,Telegram,2026-08-27T12:00:00Z
Neha Kapoor,Priya Shah,Signal,2026-08-28T12:00:00Z
Kabir Joshi,Amit Sharma,Email,2026-08-10T12:00:00Z
Kabir Joshi,Karan Iyer,Forum,2026-08-11T12:00:00Z
Ananya Bose,Nandita Mukherjee,Forum,2026-08-12T12:00:00Z
Farah Siddiqui,Arjun Nair,Telegram,2026-08-13T12:00:00Z
Ravi Mehta,Lakshmi Narayanan,Email,2026-08-14T12:00:00Z
Imran Qureshi,Ravi Mehta,Signal,2026-08-15T12:00:00Z
Arjun Nair,Zoya Merchant,Forum,2026-08-16T12:00:00Z
Karan Iyer,Neha Kapoor,Email,2026-08-17T12:00:00Z
Sana Khan,Daniel Thomas,Signal,2026-08-18T12:00:00Z
Tara Desai,Neha Kapoor,Signal,2026-08-19T12:00:00Z
Maya Sen,Karan Iyer,Forum,2026-08-20T12:00:00Z
Ananya Bose,Meera Joshi,Forum,2026-08-21T12:00:00Z
Vikram Rao,Nandita Mukherjee,Signal,2026-08-22T12:00:00Z
Amit Sharma,Ananya Bose,Signal,2026-08-23T12:00:00Z
Meera Joshi,Devendra Malik,Signal,2026-08-24T12:00:00Z
Ravi Mehta,Suresh Chandrasekar,Forum,2026-08-25T12:00:00Z
Nandita Mukherjee,Imran Qureshi,Email,2026-08-26T12:00:00Z
Farah Siddiqui,Kabir Joshi,Telegram,2026-08-27T12:00:00Z
Tara Desai,Joseph Mathew,Forum,2026-08-28T12:00:00Z
Ravi Mehta,Farah Siddiqui,Signal,2026-08-10T12:00:00Z
Priya Shah,Farah Siddiqui,Telegram,2026-08-11T12:00:00Z
Karan Iyer,Zoya Merchant,Signal,2026-08-12T12:00:00Z
Ishaan Verma,Maya Sen,Telegram,2026-08-13T12:00:00Z
Lakshmi Narayanan,Zoya Merchant,Telegram,2026-08-14T12:00:00Z
Amit Sharma,Ramesh Kumar Sharma,Signal,2026-08-15T12:00:00Z
Ravi Mehta,Vikram Rao,Telegram,2026-08-16T12:00:00Z
Ravi Mehta,Vikram Rao,Forum,2026-08-17T12:00:00Z
Tara Desai,Nandita Mukherjee,Email,2026-08-18T12:00:00Z
Lakshmi Narayanan,Amit Sharma,Email,2026-08-19T12:00:00Z
Priya Shah,Vikram Rao,Email,2026-08-20T12:00:00Z
Zoya Merchant,Arjun Nair,Signal,2026-08-21T12:00:00Z
Kabir Joshi,Priya Shah,Signal,2026-08-22T12:00:00Z
Ramesh Kumar Sharma,Farah Siddiqui,Forum,2026-08-23T12:00:00Z
Ravi Mehta,Arjun Nair,Email,2026-08-24T12:00:00Z
Neha Kapoor,Maya Sen,Email,2026-08-25T12:00:00Z
Zoya Merchant,Daniel Thomas,Telegram,2026-08-26T12:00:00Z
Amit Sharma,Arjun Nair,Forum,2026-08-27T12:00:00Z
Farah Siddiqui,Karan Iyer,Telegram,2026-08-28T12:00:00Z
Zoya Merchant,Imran Qureshi,Telegram,2026-08-10T12:00:00Z
Priya Shah,Priya Shah,Telegram,2026-08-11T12:00:00Z
Maya Sen,Ravi Mehta,Signal,2026-08-12T12:00:00Z
Tara Desai,Karan Iyer,Telegram,2026-08-13T12:00:00Z
Vikram Rao,Harpreet Singh,Telegram,2026-08-14T12:00:00Z
Ravi Mehta,Ishaan Verma,Forum,2026-08-15T12:00:00Z
Priya Shah,Nandita Mukherjee,Signal,2026-08-16T12:00:00Z
Arjun Nair,Harpreet Singh,Signal,2026-08-17T12:00:00Z
Neha Kapoor,Arjun Nair,Telegram,2026-08-18T12:00:00Z
Maya Sen,Meera Joshi,Email,2026-08-19T12:00:00Z
Sana Khan,Karan Iyer,Signal,2026-08-20T12:00:00Z
Sana Khan,Karan Iyer,Telegram,2026-08-21T12:00:00Z
Ishaan Verma,Vikram Rao,Forum,2026-08-22T12:00:00Z
Arjun Nair,Sana Khan,Telegram,2026-08-23T12:00:00Z
Karan Iyer,Zoya Merchant,Email,2026-08-24T12:00:00Z
Tara Desai,Farah Siddiqui,Email,2026-08-25T12:00:00Z
Tara Desai,Priya Shah,Telegram,2026-08-26T12:00:00Z
Kabir Joshi,Vikram Rao,Forum,2026-08-27T12:00:00Z
Kabir Joshi,Joseph Mathew,Email,2026-08-28T12:00:00Z
Suresh Chandrasekar,Devendra Malik,Forum,2026-08-10T12:00:00Z
Amit Sharma,Vikram Rao,Email,2026-08-11T12:00:00Z
Daniel Thomas,Imran Qureshi,Forum,2026-08-12T12:00:00Z
Farah Siddiqui,Sana Khan,Email,2026-08-13T12:00:00Z
Vikram Rao,Zoya Merchant,Signal,2026-08-14T12:00:00Z
Zoya Merchant,Daniel Thomas,Email,2026-08-15T12:00:00Z
Karan Iyer,Farah Siddiqui,Forum,2026-08-16T12:00:00Z
Nandita Mukherjee,Harpreet Singh,Forum,2026-08-17T12:00:00Z
Nandita Mukherjee,Karan Iyer,Email,2026-08-18T12:00:00Z
Harpreet Singh,Daniel Thomas,Email,2026-08-19T12:00:00Z
Vikram Rao,Suresh Chandrasekar,Forum,2026-08-20T12:00:00Z
Karan Iyer,Ishaan Verma,Forum,2026-08-21T12:00:00Z
Joseph Mathew,Neha Kapoor,Email,2026-08-22T12:00:00Z
Lakshmi Narayanan,Vikram Rao,Forum,2026-08-23T12:00:00Z
Ramesh Kumar Sharma,Ishaan Verma,Email,2026-08-24T12:00:00Z
Daniel Thomas,Neha Kapoor,Email,2026-08-25T12:00:00Z
Ananya Bose,Joseph Mathew,Forum,2026-08-26T12:00:00Z
Vikram Rao,Ishaan Verma,Telegram,2026-08-27T12:00:00Z
Nandita Mukherjee,Imran Qureshi,Signal,2026-08-28T12:00:00Z
Suresh Chandrasekar,Farah Siddiqui,Forum,2026-08-10T12:00:00Z
Kabir Joshi,Arjun Nair,Email,2026-08-11T12:00:00Z
Ananya Bose,Ishaan Verma,Telegram,2026-08-12T12:00:00Z
Karan Iyer,Ramesh Kumar Sharma,Email,2026-08-13T12:00:00Z
Vikram Rao,Kabir Joshi,Forum,2026-08-14T12:00:00Z
Joseph Mathew,Maya Sen,Forum,2026-08-15T12:00:00Z
Farah Siddiqui,Zoya Merchant,Email,2026-08-16T12:00:00Z
Harpreet Singh,Karan Iyer,Email,2026-08-17T12:00:00Z
Sana Khan,Meera Joshi,Forum,2026-08-18T12:00:00Z
Priya Shah,Joseph Mathew,Email,2026-08-19T12:00:00Z
Zoya Merchant,Karan Iyer,Telegram,2026-08-20T12:00:00Z
Kabir Joshi,Sana Khan,Forum,2026-08-21T12:00:00Z
Ananya Bose,Daniel Thomas,Telegram,2026-08-22T12:00:00Z
Kabir Joshi,Arjun Nair,Email,2026-08-23T12:00:00Z
Ananya Bose,Neha Kapoor,Telegram,2026-08-24T12:00:00Z
Nandita Mukherjee,Devendra Malik,Forum,2026-08-25T12:00:00Z
Sana Khan,Zoya Merchant,Telegram,2026-08-26T12:00:00Z
Tara Desai,Maya Sen,Telegram,2026-08-27T12:00:00Z
Harpreet Singh,Kabir Joshi,Forum,2026-08-28T12:00:00Z
Meera Joshi,Tara Desai,Forum,2026-08-10T12:00:00Z
Karan Iyer,Harpreet Singh,Signal,2026-08-11T12:00:00Z
Farah Siddiqui,Arjun Nair,Forum,2026-08-12T12:00:00Z
Zoya Merchant,Meera Joshi,Telegram,2026-08-13T12:00:00Z
Kabir Joshi,Daniel Thomas,Forum,2026-08-14T12:00:00Z
Daniel Thomas,Nandita Mukherjee,Telegram,2026-08-15T12:00:00Z
Suresh Chandrasekar,Suresh Chandrasekar,Signal,2026-08-16T12:00:00Z
Farah Siddiqui,Arjun Nair,Email,2026-08-17T12:00:00Z
Karan Iyer,Harpreet Singh,Signal,2026-08-18T12:00:00Z
Arjun Nair,Ramesh Kumar Sharma,Telegram,2026-08-19T12:00:00Z
Lakshmi Narayanan,Devendra Malik,Signal,2026-08-20T12:00:00Z
Amit Sharma,Karan Iyer,Signal,2026-08-21T12:00:00Z
Ananya Bose,Sana Khan,Forum,2026-08-22T12:00:00Z
Priya Shah,Ramesh Kumar Sharma,Signal,2026-08-23T12:00:00Z
Ananya Bose,Lakshmi Narayanan,Telegram,2026-08-24T12:00:00Z
Joseph Mathew,Joseph Mathew,Signal,2026-08-25T12:00:00Z
Arjun Nair,Maya Sen,Forum,2026-08-26T12:00:00Z
Ananya Bose,Meera Joshi,Signal,2026-08-27T12:00:00Z
Meera Joshi,Priya Shah,Forum,2026-08-28T12:00:00Z
Zoya Merchant,Maya Sen,Telegram,2026-08-10T12:00:00Z
Arjun Nair,Priya Shah,Signal,2026-08-11T12:00:00Z
Kabir Joshi,Ramesh Kumar Sharma,Telegram,2026-08-12T12:00:00Z
Daniel Thomas,Joseph Mathew,Email,2026-08-13T12:00:00Z
Joseph Mathew,Devendra Malik,Forum,2026-08-14T12:00:00Z
Vikram Rao,Tara Desai,Email,2026-08-15T12:00:00Z
Priya Shah,Zoya Merchant,Telegram,2026-08-16T12:00:00Z
Ramesh Kumar Sharma,Lakshmi Narayanan,Email,2026-08-17T12:00:00Z
Ishaan Verma,Joseph Mathew,Forum,2026-08-18T12:00:00Z
Sana Khan,Sana Khan,Signal,2026-08-19T12:00:00Z
Devendra Malik,Priya Shah,Email,2026-08-20T12:00:00Z
Amit Sharma,Sana Khan,Forum,2026-08-21T12:00:00Z
Daniel Thomas,Maya Sen,Signal,2026-08-22T12:00:00Z
Harpreet Singh,Arjun Nair,Telegram,2026-08-23T12:00:00Z
Nandita Mukherjee,Farah Siddiqui,Forum,2026-08-24T12:00:00Z
Lakshmi Narayanan,Kabir Joshi,Forum,2026-08-25T12:00:00Z
Neha Kapoor,Suresh Chandrasekar,Forum,2026-08-26T12:00:00Z
Devendra Malik,Harpreet Singh,Signal,2026-08-27T12:00:00Z
Farah Siddiqui,Harpreet Singh,Telegram,2026-08-28T12:00:00Z
Sana Khan,Tara Desai,Telegram,2026-08-10T12:00:00Z
Suresh Chandrasekar,Arjun Nair,Signal,2026-08-11T12:00:00Z
Arjun Nair,Ramesh Kumar Sharma,Signal,2026-08-12T12:00:00Z
Vikram Rao,Ishaan Verma,Signal,2026-08-13T12:00:00Z
Arjun Nair,Ramesh Kumar Sharma,Telegram,2026-08-14T12:00:00Z
Daniel Thomas,Suresh Chandrasekar,Email,2026-08-15T12:00:00Z
Zoya Merchant,Daniel Thomas,Signal,2026-08-16T12:00:00Z
Joseph Mathew,Joseph Mathew,Signal,2026-08-17T12:00:00Z
Sana Khan,Karan Iyer,Telegram,2026-08-18T12:00:00Z
Maya Sen,Maya Sen,Telegram,2026-08-19T12:00:00Z
Ananya Bose,Harpreet Singh,Forum,2026-08-20T12:00:00Z
Ananya Bose,Harpreet Singh,Telegram,2026-08-21T12:00:00Z
Harpreet Singh,Maya Sen,Signal,2026-08-22T12:00:00Z
Kabir Joshi,Ravi Mehta,Email,2026-08-23T12:00:00Z
Neha Kapoor,Zoya Merchant,Signal,2026-08-24T12:00:00Z
Neha Kapoor,Farah Siddiqui,Forum,2026-08-25T12:00:00Z
Suresh Chandrasekar,Sana Khan,Signal,2026-08-26T12:00:00Z
Neha Kapoor,Maya Sen,Signal,2026-08-27T12:00:00Z
Arjun Nair,Ramesh Kumar Sharma,Signal,2026-08-28T12:00:00Z
Kabir Joshi,Daniel Thomas,Signal,2026-08-10T12:00:00Z
Joseph Mathew,Amit Sharma,Signal,2026-08-11T12:00:00Z
Kabir Joshi,Nandita Mukherjee,Telegram,2026-08-12T12:00:00Z
Ravi Mehta,Priya Shah,Forum,2026-08-13T12:00:00Z
Farah Siddiqui,Arjun Nair,Forum,2026-08-14T12:00:00Z
Meera Joshi,Ravi Mehta,Signal,2026-08-15T12:00:00Z
Suresh Chandrasekar,Suresh Chandrasekar,Signal,2026-08-16T12:00:00Z
Karan Iyer,Kabir Joshi,Telegram,2026-08-17T12:00:00Z
Arjun Nair,Joseph Mathew,Telegram,2026-08-18T12:00:00Z
Maya Sen,Imran Qureshi,Email,2026-08-19T12:00:00Z
Kabir Joshi,Meera Joshi,Email,2026-08-20T12:00:00Z
Priya Shah,Ravi Mehta,Telegram,2026-08-21T12:00:00Z
Tara Desai,Sana Khan,Signal,2026-08-22T12:00:00Z
Farah Siddiqui,Ravi Mehta,Forum,2026-08-23T12:00:00Z
Daniel Thomas,Harpreet Singh,Signal,2026-08-24T12:00:00Z
Ananya Bose,Daniel Thomas,Signal,2026-08-25T12:00:00Z
Sana Khan,Meera Joshi,Forum,2026-08-26T12:00:00Z
Ravi Mehta,Neha Kapoor,Email,2026-08-27T12:00:00Z
Ananya Bose,Arjun Nair,Signal,2026-08-28T12:00:00Z
Ananya Bose,Arjun Nair,Telegram,2026-08-10T12:00:00Z
Priya Shah,Lakshmi Narayanan,Signal,2026-08-11T12:00:00Z
Daniel Thomas,Harpreet Singh,Email,2026-08-12T12:00:00Z
Amit Sharma,Priya Shah,Email,2026-08-13T12:00:00Z
Devendra Malik,Harpreet Singh,Signal,2026-08-14T12:00:00Z
Vikram Rao,Imran Qureshi,Signal,2026-08-15T12:00:00Z
Kabir Joshi,Neha Kapoor,Signal,2026-08-16T12:00:00Z
Priya Shah,Meera Joshi,Forum,2026-08-17T12:00:00Z
Nandita Mukherjee,Kabir Joshi,Email,2026-08-18T12:00:00Z
Priya Shah,Ananya Bose,Signal,2026-08-19T12:00:00Z
Joseph Mathew,Suresh Chandrasekar,Telegram,2026-08-20T12:00:00Z
Farah Siddiqui,Ananya Bose,Email,2026-08-21T12:00:00Z
Ananya Bose,Ramesh Kumar Sharma,Email,2026-08-22T12:00:00Z
Farah Siddiqui,Sana Khan,Signal,2026-08-23T12:00:00Z
Karan Iyer,Meera Joshi,Signal,2026-08-24T12:00:00Z
Ravi Mehta,Nandita Mukherjee,Forum,2026-08-25T12:00:00Z
Kabir Joshi,Suresh Chandrasekar,Signal,2026-08-26T12:00:00Z
Harpreet Singh,Ramesh Kumar Sharma,Signal,2026-08-27T12:00:00Z
Daniel Thomas,Kabir Joshi,Telegram,2026-08-28T12:00:00Z
Karan Iyer,Nandita Mukherjee,Telegram,2026-08-10T12:00:00Z
Arjun Nair,Ishaan Verma,Email,2026-08-11T12:00:00Z
Ravi Mehta,Neha Kapoor,Telegram,2026-08-12T12:00:00Z
Neha Kapoor,Tara Desai,Telegram,2026-08-13T12:00:00Z
Tara Desai,Ravi Mehta,Forum,2026-08-14T12:00:00Z
Suresh Chandrasekar,Harpreet Singh,Forum,2026-08-15T12:00:00Z
Harpreet Singh,Vikram Rao,Forum,2026-08-16T12:00:00Z
Neha Kapoor,Farah Siddiqui,Email,2026-08-17T12:00:00Z
Ishaan Verma,Tara Desai,Telegram,2026-08-18T12:00:00Z
Tara Desai,Vikram Rao,Forum,2026-08-19T12:00:00Z
Zoya Merchant,Kabir Joshi,Signal,2026-08-20T12:00:00Z
Amit Sharma,Priya Shah,Email,2026-08-21T12:00:00Z
Kabir Joshi,Ananya Bose,Signal,2026-08-22T12:00:00Z
Lakshmi Narayanan,Devendra Malik,Email,2026-08-23T12:00:00Z
Imran Qureshi,Imran Qureshi,Email,2026-08-24T12:00:00Z
Farah Siddiqui,Ramesh Kumar Sharma,Email,2026-08-25T12:00:00Z
Imran Qureshi,Daniel Thomas,Telegram,2026-08-26T12:00:00Z
Ravi Mehta,Amit Sharma,Email,2026-08-27T12:00:00Z
Arjun Nair,Daniel Thomas,Email,2026-08-28T12:00:00Z
Farah Siddiqui,Devendra Malik,Email,2026-08-10T12:00:00Z
Harpreet Singh,Ramesh Kumar Sharma,Telegram,2026-08-11T12:00:00Z
Ishaan Verma,Ishaan Verma,Email,2026-08-12T12:00:00Z
Priya Shah,Vikram Rao,Forum,2026-08-13T12:00:00Z
Nandita Mukherjee,Zoya Merchant,Signal,2026-08-14T12:00:00Z
Devendra Malik,Priya Shah,Forum,2026-08-15T12:00:00Z
Ramesh Kumar Sharma,Priya Shah,Email,2026-08-16T12:00:00Z
Ramesh Kumar Sharma,Ishaan Verma,Signal,2026-08-17T12:00:00Z
Maya Sen,Ramesh Kumar Sharma,Signal,2026-08-18T12:00:00Z
Ananya Bose,Amit Sharma,Signal,2026-08-19T12:00:00Z
Neha Kapoor,Kabir Joshi,Email,2026-08-20T12:00:00Z
Arjun Nair,Karan Iyer,Signal,2026-08-21T12:00:00Z
Ramesh Kumar Sharma,Imran Qureshi,Forum,2026-08-22T12:00:00Z
Vikram Rao,Maya Sen,Signal,2026-08-23T12:00:00Z
Lakshmi Narayanan,Imran Qureshi,Forum,2026-08-24T12:00:00Z
Joseph Mathew,Arjun Nair,Signal,2026-08-25T12:00:00Z
Amit Sharma,Nandita Mukherjee,Forum,2026-08-26T12:00:00Z
Farah Siddiqui,Meera Joshi,Signal,2026-08-27T12:00:00Z
Harpreet Singh,Maya Sen,Signal,2026-08-28T12:00:00Z
Ananya Bose,Priya Shah,Telegram,2026-08-10T12:00:00Z
Amit Sharma,Ananya Bose,Forum,2026-08-11T12:00:00Z
Vikram Rao,Sana Khan,Signal,2026-08-12T12:00:00Z
Arjun Nair,Ishaan Verma,Telegram,2026-08-13T12:00:00Z
Priya Shah,Karan Iyer,Telegram,2026-08-14T12:00:00Z
Meera Joshi,Priya Shah,Telegram,2026-08-15T12:00:00Z
Vikram Rao,Meera Joshi,Telegram,2026-08-16T12:00:00Z
Kabir Joshi,Amit Sharma,Email,2026-08-17T12:00:00Z
Ananya Bose,Tara Desai,Telegram,2026-08-18T12:00:00Z
Imran Qureshi,Sana Khan,Email,2026-08-19T12:00:00Z
Suresh Chandrasekar,Daniel Thomas,Email,2026-08-20T12:00:00Z
Ravi Mehta,Amit Sharma,Email,2026-08-21T12:00:00Z
Neha Kapoor,Ravi Mehta,Email,2026-08-22T12:00:00Z
Devendra Malik,Suresh Chandrasekar,Signal,2026-08-23T12:00:00Z
Karan Iyer,Ishaan Verma,Signal,2026-08-24T12:00:00Z
Lakshmi Narayanan,Arjun Nair,Telegram,2026-08-25T12:00:00Z
Ishaan Verma,Harpreet Singh,Signal,2026-08-26T12:00:00Z
Joseph Mathew,Tara Desai,Telegram,2026-08-27T12:00:00Z
Tara Desai,Joseph Mathew,Forum,2026-08-28T12:00:00Z
Priya Shah,Vikram Rao,Telegram,2026-08-10T12:00:00Z
Amit Sharma,Farah Siddiqui,Email,2026-08-11T12:00:00Z
Arjun Nair,Nandita Mukherjee,Email,2026-08-12T12:00:00Z
Ananya Bose,Meera Joshi,Signal,2026-08-13T12:00:00Z
Suresh Chandrasekar,Joseph Mathew,Forum,2026-08-14T12:00:00Z
Imran Qureshi,Karan Iyer,Signal,2026-08-15T12:00:00Z
Priya Shah,Meera Joshi,Signal,2026-08-16T12:00:00Z
Neha Kapoor,Amit Sharma,Email,2026-08-17T12:00:00Z
Arjun Nair,Suresh Chandrasekar,Email,2026-08-18T12:00:00Z
Lakshmi Narayanan,Tara Desai,Telegram,2026-08-19T12:00:00Z
Kabir Joshi,Neha Kapoor,Email,2026-08-20T12:00:00Z
Joseph Mathew,Priya Shah,Signal,2026-08-21T12:00:00Z
Nandita Mukherjee,Maya Sen,Email,2026-08-22T12:00:00Z
Ananya Bose,Meera Joshi,Forum,2026-08-23T12:00:00Z
Devendra Malik,Kabir Joshi,Telegram,2026-08-24T12:00:00Z
Meera Joshi,Ravi Mehta,Telegram,2026-08-25T12:00:00Z
Neha Kapoor,Nandita Mukherjee,Telegram,2026-08-26T12:00:00Z
Amit Sharma,Ramesh Kumar Sharma,Telegram,2026-08-27T12:00:00Z
Joseph Mathew,Ishaan Verma,Forum,2026-08-28T12:00:00Z
Meera Joshi,Nandita Mukherjee,Signal,2026-08-10T12:00:00Z
Harpreet Singh,Karan Iyer,Forum,2026-08-11T12:00:00Z
Meera Joshi,Daniel Thomas,Signal,2026-08-12T12:00:00Z
Harpreet Singh,Priya Shah,Signal,2026-08-13T12:00:00Z
Karan Iyer,Harpreet Singh,Forum,2026-08-14T12:00:00Z
Maya Sen,Karan Iyer,Forum,2026-08-15T12:00:00Z
Suresh Chandrasekar,Daniel Thomas,Signal,2026-08-16T12:00:00Z
Tara Desai,Tara Desai,Email,2026-08-17T12:00:00Z
Ishaan Verma,Ananya Bose,Email,2026-08-18T12:00:00Z
Daniel Thomas,Daniel Thomas,Email,2026-08-19T12:00:00Z
Lakshmi Narayanan,Joseph Mathew,Signal,2026-08-20T12:00:00Z
Meera Joshi,Joseph Mathew,Email,2026-08-21T12:00:00Z
Vikram Rao,Daniel Thomas,Signal,2026-08-22T12:00:00Z
Farah Siddiqui,Suresh Chandrasekar,Forum,2026-08-23T12:00:00Z
Daniel Thomas,Nandita Mukherjee,Signal,2026-08-24T12:00:00Z
Lakshmi Narayanan,Kabir Joshi,Email,2026-08-25T12:00:00Z
Priya Shah,Imran Qureshi,Forum,2026-08-26T12:00:00Z
Amit Sharma,Ramesh Kumar Sharma,Signal,2026-08-27T12:00:00Z
Zoya Merchant,Ravi Mehta,Forum,2026-08-28T12:00:00Z
Tara Desai,Farah Siddiqui,Forum,2026-08-10T12:00:00Z
Karan Iyer,Karan Iyer,Forum,2026-08-11T12:00:00Z
Joseph Mathew,Maya Sen,Email,2026-08-12T12:00:00Z
Devendra Malik,Ravi Mehta,Signal,2026-08-13T12:00:00Z
Ramesh Kumar Sharma,Tara Desai,Telegram,2026-08-14T12:00:00Z
Devendra Malik,Farah Siddiqui,Signal,2026-08-15T12:00:00Z
Karan Iyer,Farah Siddiqui,Signal,2026-08-16T12:00:00Z
Kabir Joshi,Daniel Thomas,Signal,2026-08-17T12:00:00Z
Priya Shah,Ishaan Verma,Telegram,2026-08-18T12:00:00Z
Nandita Mukherjee,Amit Sharma,Email,2026-08-19T12:00:00Z
Sana Khan,Ananya Bose,Forum,2026-08-20T12:00:00Z
Suresh Chandrasekar,Suresh Chandrasekar,Telegram,2026-08-21T12:00:00Z
Nandita Mukherjee,Suresh Chandrasekar,Forum,2026-08-22T12:00:00Z
Kabir Joshi,Maya Sen,Email,2026-08-23T12:00:00Z
Devendra Malik,Joseph Mathew,Forum,2026-08-24T12:00:00Z
Vikram Rao,Tara Desai,Signal,2026-08-25T12:00:00Z
Meera Joshi,Kabir Joshi,Telegram,2026-08-26T12:00:00Z
Karan Iyer,Zoya Merchant,Telegram,2026-08-27T12:00:00Z
Maya Sen,Vikram Rao,Telegram,2026-08-28T12:00:00Z
Kabir Joshi,Imran Qureshi,Signal,2026-08-10T12:00:00Z
Joseph Mathew,Ravi Mehta,Email,2026-08-11T12:00:00Z
Neha Kapoor,Devendra Malik,Telegram,2026-08-12T12:00:00Z
Kabir Joshi,Arjun Nair,Email,2026-08-13T12:00:00Z
Tara Desai,Karan Iyer,Forum,2026-08-14T12:00:00Z
Suresh Chandrasekar,Arjun Nair,Email,2026-08-15T12:00:00Z
Meera Joshi,Tara Desai,Email,2026-08-16T12:00:00Z
Devendra Malik,Kabir Joshi,Signal,2026-08-17T12:00:00Z
Ramesh Kumar Sharma,Vikram Rao,Forum,2026-08-18T12:00:00Z
Daniel Thomas,Ramesh Kumar Sharma,Signal,2026-08-19T12:00:00Z
Vikram Rao,Maya Sen,Telegram,2026-08-20T12:00:00Z
Ishaan Verma,Devendra Malik,Signal,2026-08-21T12:00:00Z
Karan Iyer,Joseph Mathew,Telegram,2026-08-22T12:00:00Z
Karan Iyer,Harpreet Singh,Telegram,2026-08-23T12:00:00Z
Suresh Chandrasekar,Tara Desai,Email,2026-08-24T12:00:00Z
Ishaan Verma,Vikram Rao,Telegram,2026-08-25T12:00:00Z
Neha Kapoor,Tara Desai,Telegram,2026-08-26T12:00:00Z
Imran Qureshi,Ramesh Kumar Sharma,Telegram,2026-08-27T12:00:00Z
Ravi Mehta,Maya Sen,Signal,2026-08-28T12:00:00Z
Priya Shah,Suresh Chandrasekar,Forum,2026-08-10T12:00:00Z
Ramesh Kumar Sharma,Vikram Rao,Signal,2026-08-11T12:00:00Z
Devendra Malik,Vikram Rao,Signal,2026-08-12T12:00:00Z
Ananya Bose,Kabir Joshi,Telegram,2026-08-13T12:00:00Z
Suresh Chandrasekar,Priya Shah,Telegram,2026-08-14T12:00:00Z
Amit Sharma,Kabir Joshi,Signal,2026-08-15T12:00:00Z
Farah Siddiqui,Devendra Malik,Telegram,2026-08-16T12:00:00Z
Arjun Nair,Ishaan Verma,Telegram,2026-08-17T12:00:00Z
Daniel Thomas,Vikram Rao,Forum,2026-08-18T12:00:00Z
Ramesh Kumar Sharma,Suresh Chandrasekar,Telegram,2026-08-19T12:00:00Z
Ananya Bose,Amit Sharma,Forum,2026-08-20T12:00:00Z
Karan Iyer,Priya Shah,Email,2026-08-21T12:00:00Z
Joseph Mathew,Ravi Mehta,Telegram,2026-08-22T12:00:00Z
Arjun Nair,Karan Iyer,Telegram,2026-08-23T12:00:00Z
Imran Qureshi,Ravi Mehta,Email,2026-08-24T12:00:00Z
Meera Joshi,Joseph Mathew,Email,2026-08-25T12:00:00Z
Amit Sharma,Vikram Rao,Telegram,2026-08-26T12:00:00Z
Ravi Mehta,Farah Siddiqui,Signal,2026-08-27T12:00:00Z
Harpreet Singh,Daniel Thomas,Signal,2026-08-28T12:00:00Z
Arjun Nair,Daniel Thomas,Telegram,2026-08-10T12:00:00Z
Nandita Mukherjee,Karan Iyer,Telegram,2026-08-11T12:00:00Z
Ishaan Verma,Suresh Chandrasekar,Telegram,2026-08-12T12:00:00Z
Ananya Bose,Suresh Chandrasekar,Forum,2026-08-13T12:00:00Z
Neha Kapoor,Suresh Chandrasekar,Signal,2026-08-14T12:00:00Z
Amit Sharma,Ravi Mehta,Signal,2026-08-15T12:00:00Z
Vikram Rao,Lakshmi Narayanan,Email,2026-08-16T12:00:00Z
Farah Siddiqui,Arjun Nair,Forum,2026-08-17T12:00:00Z
Priya Shah,Vikram Rao,Email,2026-08-18T12:00:00Z
Ramesh Kumar Sharma,Lakshmi Narayanan,Email,2026-08-19T12:00:00Z
Lakshmi Narayanan,Ananya Bose,Signal,2026-08-20T12:00:00Z
Imran Qureshi,Zoya Merchant,Email,2026-08-21T12:00:00Z
Ishaan Verma,Suresh Chandrasekar,Email,2026-08-22T12:00:00Z
Amit Sharma,Zoya Merchant,Forum,2026-08-23T12:00:00Z
Daniel Thomas,Suresh Chandrasekar,Telegram,2026-08-24T12:00:00Z
Karan Iyer,Amit Sharma,Email,2026-08-25T12:00:00Z
Joseph Mathew,Ishaan Verma,Telegram,2026-08-26T12:00:00Z
Priya Shah,Zoya Merchant,Telegram,2026-08-27T12:00:00Z
Neha Kapoor,Ramesh Kumar Sharma,Forum,2026-08-28T12:00:00Z
Devendra Malik,Meera Joshi,Signal,2026-08-10T12:00:00Z
Kabir Joshi,Tara Desai,Forum,2026-08-11T12:00:00Z
Kabir Joshi,Devendra Malik,Email,2026-08-12T12:00:00Z
Karan Iyer,Devendra Malik,Signal,2026-08-13T12:00:00Z
Zoya Merchant,Arjun Nair,Email,2026-08-14T12:00:00Z
Joseph Mathew,Ishaan Verma,Telegram,2026-08-15T12:00:00Z
Harpreet Singh,Suresh Chandrasekar,Signal,2026-08-16T12:00:00Z
Neha Kapoor,Harpreet Singh,Forum,2026-08-17T12:00:00Z
Ananya Bose,Farah Siddiqui,Forum,2026-08-18T12:00:00Z
Lakshmi Narayanan,Farah Siddiqui,Email,2026-08-19T12:00:00Z
Ravi Mehta,Ishaan Verma,Telegram,2026-08-20T12:00:00Z
Harpreet Singh,Ananya Bose,Forum,2026-08-21T12:00:00Z
Neha Kapoor,Priya Shah,Signal,2026-08-22T12:00:00Z
Daniel Thomas,Vikram Rao,Signal,2026-08-23T12:00:00Z
Lakshmi Narayanan,Nandita Mukherjee,Email,2026-08-24T12:00:00Z
Ananya Bose,Meera Joshi,Signal,2026-08-25T12:00:00Z
Farah Siddiqui,Harpreet Singh,Signal,2026-08-26T12:00:00Z
Zoya Merchant,Suresh Chandrasekar,Signal,2026-08-27T12:00:00Z
Priya Shah,Priya Shah,Telegram,2026-08-28T12:00:00Z
Neha Kapoor,Harpreet Singh,Signal,2026-08-10T12:00:00Z
Ramesh Kumar Sharma,Ananya Bose,Forum,2026-08-11T12:00:00Z
Amit Sharma,Ramesh Kumar Sharma,Forum,2026-08-12T12:00:00Z
Nandita Mukherjee,Farah Siddiqui,Telegram,2026-08-13T12:00:00Z
Tara Desai,Karan Iyer,Telegram,2026-08-14T12:00:00Z
Priya Shah,Sana Khan,Forum,2026-08-15T12:00:00Z
Arjun Nair,Meera Joshi,Email,2026-08-16T12:00:00Z
Daniel Thomas,Priya Shah,Signal,2026-08-17T12:00:00Z
Priya Shah,Ramesh Kumar Sharma,Email,2026-08-18T12:00:00Z
Nandita Mukherjee,Imran Qureshi,Email,2026-08-19T12:00:00Z
Farah Siddiqui,Karan Iyer,Forum,2026-08-20T12:00:00Z
Neha Kapoor,Neha Kapoor,Email,2026-08-21T12:00:00Z
Priya Shah,Suresh Chandrasekar,Email,2026-08-22T12:00:00Z
Sana Khan,Amit Sharma,Signal,2026-08-23T12:00:00Z
Amit Sharma,Zoya Merchant,Telegram,2026-08-24T12:00:00Z
Devendra Malik,Tara Desai,Telegram,2026-08-25T12:00:00Z
Daniel Thomas,Joseph Mathew,Telegram,2026-08-26T12:00:00Z
Karan Iyer,Lakshmi Narayanan,Signal,2026-08-27T12:00:00Z
Sana Khan,Priya Shah,Email,2026-08-28T12:00:00Z
Farah Siddiqui,Ishaan Verma,Forum,2026-08-10T12:00:00Z
Ramesh Kumar Sharma,Suresh Chandrasekar,Telegram,2026-08-11T12:00:00Z
Priya Shah,Ananya Bose,Email,2026-08-12T12:00:00Z
Arjun Nair,Ananya Bose,Telegram,2026-08-13T12:00:00Z
Harpreet Singh,Ananya Bose,Forum,2026-08-14T12:00:00Z
Tara Desai,Daniel Thomas,Signal,2026-08-15T12:00:00Z
Tara Desai,Sana Khan,Telegram,2026-08-16T12:00:00Z
Ravi Mehta,Arjun Nair,Signal,2026-08-17T12:00:00Z
Joseph Mathew,Maya Sen,Signal,2026-08-18T12:00:00Z
Ramesh Kumar Sharma,Ishaan Verma,Telegram,2026-08-19T12:00:00Z
Lakshmi Narayanan,Farah Siddiqui,Forum,2026-08-20T12:00:00Z
Kabir Joshi,Vikram Rao,Forum,2026-08-21T12:00:00Z
Devendra Malik,Karan Iyer,Email,2026-08-22T12:00:00Z
Neha Kapoor,Priya Shah,Forum,2026-08-23T12:00:00Z
Vikram Rao,Maya Sen,Email,2026-08-24T12:00:00Z
Ishaan Verma,Karan Iyer,Telegram,2026-08-25T12:00:00Z
Ananya Bose,Ishaan Verma,Forum,2026-08-26T12:00:00Z
Tara Desai,Joseph Mathew,Forum,2026-08-27T12:00:00Z
Suresh Chandrasekar,Ananya Bose,Forum,2026-08-28T12:00:00Z
Maya Sen,Imran Qureshi,Forum,2026-08-10T12:00:00Z
Imran Qureshi,Kabir Joshi,Forum,2026-08-11T12:00:00Z
Vikram Rao,Vikram Rao,Email,2026-08-12T12:00:00Z
Daniel Thomas,Kabir Joshi,Email,2026-08-13T12:00:00Z
Arjun Nair,Amit Sharma,Email,2026-08-14T12:00:00Z
Farah Siddiqui,Nandita Mukherjee,Telegram,2026-08-15T12:00:00Z
Tara Desai,Amit Sharma,Forum,2026-08-16T12:00:00Z
Daniel Thomas,Priya Shah,Forum,2026-08-17T12:00:00Z
Tara Desai,Ramesh Kumar Sharma,Email,2026-08-18T12:00:00Z
Arjun Nair,Priya Shah,Signal,2026-08-19T12:00:00Z
Farah Siddiqui,Joseph Mathew,Telegram,2026-08-20T12:00:00Z
Joseph Mathew,Devendra Malik,Forum,2026-08-21T12:00:00Z
Lakshmi Narayanan,Ananya Bose,Telegram,2026-08-22T12:00:00Z
Suresh Chandrasekar,Karan Iyer,Email,2026-08-23T12:00:00Z
Lakshmi Narayanan,Amit Sharma,Forum,2026-08-24T12:00:00Z
Daniel Thomas,Joseph Mathew,Telegram,2026-08-25T12:00:00Z
Maya Sen,Harpreet Singh,Email,2026-08-26T12:00:00Z
Priya Shah,Neha Kapoor,Telegram,2026-08-27T12:00:00Z
Daniel Thomas,Arjun Nair,Email,2026-08-28T12:00:00Z
Farah Siddiqui,Harpreet Singh,Email,2026-08-10T12:00:00Z
Amit Sharma,Vikram Rao,Telegram,2026-08-11T12:00:00Z
Sana Khan,Kabir Joshi,Forum,2026-08-12T12:00:00Z
Devendra Malik,Meera Joshi,Signal,2026-08-13T12:00:00Z
Kabir Joshi,Ishaan Verma,Forum,2026-08-14T12:00:00Z
Zoya Merchant,Daniel Thomas,Forum,2026-08-15T12:00:00Z
Priya Shah,Ishaan Verma,Signal,2026-08-16T12:00:00Z
Imran Qureshi,Kabir Joshi,Signal,2026-08-17T12:00:00Z
Devendra Malik,Amit Sharma,Telegram,2026-08-18T12:00:00Z
Karan Iyer,Nandita Mukherjee,Telegram,2026-08-19T12:00:00Z
Neha Kapoor,Kabir Joshi,Forum,2026-08-20T12:00:00Z
Meera Joshi,Harpreet Singh,Telegram,2026-08-21T12:00:00Z
Joseph Mathew,Karan Iyer,Telegram,2026-08-22T12:00:00Z
Devendra Malik,Nandita Mukherjee,Telegram,2026-08-23T12:00:00Z
Lakshmi Narayanan,Ravi Mehta,Email,2026-08-24T12:00:00Z
Tara Desai,Neha Kapoor,Forum,2026-08-25T12:00:00Z
Ananya Bose,Ramesh Kumar Sharma,Forum,2026-08-26T12:00:00Z
Amit Sharma,Ramesh Kumar Sharma,Telegram,2026-08-27T12:00:00Z
Farah Siddiqui,Nandita Mukherjee,Telegram,2026-08-28T12:00:00Z
Harpreet Singh,Priya Shah,Forum,2026-08-10T12:00:00Z
Sana Khan,Amit Sharma,Signal,2026-08-11T12:00:00Z
Neha Kapoor,Priya Shah,Telegram,2026-08-12T12:00:00Z
Amit Sharma,Ravi Mehta,Email,2026-08-13T12:00:00Z
Imran Qureshi,Maya Sen,Telegram,2026-08-14T12:00:00Z
Ramesh Kumar Sharma,Maya Sen,Telegram,2026-08-15T12:00:00Z
Sana Khan,Joseph Mathew,Telegram,2026-08-16T12:00:00Z
Farah Siddiqui,Devendra Malik,Forum,2026-08-17T12:00:00Z
Amit Sharma,Imran Qureshi,Telegram,2026-08-18T12:00:00Z
Lakshmi Narayanan,Meera Joshi,Forum,2026-08-19T12:00:00Z
Ananya Bose,Zoya Merchant,Signal,2026-08-20T12:00:00Z
Lakshmi Narayanan,Sana Khan,Forum,2026-08-21T12:00:00Z
Amit Sharma,Tara Desai,Email,2026-08-22T12:00:00Z
Suresh Chandrasekar,Kabir Joshi,Forum,2026-08-23T12:00:00Z
Suresh Chandrasekar,Priya Shah,Signal,2026-08-24T12:00:00Z
Meera Joshi,Ishaan Verma,Forum,2026-08-25T12:00:00Z
Maya Sen,Daniel Thomas,Signal,2026-08-26T12:00:00Z
Arjun Nair,Sana Khan,Telegram,2026-08-27T12:00:00Z
Maya Sen,Suresh Chandrasekar,Email,2026-08-28T12:00:00Z
Joseph Mathew,Neha Kapoor,Telegram,2026-08-10T12:00:00Z
Ishaan Verma,Ravi Mehta,Signal,2026-08-11T12:00:00Z
Neha Kapoor,Arjun Nair,Email,2026-08-12T12:00:00Z
Kabir Joshi,Ramesh Kumar Sharma,Signal,2026-08-13T12:00:00Z
Ananya Bose,Ishaan Verma,Signal,2026-08-14T12:00:00Z
Meera Joshi,Ravi Mehta,Telegram,2026-08-15T12:00:00Z
Imran Qureshi,Zoya Merchant,Signal,2026-08-16T12:00:00Z
Kabir Joshi,Maya Sen,Signal,2026-08-17T12:00:00Z
Ravi Mehta,Kabir Joshi,Signal,2026-08-18T12:00:00Z
Maya Sen,Karan Iyer,Signal,2026-08-19T12:00:00Z
Ishaan Verma,Ramesh Kumar Sharma,Forum,2026-08-20T12:00:00Z
Imran Qureshi,Tara Desai,Signal,2026-08-21T12:00:00Z
Harpreet Singh,Sana Khan,Email,2026-08-22T12:00:00Z
Sana Khan,Imran Qureshi,Signal,2026-08-23T12:00:00Z
Maya Sen,Imran Qureshi,Telegram,2026-08-24T12:00:00Z
Ananya Bose,Kabir Joshi,Forum,2026-08-25T12:00:00Z
Tara Desai,Ishaan Verma,Signal,2026-08-26T12:00:00Z
Sana Khan,Ravi Mehta,Signal,2026-08-27T12:00:00Z
Arjun Nair,Ramesh Kumar Sharma,Email,2026-08-28T12:00:00Z
Ramesh Kumar Sharma,Kabir Joshi,Forum,2026-08-10T12:00:00Z
Arjun Nair,Ananya Bose,Forum,2026-08-11T12:00:00Z
Meera Joshi,Maya Sen,Signal,2026-08-12T12:00:00Z
Neha Kapoor,Suresh Chandrasekar,Signal,2026-08-13T12:00:00Z
Priya Shah,Devendra Malik,Signal,2026-08-14T12:00:00Z
Ramesh Kumar Sharma,Suresh Chandrasekar,Telegram,2026-08-15T12:00:00Z
Ananya Bose,Lakshmi Narayanan,Signal,2026-08-16T12:00:00Z
Farah Siddiqui,Neha Kapoor,Signal,2026-08-17T12:00:00Z
Ishaan Verma,Imran Qureshi,Forum,2026-08-18T12:00:00Z
Farah Siddiqui,Imran Qureshi,Forum,2026-08-19T12:00:00Z
Arjun Nair,Neha Kapoor,Forum,2026-08-20T12:00:00Z
Ramesh Kumar Sharma,Devendra Malik,Email,2026-08-21T12:00:00Z
Daniel Thomas,Zoya Merchant,Telegram,2026-08-22T12:00:00Z
Harpreet Singh,Sana Khan,Telegram,2026-08-23T12:00:00Z
Farah Siddiqui,Neha Kapoor,Forum,2026-08-24T12:00:00Z
Ravi Mehta,Zoya Merchant,Email,2026-08-25T12:00:00Z
Amit Sharma,Tara Desai,Telegram,2026-08-26T12:00:00Z
Ishaan Verma,Sana Khan,Email,2026-08-27T12:00:00Z
Ishaan Verma,Nandita Mukherjee,Signal,2026-08-28T12:00:00Z
Daniel Thomas,Ishaan Verma,Forum,2026-08-10T12:00:00Z
Tara Desai,Devendra Malik,Telegram,2026-08-11T12:00:00Z
Meera Joshi,Ishaan Verma,Telegram,2026-08-12T12:00:00Z
Ishaan Verma,Karan Iyer,Telegram,2026-08-13T12:00:00Z
Daniel Thomas,Nandita Mukherjee,Telegram,2026-08-14T12:00:00Z
Kabir Joshi,Vikram Rao,Forum,2026-08-15T12:00:00Z
Ramesh Kumar Sharma,Harpreet Singh,Telegram,2026-08-16T12:00:00Z
Arjun Nair,Devendra Malik,Forum,2026-08-17T12:00:00Z
Tara Desai,Meera Joshi,Signal,2026-08-18T12:00:00Z
Neha Kapoor,Harpreet Singh,Email,2026-08-19T12:00:00Z
Meera Joshi,Maya Sen,Forum,2026-08-20T12:00:00Z
Farah Siddiqui,Meera Joshi,Forum,2026-08-21T12:00:00Z
Suresh Chandrasekar,Sana Khan,Signal,2026-08-22T12:00:00Z
Joseph Mathew,Sana Khan,Signal,2026-08-23T12:00:00Z
Priya Shah,Imran Qureshi,Email,2026-08-24T12:00:00Z
Sana Khan,Vikram Rao,Forum,2026-08-25T12:00:00Z
Vikram Rao,Ananya Bose,Forum,2026-08-26T12:00:00Z
Farah Siddiqui,Daniel Thomas,Telegram,2026-08-27T12:00:00Z
Maya Sen,Tara Desai,Signal,2026-08-28T12:00:00Z
Nandita Mukherjee,Ishaan Verma,Signal,2026-08-10T12:00:00Z
Vikram Rao,Tara Desai,Telegram,2026-08-11T12:00:00Z
Imran Qureshi,Ishaan Verma,Email,2026-08-12T12:00:00Z
Farah Siddiqui,Arjun Nair,Telegram,2026-08-13T12:00:00Z
Amit Sharma,Meera Joshi,Forum,2026-08-14T12:00:00Z
Sana Khan,Amit Sharma,Forum,2026-08-15T12:00:00Z
Priya Shah,Zoya Merchant,Signal,2026-08-16T12:00:00Z
Nandita Mukherjee,Devendra Malik,Telegram,2026-08-17T12:00:00Z
Meera Joshi,Lakshmi Narayanan,Telegram,2026-08-18T12:00:00Z
Ananya Bose,Ananya Bose,Forum,2026-08-19T12:00:00Z
Devendra Malik,Zoya Merchant,Signal,2026-08-20T12:00:00Z
Arjun Nair,Joseph Mathew,Email,2026-08-21T12:00:00Z
Priya Shah,Tara Desai,Telegram,2026-08-22T12:00:00Z
Lakshmi Narayanan,Zoya Merchant,Forum,2026-08-23T12:00:00Z
Nandita Mukherjee,Imran Qureshi,Forum,2026-08-24T12:00:00Z
Sana Khan,Amit Sharma,Signal,2026-08-25T12:00:00Z
Amit Sharma,Devendra Malik,Signal,2026-08-26T12:00:00Z
Priya Shah,Neha Kapoor,Signal,2026-08-27T12:00:00Z
Priya Shah,Lakshmi Narayanan,Email,2026-08-28T12:00:00Z
Priya Shah,Sana Khan,Email,2026-08-10T12:00:00Z
Harpreet Singh,Kabir Joshi,Forum,2026-08-11T12:00:00Z
Sana Khan,Harpreet Singh,Signal,2026-08-12T12:00:00Z
Ishaan Verma,Zoya Merchant,Forum,2026-08-13T12:00:00Z
Lakshmi Narayanan,Harpreet Singh,Forum,2026-08-14T12:00:00Z
Ananya Bose,Arjun Nair,Forum,2026-08-15T12:00:00Z
Arjun Nair,Harpreet Singh,Forum,2026-08-16T12:00:00Z
Arjun Nair,Ramesh Kumar Sharma,Email,2026-08-17T12:00:00Z
Lakshmi Narayanan,Suresh Chandrasekar,Forum,2026-08-18T12:00:00Z
Ishaan Verma,Joseph Mathew,Forum,2026-08-19T12:00:00Z
Ramesh Kumar Sharma,Joseph Mathew,Forum,2026-08-20T12:00:00Z
Farah Siddiqui,Kabir Joshi,Signal,2026-08-21T12:00:00Z
Suresh Chandrasekar,Suresh Chandrasekar,Forum,2026-08-22T12:00:00Z
Imran Qureshi,Karan Iyer,Telegram,2026-08-23T12:00:00Z
Kabir Joshi,Joseph Mathew,Email,2026-08-24T12:00:00Z
Amit Sharma,Amit Sharma,Email,2026-08-25T12:00:00Z
Priya Shah,Vikram Rao,Email,2026-08-26T12:00:00Z
Priya Shah,Harpreet Singh,Forum,2026-08-27T12:00:00Z
Harpreet Singh,Lakshmi Narayanan,Email,2026-08-28T12:00:00Z
Sana Khan,Joseph Mathew,Forum,2026-08-10T12:00:00Z
Suresh Chandrasekar,Sana Khan,Telegram,2026-08-11T12:00:00Z
Priya Shah,Neha Kapoor,Signal,2026-08-12T12:00:00Z
Joseph Mathew,Maya Sen,Telegram,2026-08-13T12:00:00Z
Suresh Chandrasekar,Lakshmi Narayanan,Signal,2026-08-14T12:00:00Z
Devendra Malik,Amit Sharma,Email,2026-08-15T12:00:00Z
Lakshmi Narayanan,Kabir Joshi,Forum,2026-08-16T12:00:00Z
Harpreet Singh,Karan Iyer,Forum,2026-08-17T12:00:00Z
Ravi Mehta,Joseph Mathew,Signal,2026-08-18T12:00:00Z
Tara Desai,Ananya Bose,Signal,2026-08-19T12:00:00Z
Neha Kapoor,Tara Desai,Signal,2026-08-20T12:00:00Z
Zoya Merchant,Lakshmi Narayanan,Signal,2026-08-21T12:00:00Z
Ravi Mehta,Neha Kapoor,Forum,2026-08-22T12:00:00Z
Lakshmi Narayanan,Priya Shah,Forum,2026-08-23T12:00:00Z
Amit Sharma,Amit Sharma,Signal,2026-08-24T12:00:00Z
Priya Shah,Ramesh Kumar Sharma,Email,2026-08-25T12:00:00Z
Meera Joshi,Daniel Thomas,Telegram,2026-08-26T12:00:00Z
Harpreet Singh,Maya Sen,Forum,2026-08-27T12:00:00Z
Tara Desai,Suresh Chandrasekar,Forum,2026-08-28T12:00:00Z
Meera Joshi,Sana Khan,Telegram,2026-08-10T12:00:00Z
Tara Desai,Kabir Joshi,Telegram,2026-08-11T12:00:00Z
Ishaan Verma,Ananya Bose,Signal,2026-08-12T12:00:00Z
Suresh Chandrasekar,Vikram Rao,Signal,2026-08-13T12:00:00Z
Kabir Joshi,Daniel Thomas,Forum,2026-08-14T12:00:00Z
Ananya Bose,Daniel Thomas,Signal,2026-08-15T12:00:00Z
Maya Sen,Ramesh Kumar Sharma,Telegram,2026-08-16T12:00:00Z
Lakshmi Narayanan,Imran Qureshi,Forum,2026-08-17T12:00:00Z
Nandita Mukherjee,Ramesh Kumar Sharma,Email,2026-08-18T12:00:00Z
Harpreet Singh,Karan Iyer,Telegram,2026-08-19T12:00:00Z
Amit Sharma,Sana Khan,Signal,2026-08-20T12:00:00Z
Ananya Bose,Lakshmi Narayanan,Telegram,2026-08-21T12:00:00Z
Harpreet Singh,Farah Siddiqui,Forum,2026-08-22T12:00:00Z
Ishaan Verma,Priya Shah,Telegram,2026-08-23T12:00:00Z
Kabir Joshi,Ramesh Kumar Sharma,Email,2026-08-24T12:00:00Z
Maya Sen,Daniel Thomas,Telegram,2026-08-25T12:00:00Z
Zoya Merchant,Ananya Bose,Telegram,2026-08-26T12:00:00Z
Kabir Joshi,Amit Sharma,Signal,2026-08-27T12:00:00Z
Ravi Mehta,Lakshmi Narayanan,Telegram,2026-08-28T12:00:00Z
Amit Sharma,Meera Joshi,Forum,2026-08-10T12:00:00Z
Harpreet Singh,Ravi Mehta,Signal,2026-08-11T12:00:00Z
Kabir Joshi,Harpreet Singh,Forum,2026-08-12T12:00:00Z
Amit Sharma,Tara Desai,Signal,2026-08-13T12:00:00Z
Daniel Thomas,Amit Sharma,Email,2026-08-14T12:00:00Z
Maya Sen,Sana Khan,Telegram,2026-08-15T12:00:00Z
Ananya Bose,Arjun Nair,Forum,2026-08-16T12:00:00Z
Nandita Mukherjee,Sana Khan,Signal,2026-08-17T12:00:00Z
Nandita Mukherjee,Lakshmi Narayanan,Telegram,2026-08-18T12:00:00Z
Karan Iyer,Tara Desai,Forum,2026-08-19T12:00:00Z
Nandita Mukherjee,Sana Khan,Forum,2026-08-20T12:00:00Z
Suresh Chandrasekar,Lakshmi Narayanan,Telegram,2026-08-21T12:00:00Z
Amit Sharma,Neha Kapoor,Signal,2026-08-22T12:00:00Z
Ravi Mehta,Zoya Merchant,Signal,2026-08-23T12:00:00Z
Daniel Thomas,Ravi Mehta,Telegram,2026-08-24T12:00:00Z
Neha Kapoor,Meera Joshi,Forum,2026-08-25T12:00:00Z
Imran Qureshi,Arjun Nair,Signal,2026-08-26T12:00:00Z
Kabir Joshi,Meera Joshi,Signal,2026-08-27T12:00:00Z
Vikram Rao,Imran Qureshi,Telegram,2026-08-28T12:00:00Z
Tara Desai,Lakshmi Narayanan,Email,2026-08-10T12:00:00Z
Neha Kapoor,Tara Desai,Telegram,2026-08-11T12:00:00Z
Suresh Chandrasekar,Harpreet Singh,Signal,2026-08-12T12:00:00Z
Suresh Chandrasekar,Zoya Merchant,Telegram,2026-08-13T12:00:00Z
Ravi Mehta,Maya Sen,Telegram,2026-08-14T12:00:00Z
Nandita Mukherjee,Devendra Malik,Forum,2026-08-15T12:00:00Z
Farah Siddiqui,Neha Kapoor,Telegram,2026-08-16T12:00:00Z
Joseph Mathew,Farah Siddiqui,Forum,2026-08-17T12:00:00Z
Vikram Rao,Meera Joshi,Signal,2026-08-18T12:00:00Z
Imran Qureshi,Neha Kapoor,Telegram,2026-08-19T12:00:00Z
Priya Shah,Harpreet Singh,Forum,2026-08-20T12:00:00Z
Imran Qureshi,Neha Kapoor,Email,2026-08-21T12:00:00Z
Joseph Mathew,Daniel Thomas,Email,2026-08-22T12:00:00Z
Joseph Mathew,Devendra Malik,Email,2026-08-23T12:00:00Z
Joseph Mathew,Devendra Malik,Signal,2026-08-24T12:00:00Z
Ishaan Verma,Lakshmi Narayanan,Telegram,2026-08-25T12:00:00Z
Neha Kapoor,Neha Kapoor,Signal,2026-08-26T12:00:00Z
Ishaan Verma,Harpreet Singh,Telegram,2026-08-27T12:00:00Z
Harpreet Singh,Joseph Mathew,Telegram,2026-08-28T12:00:00Z
Amit Sharma,Suresh Chandrasekar,Forum,2026-08-10T12:00:00Z
Ananya Bose,Sana Khan,Forum,2026-08-11T12:00:00Z
Suresh Chandrasekar,Imran Qureshi,Email,2026-08-12T12:00:00Z
Priya Shah,Arjun Nair,Signal,2026-08-13T12:00:00Z
Zoya Merchant,Kabir Joshi,Telegram,2026-08-14T12:00:00Z
Harpreet Singh,Farah Siddiqui,Telegram,2026-08-15T12:00:00Z
Ananya Bose,Farah Siddiqui,Email,2026-08-16T12:00:00Z
Nandita Mukherjee,Amit Sharma,Signal,2026-08-17T12:00:00Z
Ramesh Kumar Sharma,Ananya Bose,Forum,2026-08-18T12:00:00Z
Ananya Bose,Lakshmi Narayanan,Signal,2026-08-19T12:00:00Z
Imran Qureshi,Ananya Bose,Forum,2026-08-20T12:00:00Z
Ramesh Kumar Sharma,Priya Shah,Telegram,2026-08-21T12:00:00Z
Farah Siddiqui,Karan Iyer,Forum,2026-08-22T12:00:00Z
Meera Joshi,Imran Qureshi,Email,2026-08-23T12:00:00Z
Amit Sharma,Neha Kapoor,Forum,2026-08-24T12:00:00Z
Joseph Mathew,Nandita Mukherjee,Telegram,2026-08-25T12:00:00Z
Devendra Malik,Ramesh Kumar Sharma,Telegram,2026-08-26T12:00:00Z
Daniel Thomas,Vikram Rao,Telegram,2026-08-27T12:00:00Z
Farah Siddiqui,Farah Siddiqui,Forum,2026-08-28T12:00:00Z
Devendra Malik,Imran Qureshi,Signal,2026-08-10T12:00:00Z
Daniel Thomas,Lakshmi Narayanan,Telegram,2026-08-11T12:00:00Z
Devendra Malik,Nandita Mukherjee,Forum,2026-08-12T12:00:00Z
Neha Kapoor,Ramesh Kumar Sharma,Email,2026-08-13T12:00:00Z
Vikram Rao,Vikram Rao,Signal,2026-08-14T12:00:00Z
Devendra Malik,Kabir Joshi,Telegram,2026-08-15T12:00:00Z
Tara Desai,Daniel Thomas,Signal,2026-08-16T12:00:00Z
Priya Shah,Tara Desai,Email,2026-08-17T12:00:00Z
Suresh Chandrasekar,Ananya Bose,Forum,2026-08-18T12:00:00Z
Devendra Malik,Priya Shah,Forum,2026-08-19T12:00:00Z
Tara Desai,Suresh Chandrasekar,Forum,2026-08-20T12:00:00Z
Ramesh Kumar Sharma,Kabir Joshi,Signal,2026-08-21T12:00:00Z
Meera Joshi,Sana Khan,Email,2026-08-22T12:00:00Z
Zoya Merchant,Meera Joshi,Signal,2026-08-23T12:00:00Z
Tara Desai,Amit Sharma,Signal,2026-08-24T12:00:00Z
Lakshmi Narayanan,Kabir Joshi,Signal,2026-08-25T12:00:00Z
Joseph Mathew,Devendra Malik,Signal,2026-08-26T12:00:00Z
Joseph Mathew,Ramesh Kumar Sharma,Email,2026-08-27T12:00:00Z
Ananya Bose,Meera Joshi,Telegram,2026-08-28T12:00:00Z
Daniel Thomas,Neha Kapoor,Telegram,2026-08-10T12:00:00Z
Daniel Thomas,Ishaan Verma,Forum,2026-08-11T12:00:00Z
Ishaan Verma,Neha Kapoor,Forum,2026-08-12T12:00:00Z
Neha Kapoor,Nandita Mukherjee,Signal,2026-08-13T12:00:00Z
Kabir Joshi,Imran Qureshi,Forum,2026-08-14T12:00:00Z
Ravi Mehta,Ravi Mehta,Email,2026-08-15T12:00:00Z
Joseph Mathew,Ravi Mehta,Signal,2026-08-16T12:00:00Z
Lakshmi Narayanan,Suresh Chandrasekar,Telegram,2026-08-17T12:00:00Z
Maya Sen,Maya Sen,Telegram,2026-08-18T12:00:00Z
Imran Qureshi,Devendra Malik,Forum,2026-08-19T12:00:00Z
Ishaan Verma,Nandita Mukherjee,Forum,2026-08-20T12:00:00Z
Ravi Mehta,Nandita Mukherjee,Telegram,2026-08-21T12:00:00Z
Nandita Mukherjee,Amit Sharma,Telegram,2026-08-22T12:00:00Z
Daniel Thomas,Sana Khan,Signal,2026-08-23T12:00:00Z
Arjun Nair,Arjun Nair,Telegram,2026-08-24T12:00:00Z
Tara Desai,Nandita Mukherjee,Signal,2026-08-25T12:00:00Z
Neha Kapoor,Nandita Mukherjee,Forum,2026-08-26T12:00:00Z
Nandita Mukherjee,Ravi Mehta,Forum,2026-08-27T12:00:00Z
Maya Sen,Vikram Rao,Signal,2026-08-28T12:00:00Z
Ramesh Kumar Sharma,Harpreet Singh,Email,2026-08-10T12:00:00Z
Priya Shah,Vikram Rao,Telegram,2026-08-11T12:00:00Z
Karan Iyer,Sana Khan,Forum,2026-08-12T12:00:00Z
Suresh Chandrasekar,Sana Khan,Signal,2026-08-13T12:00:00Z
Nandita Mukherjee,Meera Joshi,Signal,2026-08-14T12:00:00Z
Ramesh Kumar Sharma,Vikram Rao,Signal,2026-08-15T12:00:00Z
Amit Sharma,Ananya Bose,Telegram,2026-08-16T12:00:00Z
Amit Sharma,Priya Shah,Email,2026-08-17T12:00:00Z
Vikram Rao,Ramesh Kumar Sharma,Forum,2026-08-18T12:00:00Z
Priya Shah,Maya Sen,Forum,2026-08-19T12:00:00Z
Ishaan Verma,Karan Iyer,Forum,2026-08-20T12:00:00Z
Zoya Merchant,Nandita Mukherjee,Email,2026-08-21T12:00:00Z
Amit Sharma,Lakshmi Narayanan,Email,2026-08-22T12:00:00Z
Ananya Bose,Lakshmi Narayanan,Signal,2026-08-23T12:00:00Z
Nandita Mukherjee,Joseph Mathew,Email,2026-08-24T12:00:00Z
Kabir Joshi,Ramesh Kumar Sharma,Email,2026-08-25T12:00:00Z
Farah Siddiqui,Harpreet Singh,Forum,2026-08-26T12:00:00Z
Maya Sen,Ravi Mehta,Forum,2026-08-27T12:00:00Z
Meera Joshi,Ananya Bose,Telegram,2026-08-28T12:00:00Z
Ishaan Verma,Nandita Mukherjee,Email,2026-08-10T12:00:00Z
Maya Sen,Ishaan Verma,Telegram,2026-08-11T12:00:00Z
Maya Sen,Tara Desai,Signal,2026-08-12T12:00:00Z
Maya Sen,Ramesh Kumar Sharma,Forum,2026-08-13T12:00:00Z
Meera Joshi,Meera Joshi,Forum,2026-08-14T12:00:00Z
Ishaan Verma,Imran Qureshi,Telegram,2026-08-15T12:00:00Z
Harpreet Singh,Zoya Merchant,Email,2026-08-16T12:00:00Z
Imran Qureshi,Sana Khan,Email,2026-08-17T12:00:00Z
Meera Joshi,Zoya Merchant,Telegram,2026-08-18T12:00:00Z
Harpreet Singh,Ishaan Verma,Forum,2026-08-19T12:00:00Z
Nandita Mukherjee,Vikram Rao,Forum,2026-08-20T12:00:00Z
Ananya Bose,Sana Khan,Forum,2026-08-21T12:00:00Z
Ramesh Kumar Sharma,Kabir Joshi,Email,2026-08-22T12:00:00Z
Karan Iyer,Priya Shah,Signal,2026-08-23T12:00:00Z
Harpreet Singh,Devendra Malik,Forum,2026-08-24T12:00:00Z
Ishaan Verma,Imran Qureshi,Forum,2026-08-25T12:00:00Z
Amit Sharma,Imran Qureshi,Email,2026-08-26T12:00:00Z
Karan Iyer,Vikram Rao,Forum,2026-08-27T12:00:00Z
Joseph Mathew,Suresh Chandrasekar,Telegram,2026-08-28T12:00:00Z
Harpreet Singh,Nandita Mukherjee,Email,2026-08-10T12:00:00Z
Kabir Joshi,Karan Iyer,Forum,2026-08-11T12:00:00Z
Suresh Chandrasekar,Lakshmi Narayanan,Email,2026-08-12T12:00:00Z
Meera Joshi,Ravi Mehta,Email,2026-08-13T12:00:00Z
Amit Sharma,Joseph Mathew,Email,2026-08-14T12:00:00Z
Tara Desai,Ravi Mehta,Email,2026-08-15T12:00:00Z
Zoya Merchant,Ravi Mehta,Telegram,2026-08-16T12:00:00Z
Meera Joshi,Maya Sen,Forum,2026-08-17T12:00:00Z
Devendra Malik,Vikram Rao,Signal,2026-08-18T12:00:00Z
Ravi Mehta,Devendra Malik,Telegram,2026-08-19T12:00:00Z
Maya Sen,Vikram Rao,Telegram,2026-08-20T12:00:00Z
Daniel Thomas,Ravi Mehta,Forum,2026-08-21T12:00:00Z
Devendra Malik,Karan Iyer,Forum,2026-08-22T12:00:00Z
Priya Shah,Daniel Thomas,Email,2026-08-23T12:00:00Z
Maya Sen,Nandita Mukherjee,Email,2026-08-24T12:00:00Z
Harpreet Singh,Nandita Mukherjee,Signal,2026-08-25T12:00:00Z
Karan Iyer,Meera Joshi,Signal,2026-08-26T12:00:00Z
Neha Kapoor,Farah Siddiqui,Telegram,2026-08-27T12:00:00Z
Tara Desai,Meera Joshi,Email,2026-08-28T12:00:00Z
Arjun Nair,Ishaan Verma,Signal,2026-08-10T12:00:00Z
Harpreet Singh,Priya Shah,Signal,2026-08-11T12:00:00Z
Kabir Joshi,Tara Desai,Signal,2026-08-12T12:00:00Z
Harpreet Singh,Vikram Rao,Signal,2026-08-13T12:00:00Z
Kabir Joshi,Sana Khan,Email,2026-08-14T12:00:00Z
Karan Iyer,Neha Kapoor,Telegram,2026-08-15T12:00:00Z
Devendra Malik,Suresh Chandrasekar,Email,2026-08-16T12:00:00Z
Joseph Mathew,Harpreet Singh,Telegram,2026-08-17T12:00:00Z
Karan Iyer,Joseph Mathew,Forum,2026-08-18T12:00:00Z
Suresh Chandrasekar,Joseph Mathew,Email,2026-08-19T12:00:00Z
Sana Khan,Neha Kapoor,Signal,2026-08-20T12:00:00Z
Arjun Nair,Priya Shah,Telegram,2026-08-21T12:00:00Z
Harpreet Singh,Ishaan Verma,Signal,2026-08-22T12:00:00Z
Maya Sen,Vikram Rao,Forum,2026-08-23T12:00:00Z
Ishaan Verma,Vikram Rao,Forum,2026-08-24T12:00:00Z
Maya Sen,Priya Shah,Forum,2026-08-25T12:00:00Z
Harpreet Singh,Ramesh Kumar Sharma,Telegram,2026-08-26T12:00:00Z
Harpreet Singh,Ishaan Verma,Signal,2026-08-27T12:00:00Z
Lakshmi Narayanan,Ravi Mehta,Email,2026-08-28T12:00:00Z
Ananya Bose,Karan Iyer,Telegram,2026-08-10T12:00:00Z
Meera Joshi,Lakshmi Narayanan,Email,2026-08-11T12:00:00Z
Ishaan Verma,Kabir Joshi,Email,2026-08-12T12:00:00Z
Neha Kapoor,Maya Sen,Forum,2026-08-13T12:00:00Z
Ravi Mehta,Suresh Chandrasekar,Signal,2026-08-14T12:00:00Z
Daniel Thomas,Karan Iyer,Email,2026-08-15T12:00:00Z
Arjun Nair,Neha Kapoor,Forum,2026-08-16T12:00:00Z
Harpreet Singh,Kabir Joshi,Email,2026-08-17T12:00:00Z
Ishaan Verma,Tara Desai,Telegram,2026-08-18T12:00:00Z
Lakshmi Narayanan,Devendra Malik,Signal,2026-08-19T12:00:00Z
Joseph Mathew,Farah Siddiqui,Telegram,2026-08-20T12:00:00Z
Ananya Bose,Vikram Rao,Signal,2026-08-21T12:00:00Z
Farah Siddiqui,Devendra Malik,Telegram,2026-08-22T12:00:00Z
Karan Iyer,Devendra Malik,Email,2026-08-23T12:00:00Z
Ramesh Kumar Sharma,Arjun Nair,Telegram,2026-08-24T12:00:00Z
Neha Kapoor,Harpreet Singh,Email,2026-08-25T12:00:00Z
Ananya Bose,Ishaan Verma,Forum,2026-08-26T12:00:00Z
Zoya Merchant,Zoya Merchant,Telegram,2026-08-27T12:00:00Z
Joseph Mathew,Farah Siddiqui,Email,2026-08-28T12:00:00Z
Arjun Nair,Vikram Rao,Forum,2026-08-10T12:00:00Z
Amit Sharma,Imran Qureshi,Email,2026-08-11T12:00:00Z
Imran Qureshi,Arjun Nair,Forum,2026-08-12T12:00:00Z
Ramesh Kumar Sharma,Vikram Rao,Signal,2026-08-13T12:00:00Z
Daniel Thomas,Suresh Chandrasekar,Signal,2026-08-14T12:00:00Z
Farah Siddiqui,Daniel Thomas,Telegram,2026-08-15T12:00:00Z
Neha Kapoor,Suresh Chandrasekar,Forum,2026-08-16T12:00:00Z
Karan Iyer,Amit Sharma,Telegram,2026-08-17T12:00:00Z
Suresh Chandrasekar,Suresh Chandrasekar,Email,2026-08-18T12:00:00Z
Neha Kapoor,Farah Siddiqui,Forum,2026-08-19T12:00:00Z
Ravi Mehta,Kabir Joshi,Email,2026-08-20T12:00:00Z
Ravi Mehta,Lakshmi Narayanan,Email,2026-08-21T12:00:00Z
Zoya Merchant,Suresh Chandrasekar,Telegram,2026-08-22T12:00:00Z
Priya Shah,Harpreet Singh,Forum,2026-08-23T12:00:00Z
Devendra Malik,Karan Iyer,Signal,2026-08-24T12:00:00Z
Vikram Rao,Joseph Mathew,Telegram,2026-08-25T12:00:00Z
Maya Sen,Karan Iyer,Signal,2026-08-26T12:00:00Z
Kabir Joshi,Imran Qureshi,Email,2026-08-27T12:00:00Z
Neha Kapoor,Harpreet Singh,Email,2026-08-28T12:00:00Z
Nandita Mukherjee,Priya Shah,Signal,2026-08-10T12:00:00Z
Priya Shah,Ishaan Verma,Telegram,2026-08-11T12:00:00Z
Ramesh Kumar Sharma,Kabir Joshi,Email,2026-08-12T12:00:00Z
Ravi Mehta,Harpreet Singh,Telegram,2026-08-13T12:00:00Z
Meera Joshi,Vikram Rao,Telegram,2026-08-14T12:00:00Z
Arjun Nair,Karan Iyer,Email,2026-08-15T12:00:00Z
Priya Shah,Ananya Bose,Email,2026-08-16T12:00:00Z
Joseph Mathew,Ishaan Verma,Forum,2026-08-17T12:00:00Z
Ramesh Kumar Sharma,Devendra Malik,Telegram,2026-08-18T12:00:00Z
Suresh Chandrasekar,Suresh Chandrasekar,Signal,2026-08-19T12:00:00Z
Arjun Nair,Lakshmi Narayanan,Email,2026-08-20T12:00:00Z
Kabir Joshi,Daniel Thomas,Signal,2026-08-21T12:00:00Z
Zoya Merchant,Kabir Joshi,Email,2026-08-22T12:00:00Z
Sana Khan,Neha Kapoor,Telegram,2026-08-23T12:00:00Z
Nandita Mukherjee,Kabir Joshi,Telegram,2026-08-24T12:00:00Z
Farah Siddiqui,Suresh Chandrasekar,Email,2026-08-25T12:00:00Z
Karan Iyer,Neha Kapoor,Signal,2026-08-26T12:00:00Z
Harpreet Singh,Nandita Mukherjee,Telegram,2026-08-27T12:00:00Z
Harpreet Singh,Daniel Thomas,Forum,2026-08-28T12:00:00Z
Ananya Bose,Arjun Nair,Signal,2026-08-10T12:00:00Z
Tara Desai,Amit Sharma,Forum,2026-08-11T12:00:00Z
Priya Shah,Harpreet Singh,Signal,2026-08-12T12:00:00Z
Harpreet Singh,Devendra Malik,Telegram,2026-08-13T12:00:00Z
Ramesh Kumar Sharma,Tara Desai,Signal,2026-08-14T12:00:00Z
Devendra Malik,Sana Khan,Telegram,2026-08-15T12:00:00Z
Imran Qureshi,Arjun Nair,Forum,2026-08-16T12:00:00Z
Priya Shah,Harpreet Singh,Signal,2026-08-17T12:00:00Z
Zoya Merchant,Ravi Mehta,Forum,2026-08-18T12:00:00Z
Karan Iyer,Suresh Chandrasekar,Telegram,2026-08-19T12:00:00Z
Vikram Rao,Arjun Nair,Telegram,2026-08-20T12:00:00Z
Ramesh Kumar Sharma,Daniel Thomas,Signal,2026-08-21T12:00:00Z
Tara Desai,Devendra Malik,Telegram,2026-08-22T12:00:00Z
Harpreet Singh,Devendra Malik,Forum,2026-08-23T12:00:00Z
Joseph Mathew,Ananya Bose,Signal,2026-08-24T12:00:00Z
Joseph Mathew,Amit Sharma,Email,2026-08-25T12:00:00Z
Priya Shah,Daniel Thomas,Forum,2026-08-26T12:00:00Z
Ananya Bose,Amit Sharma,Forum,2026-08-27T12:00:00Z
Nandita Mukherjee,Kabir Joshi,Email,2026-08-28T12:00:00Z
Suresh Chandrasekar,Zoya Merchant,Signal,2026-08-10T12:00:00Z
Ishaan Verma,Sana Khan,Signal,2026-08-11T12:00:00Z
Maya Sen,Maya Sen,Email,2026-08-12T12:00:00Z
Ravi Mehta,Amit Sharma,Telegram,2026-08-13T12:00:00Z
Amit Sharma,Priya Shah,Forum,2026-08-14T12:00:00Z
Zoya Merchant,Imran Qureshi,Telegram,2026-08-15T12:00:00Z
Meera Joshi,Ananya Bose,Signal,2026-08-16T12:00:00Z
Sana Khan,Zoya Merchant,Email,2026-08-17T12:00:00Z
Nandita Mukherjee,Ishaan Verma,Signal,2026-08-18T12:00:00Z
Vikram Rao,Suresh Chandrasekar,Email,2026-08-19T12:00:00Z
Imran Qureshi,Ramesh Kumar Sharma,Forum,2026-08-20T12:00:00Z
Joseph Mathew,Ramesh Kumar Sharma,Signal,2026-08-21T12:00:00Z
Karan Iyer,Nandita Mukherjee,Signal,2026-08-22T12:00:00Z
Maya Sen,Amit Sharma,Telegram,2026-08-23T12:00:00Z
Maya Sen,Farah Siddiqui,Forum,2026-08-24T12:00:00Z
Harpreet Singh,Ishaan Verma,Email,2026-08-25T12:00:00Z
Nandita Mukherjee,Neha Kapoor,Telegram,2026-08-26T12:00:00Z
Karan Iyer,Farah Siddiqui,Signal,2026-08-27T12:00:00Z
Ravi Mehta,Neha Kapoor,Telegram,2026-08-28T12:00:00Z
Meera Joshi,Harpreet Singh,Telegram,2026-08-10T12:00:00Z
Devendra Malik,Vikram Rao,Signal,2026-08-11T12:00:00Z
Ravi Mehta,Joseph Mathew,Email,2026-08-12T12:00:00Z
Arjun Nair,Karan Iyer,Telegram,2026-08-13T12:00:00Z
Maya Sen,Ramesh Kumar Sharma,Signal,2026-08-14T12:00:00Z
Arjun Nair,Meera Joshi,Email,2026-08-15T12:00:00Z
Vikram Rao,Priya Shah,Signal,2026-08-16T12:00:00Z
Arjun Nair,Karan Iyer,Telegram,2026-08-17T12:00:00Z
Ishaan Verma,Karan Iyer,Telegram,2026-08-18T12:00:00Z
Ravi Mehta,Joseph Mathew,Telegram,2026-08-19T12:00:00Z
Harpreet Singh,Zoya Merchant,Signal,2026-08-20T12:00:00Z
Joseph Mathew,Harpreet Singh,Forum,2026-08-21T12:00:00Z
Imran Qureshi,Arjun Nair,Forum,2026-08-22T12:00:00Z
Karan Iyer,Farah Siddiqui,Signal,2026-08-23T12:00:00Z
Karan Iyer,Meera Joshi,Signal,2026-08-24T12:00:00Z
Nandita Mukherjee,Lakshmi Narayanan,Forum,2026-08-25T12:00:00Z
Karan Iyer,Zoya Merchant,Forum,2026-08-26T12:00:00Z
Suresh Chandrasekar,Amit Sharma,Forum,2026-08-27T12:00:00Z
Zoya Merchant,Imran Qureshi,Email,2026-08-28T12:00:00Z
Nandita Mukherjee,Ananya Bose,Forum,2026-08-10T12:00:00Z
Ananya Bose,Vikram Rao,Signal,2026-08-11T12:00:00Z
Ravi Mehta,Amit Sharma,Email,2026-08-12T12:00:00Z
Priya Shah,Neha Kapoor,Email,2026-08-13T12:00:00Z
Lakshmi Narayanan,Lakshmi Narayanan,Signal,2026-08-14T12:00:00Z
Joseph Mathew,Ravi Mehta,Forum,2026-08-15T12:00:00Z
Amit Sharma,Devendra Malik,Signal,2026-08-16T12:00:00Z
Farah Siddiqui,Karan Iyer,Email,2026-08-17T12:00:00Z
Meera Joshi,Ishaan Verma,Signal,2026-08-18T12:00:00Z
Nandita Mukherjee,Harpreet Singh,Email,2026-08-19T12:00:00Z
Arjun Nair,Vikram Rao,Telegram,2026-08-20T12:00:00Z
Devendra Malik,Amit Sharma,Email,2026-08-21T12:00:00Z
Neha Kapoor,Joseph Mathew,Signal,2026-08-22T12:00:00Z
Joseph Mathew,Daniel Thomas,Signal,2026-08-23T12:00:00Z
Suresh Chandrasekar,Maya Sen,Email,2026-08-24T12:00:00Z
Ishaan Verma,Maya Sen,Email,2026-08-25T12:00:00Z
Farah Siddiqui,Suresh Chandrasekar,Forum,2026-08-26T12:00:00Z
Priya Shah,Suresh Chandrasekar,Forum,2026-08-27T12:00:00Z
Ishaan Verma,Tara Desai,Forum,2026-08-28T12:00:00Z
Arjun Nair,Suresh Chandrasekar,Telegram,2026-08-10T12:00:00Z
Devendra Malik,Farah Siddiqui,Forum,2026-08-11T12:00:00Z
Neha Kapoor,Karan Iyer,Forum,2026-08-12T12:00:00Z
Devendra Malik,Zoya Merchant,Signal,2026-08-13T12:00:00Z
Lakshmi Narayanan,Joseph Mathew,Forum,2026-08-14T12:00:00Z
Joseph Mathew,Priya Shah,Forum,2026-08-15T12:00:00Z
Karan Iyer,Daniel Thomas,Email,2026-08-16T12:00:00Z
Ramesh Kumar Sharma,Arjun Nair,Telegram,2026-08-17T12:00:00Z
Zoya Merchant,Ramesh Kumar Sharma,Forum,2026-08-18T12:00:00Z
Joseph Mathew,Devendra Malik,Telegram,2026-08-19T12:00:00Z
Amit Sharma,Ishaan Verma,Email,2026-08-20T12:00:00Z
Ananya Bose,Sana Khan,Forum,2026-08-21T12:00:00Z
Arjun Nair,Sana Khan,Forum,2026-08-22T12:00:00Z
Zoya Merchant,Kabir Joshi,Signal,2026-08-23T12:00:00Z
Vikram Rao,Zoya Merchant,Telegram,2026-08-24T12:00:00Z
Sana Khan,Harpreet Singh,Email,2026-08-25T12:00:00Z
Harpreet Singh,Ramesh Kumar Sharma,Signal,2026-08-26T12:00:00Z
Kabir Joshi,Kabir Joshi,Forum,2026-08-27T12:00:00Z
Ramesh Kumar Sharma,Vikram Rao,Forum,2026-08-28T12:00:00Z
Farah Siddiqui,Sana Khan,Telegram,2026-08-10T12:00:00Z
Amit Sharma,Kabir Joshi,Signal,2026-08-11T12:00:00Z
Neha Kapoor,Devendra Malik,Forum,2026-08-12T12:00:00Z
Joseph Mathew,Arjun Nair,Email,2026-08-13T12:00:00Z
Vikram Rao,Nandita Mukherjee,Signal,2026-08-14T12:00:00Z
Ishaan Verma,Vikram Rao,Email,2026-08-15T12:00:00Z
Imran Qureshi,Karan Iyer,Signal,2026-08-16T12:00:00Z
Suresh Chandrasekar,Ramesh Kumar Sharma,Forum,2026-08-17T12:00:00Z
Sana Khan,Farah Siddiqui,Email,2026-08-18T12:00:00Z
Ananya Bose,Amit Sharma,Email,2026-08-19T12:00:00Z
Ramesh Kumar Sharma,Tara Desai,Forum,2026-08-20T12:00:00Z
Meera Joshi,Daniel Thomas,Forum,2026-08-21T12:00:00Z
Daniel Thomas,Imran Qureshi,Forum,2026-08-22T12:00:00Z
Amit Sharma,Sana Khan,Forum,2026-08-23T12:00:00Z
Meera Joshi,Meera Joshi,Telegram,2026-08-24T12:00:00Z
Amit Sharma,Amit Sharma,Email,2026-08-25T12:00:00Z
Meera Joshi,Karan Iyer,Forum,2026-08-26T12:00:00Z
Harpreet Singh,Suresh Chandrasekar,Telegram,2026-08-27T12:00:00Z
Ramesh Kumar Sharma,Zoya Merchant,Telegram,2026-08-28T12:00:00Z
Lakshmi Narayanan,Neha Kapoor,Email,2026-08-10T12:00:00Z
Daniel Thomas,Vikram Rao,Telegram,2026-08-11T12:00:00Z
Joseph Mathew,Lakshmi Narayanan,Signal,2026-08-12T12:00:00Z
Harpreet Singh,Nandita Mukherjee,Telegram,2026-08-13T12:00:00Z
Ananya Bose,Ravi Mehta,Forum,2026-08-14T12:00:00Z
Tara Desai,Suresh Chandrasekar,Telegram,2026-08-15T12:00:00Z
Maya Sen,Neha Kapoor,Signal,2026-08-16T12:00:00Z
Maya Sen,Ravi Mehta,Forum,2026-08-17T12:00:00Z
Zoya Merchant,Harpreet Singh,Telegram,2026-08-18T12:00:00Z
Daniel Thomas,Arjun Nair,Signal,2026-08-19T12:00:00Z
Meera Joshi,Devendra Malik,Telegram,2026-08-20T12:00:00Z
Priya Shah,Imran Qureshi,Telegram,2026-08-21T12:00:00Z
Maya Sen,Ananya Bose,Signal,2026-08-22T12:00:00Z
Imran Qureshi,Sana Khan,Signal,2026-08-23T12:00:00Z
Neha Kapoor,Meera Joshi,Signal,2026-08-24T12:00:00Z
Devendra Malik,Lakshmi Narayanan,Forum,2026-08-25T12:00:00Z
Nandita Mukherjee,Ravi Mehta,Forum,2026-08-26T12:00:00Z
Tara Desai,Harpreet Singh,Forum,2026-08-27T12:00:00Z
Imran Qureshi,Suresh Chandrasekar,Email,2026-08-28T12:00:00Z
Daniel Thomas,Ananya Bose,Email,2026-08-10T12:00:00Z
Daniel Thomas,Suresh Chandrasekar,Forum,2026-08-11T12:00:00Z
Suresh Chandrasekar,Suresh Chandrasekar,Signal,2026-08-12T12:00:00Z
Tara Desai,Vikram Rao,Telegram,2026-08-13T12:00:00Z
Arjun Nair,Ananya Bose,Signal,2026-08-14T12:00:00Z
Arjun Nair,Maya Sen,Forum,2026-08-15T12:00:00Z
Tara Desai,Farah Siddiqui,Email,2026-08-16T12:00:00Z
Imran Qureshi,Zoya Merchant,Signal,2026-08-17T12:00:00Z
Meera Joshi,Suresh Chandrasekar,Signal,2026-08-18T12:00:00Z
Amit Sharma,Farah Siddiqui,Signal,2026-08-19T12:00:00Z
Ananya Bose,Sana Khan,Email,2026-08-20T12:00:00Z
Farah Siddiqui,Karan Iyer,Signal,2026-08-21T12:00:00Z
Farah Siddiqui,Sana Khan,Signal,2026-08-22T12:00:00Z
Vikram Rao,Suresh Chandrasekar,Forum,2026-08-23T12:00:00Z
Ishaan Verma,Ishaan Verma,Forum,2026-08-24T12:00:00Z
Vikram Rao,Zoya Merchant,Forum,2026-08-25T12:00:00Z
Arjun Nair,Farah Siddiqui,Email,2026-08-26T12:00:00Z
Suresh Chandrasekar,Farah Siddiqui,Telegram,2026-08-27T12:00:00Z
Ananya Bose,Meera Joshi,Signal,2026-08-28T12:00:00Z
Neha Kapoor,Daniel Thomas,Telegram,2026-08-10T12:00:00Z
Imran Qureshi,Lakshmi Narayanan,Signal,2026-08-11T12:00:00Z
Ramesh Kumar Sharma,Imran Qureshi,Telegram,2026-08-12T12:00:00Z
Lakshmi Narayanan,Ravi Mehta,Signal,2026-08-13T12:00:00Z
Joseph Mathew,Sana Khan,Signal,2026-08-14T12:00:00Z
Ananya Bose,Neha Kapoor,Forum,2026-08-15T12:00:00Z
Ananya Bose,Ishaan Verma,Telegram,2026-08-16T12:00:00Z
Harpreet Singh,Lakshmi Narayanan,Telegram,2026-08-17T12:00:00Z
Arjun Nair,Ramesh Kumar Sharma,Telegram,2026-08-18T12:00:00Z
Lakshmi Narayanan,Sana Khan,Forum,2026-08-19T12:00:00Z
Arjun Nair,Karan Iyer,Signal,2026-08-20T12:00:00Z
Ananya Bose,Suresh Chandrasekar,Email,2026-08-21T12:00:00Z
Maya Sen,Daniel Thomas,Signal,2026-08-22T12:00:00Z
Joseph Mathew,Ravi Mehta,Email,2026-08-23T12:00:00Z
Lakshmi Narayanan,Suresh Chandrasekar,Signal,2026-08-24T12:00:00Z
Karan Iyer,Ananya Bose,Telegram,2026-08-25T12:00:00Z
Suresh Chandrasekar,Ishaan Verma,Email,2026-08-26T12:00:00Z
Ishaan Verma,Imran Qureshi,Email,2026-08-27T12:00:00Z
Imran Qureshi,Karan Iyer,Email,2026-08-28T12:00:00Z
Lakshmi Narayanan,Farah Siddiqui,Telegram,2026-08-10T12:00:00Z
Harpreet Singh,Suresh Chandrasekar,Signal,2026-08-11T12:00:00Z
Priya Shah,Ananya Bose,Email,2026-08-12T12:00:00Z
Zoya Merchant,Sana Khan,Telegram,2026-08-13T12:00:00Z
Priya Shah,Tara Desai,Email,2026-08-14T12:00:00Z
Arjun Nair,Devendra Malik,Email,2026-08-15T12:00:00Z
Neha Kapoor,Suresh Chandrasekar,Telegram,2026-08-16T12:00:00Z
Tara Desai,Meera Joshi,Signal,2026-08-17T12:00:00Z
Nandita Mukherjee,Zoya Merchant,Email,2026-08-18T12:00:00Z
Ananya Bose,Farah Siddiqui,Telegram,2026-08-19T12:00:00Z
Arjun Nair,Lakshmi Narayanan,Telegram,2026-08-20T12:00:00Z
Lakshmi Narayanan,Sana Khan,Forum,2026-08-21T12:00:00Z
Ravi Mehta,Arjun Nair,Forum,2026-08-22T12:00:00Z
Karan Iyer,Daniel Thomas,Email,2026-08-23T12:00:00Z
Ishaan Verma,Maya Sen,Signal,2026-08-24T12:00:00Z
Sana Khan,Zoya Merchant,Email,2026-08-25T12:00:00Z
Tara Desai,Karan Iyer,Signal,2026-08-26T12:00:00Z
Tara Desai,Ramesh Kumar Sharma,Telegram,2026-08-27T12:00:00Z
Joseph Mathew,Ravi Mehta,Telegram,2026-08-28T12:00:00Z
Amit Sharma,Joseph Mathew,Forum,2026-08-10T12:00:00Z
Suresh Chandrasekar,Ramesh Kumar Sharma,Email,2026-08-11T12:00:00Z
Joseph Mathew,Suresh Chandrasekar,Signal,2026-08-12T12:00:00Z
Nandita Mukherjee,Daniel Thomas,Forum,2026-08-13T12:00:00Z
Lakshmi Narayanan,Harpreet Singh,Email,2026-08-14T12:00:00Z
Ishaan Verma,Daniel Thomas,Forum,2026-08-15T12:00:00Z
Priya Shah,Nandita Mukherjee,Email,2026-08-16T12:00:00Z
Zoya Merchant,Ravi Mehta,Telegram,2026-08-17T12:00:00Z
Lakshmi Narayanan,Arjun Nair,Forum,2026-08-18T12:00:00Z
Ananya Bose,Nandita Mukherjee,Telegram,2026-08-19T12:00:00Z
Tara Desai,Nandita Mukherjee,Signal,2026-08-20T12:00:00Z
Farah Siddiqui,Ramesh Kumar Sharma,Signal,2026-08-21T12:00:00Z
Neha Kapoor,Sana Khan,Telegram,2026-08-22T12:00:00Z
Suresh Chandrasekar,Ananya Bose,Telegram,2026-08-23T12:00:00Z
Farah Siddiqui,Devendra Malik,Signal,2026-08-24T12:00:00Z
Ananya Bose,Lakshmi Narayanan,Telegram,2026-08-25T12:00:00Z
Arjun Nair,Ananya Bose,Telegram,2026-08-26T12:00:00Z
Lakshmi Narayanan,Kabir Joshi,Signal,2026-08-27T12:00:00Z
Lakshmi Narayanan,Vikram Rao,Email,2026-08-28T12:00:00Z
Priya Shah,Nandita Mukherjee,Telegram,2026-08-10T12:00:00Z
Nandita Mukherjee,Vikram Rao,Email,2026-08-11T12:00:00Z
Arjun Nair,Lakshmi Narayanan,Telegram,2026-08-12T12:00:00Z
Ravi Mehta,Farah Siddiqui,Telegram,2026-08-13T12:00:00Z
Vikram Rao,Zoya Merchant,Telegram,2026-08-14T12:00:00Z
Farah Siddiqui,Tara Desai,Email,2026-08-15T12:00:00Z
Amit Sharma,Arjun Nair,Signal,2026-08-16T12:00:00Z
Nandita Mukherjee,Kabir Joshi,Email,2026-08-17T12:00:00Z
Maya Sen,Vikram Rao,Email,2026-08-18T12:00:00Z
Joseph Mathew,Meera Joshi,Email,2026-08-19T12:00:00Z
Priya Shah,Harpreet Singh,Signal,2026-08-20T12:00:00Z
Vikram Rao,Lakshmi Narayanan,Email,2026-08-21T12:00:00Z
Karan Iyer,Joseph Mathew,Email,2026-08-22T12:00:00Z
Amit Sharma,Lakshmi Narayanan,Email,2026-08-23T12:00:00Z
Devendra Malik,Farah Siddiqui,Email,2026-08-24T12:00:00Z
Lakshmi Narayanan,Neha Kapoor,Signal,2026-08-25T12:00:00Z
Harpreet Singh,Zoya Merchant,Forum,2026-08-26T12:00:00Z
Harpreet Singh,Neha Kapoor,Email,2026-08-27T12:00:00Z
Farah Siddiqui,Maya Sen,Signal,2026-08-28T12:00:00Z
Suresh Chandrasekar,Daniel Thomas,Email,2026-08-10T12:00:00Z
Arjun Nair,Kabir Joshi,Forum,2026-08-11T12:00:00Z
Ishaan Verma,Sana Khan,Signal,2026-08-12T12:00:00Z
Sana Khan,Devendra Malik,Signal,2026-08-13T12:00:00Z
Tara Desai,Kabir Joshi,Telegram,2026-08-14T12:00:00Z
Kabir Joshi,Tara Desai,Signal,2026-08-15T12:00:00Z
Harpreet Singh,Nandita Mukherjee,Signal,2026-08-16T12:00:00Z
Imran Qureshi,Vikram Rao,Forum,2026-08-17T12:00:00Z
Neha Kapoor,Harpreet Singh,Signal,2026-08-18T12:00:00Z
Amit Sharma,Nandita Mukherjee,Telegram,2026-08-19T12:00:00Z
Tara Desai,Ramesh Kumar Sharma,Email,2026-08-20T12:00:00Z
Suresh Chandrasekar,Maya Sen,Telegram,2026-08-21T12:00:00Z
Zoya Merchant,Daniel Thomas,Telegram,2026-08-22T12:00:00Z
Ravi Mehta,Nandita Mukherjee,Telegram,2026-08-23T12:00:00Z
Karan Iyer,Ananya Bose,Forum,2026-08-24T12:00:00Z
Lakshmi Narayanan,Ramesh Kumar Sharma,Forum,2026-08-25T12:00:00Z
Daniel Thomas,Harpreet Singh,Forum,2026-08-26T12:00:00Z
Suresh Chandrasekar,Vikram Rao,Telegram,2026-08-27T12:00:00Z
Daniel Thomas,Ishaan Verma,Telegram,2026-08-28T12:00:00Z
Karan Iyer,Meera Joshi,Forum,2026-08-10T12:00:00Z
Neha Kapoor,Daniel Thomas,Email,2026-08-11T12:00:00Z
Neha Kapoor,Neha Kapoor,Telegram,2026-08-12T12:00:00Z
Suresh Chandrasekar,Harpreet Singh,Signal,2026-08-13T12:00:00Z
Suresh Chandrasekar,Karan Iyer,Email,2026-08-14T12:00:00Z
Priya Shah,Maya Sen,Telegram,2026-08-15T12:00:00Z
Kabir Joshi,Amit Sharma,Forum,2026-08-16T12:00:00Z
Farah Siddiqui,Harpreet Singh,Telegram,2026-08-17T12:00:00Z
Imran Qureshi,Zoya Merchant,Telegram,2026-08-18T12:00:00Z
Maya Sen,Farah Siddiqui,Telegram,2026-08-19T12:00:00Z
Sana Khan,Kabir Joshi,Telegram,2026-08-20T12:00:00Z
Karan Iyer,Maya Sen,Telegram,2026-08-21T12:00:00Z
Ananya Bose,Ishaan Verma,Signal,2026-08-22T12:00:00Z
Zoya Merchant,Imran Qureshi,Forum,2026-08-23T12:00:00Z
Farah Siddiqui,Suresh Chandrasekar,Email,2026-08-24T12:00:00Z
Zoya Merchant,Ravi Mehta,Forum,2026-08-25T12:00:00Z
Joseph Mathew,Ishaan Verma,Email,2026-08-26T12:00:00Z
Vikram Rao,Kabir Joshi,Telegram,2026-08-27T12:00:00Z
Zoya Merchant,Meera Joshi,Telegram,2026-08-28T12:00:00Z
Ramesh Kumar Sharma,Suresh Chandrasekar,Telegram,2026-08-10T12:00:00Z
Meera Joshi,Tara Desai,Email,2026-08-11T12:00:00Z
Amit Sharma,Devendra Malik,Email,2026-08-12T12:00:00Z
Sana Khan,Tara Desai,Signal,2026-08-13T12:00:00Z
Daniel Thomas,Ishaan Verma,Telegram,2026-08-14T12:00:00Z
Joseph Mathew,Meera Joshi,Email,2026-08-15T12:00:00Z
Suresh Chandrasekar,Maya Sen,Forum,2026-08-16T12:00:00Z
Nandita Mukherjee,Amit Sharma,Telegram,2026-08-17T12:00:00Z
Daniel Thomas,Farah Siddiqui,Forum,2026-08-18T12:00:00Z
Kabir Joshi,Tara Desai,Telegram,2026-08-19T12:00:00Z
Tara Desai,Suresh Chandrasekar,Signal,2026-08-20T12:00:00Z
Ananya Bose,Ramesh Kumar Sharma,Email,2026-08-21T12:00:00Z
Ravi Mehta,Maya Sen,Forum,2026-08-22T12:00:00Z
Arjun Nair,Meera Joshi,Telegram,2026-08-23T12:00:00Z
Amit Sharma,Ravi Mehta,Email,2026-08-24T12:00:00Z
Maya Sen,Priya Shah,Forum,2026-08-25T12:00:00Z
Sana Khan,Maya Sen,Email,2026-08-26T12:00:00Z
Zoya Merchant,Zoya Merchant,Forum,2026-08-27T12:00:00Z
Harpreet Singh,Ramesh Kumar Sharma,Forum,2026-08-28T12:00:00Z
Farah Siddiqui,Devendra Malik,Email,2026-08-10T12:00:00Z
Devendra Malik,Amit Sharma,Forum,2026-08-11T12:00:00Z
Lakshmi Narayanan,Arjun Nair,Forum,2026-08-12T12:00:00Z
Lakshmi Narayanan,Nandita Mukherjee,Signal,2026-08-13T12:00:00Z
Farah Siddiqui,Daniel Thomas,Signal,2026-08-14T12:00:00Z
Neha Kapoor,Maya Sen,Forum,2026-08-15T12:00:00Z
Neha Kapoor,Neha Kapoor,Signal,2026-08-16T12:00:00Z
Joseph Mathew,Sana Khan,Email,2026-08-17T12:00:00Z
Lakshmi Narayanan,Devendra Malik,Signal,2026-08-18T12:00:00Z
Tara Desai,Ramesh Kumar Sharma,Forum,2026-08-19T12:00:00Z
Ishaan Verma,Farah Siddiqui,Forum,2026-08-20T12:00:00Z
Zoya Merchant,Tara Desai,Signal,2026-08-21T12:00:00Z
Nandita Mukherjee,Tara Desai,Signal,2026-08-22T12:00:00Z
Meera Joshi,Zoya Merchant,Forum,2026-08-23T12:00:00Z
Amit Sharma,Harpreet Singh,Signal,2026-08-24T12:00:00Z
Ramesh Kumar Sharma,Ananya Bose,Email,2026-08-25T12:00:00Z
Maya Sen,Daniel Thomas,Telegram,2026-08-26T12:00:00Z
Sana Khan,Kabir Joshi,Telegram,2026-08-27T12:00:00Z
Ishaan Verma,Suresh Chandrasekar,Forum,2026-08-28T12:00:00Z
Daniel Thomas,Imran Qureshi,Email,2026-08-10T12:00:00Z
Amit Sharma,Maya Sen,Email,2026-08-11T12:00:00Z
Joseph Mathew,Amit Sharma,Email,2026-08-12T12:00:00Z
Farah Siddiqui,Farah Siddiqui,Telegram,2026-08-13T12:00:00Z
Ananya Bose,Tara Desai,Email,2026-08-14T12:00:00Z
Ravi Mehta,Priya Shah,Email,2026-08-15T12:00:00Z
Vikram Rao,Meera Joshi,Forum,2026-08-16T12:00:00Z
Neha Kapoor,Ananya Bose,Telegram,2026-08-17T12:00:00Z
Tara Desai,Devendra Malik,Signal,2026-08-18T12:00:00Z
Kabir Joshi,Ravi Mehta,Telegram,2026-08-19T12:00:00Z
Tara Desai,Ravi Mehta,Telegram,2026-08-20T12:00:00Z
Meera Joshi,Tara Desai,Forum,2026-08-21T12:00:00Z
Farah Siddiqui,Zoya Merchant,Telegram,2026-08-22T12:00:00Z
Joseph Mathew,Ramesh Kumar Sharma,Email,2026-08-23T12:00:00Z
Imran Qureshi,Neha Kapoor,Forum,2026-08-24T12:00:00Z
Joseph Mathew,Joseph Mathew,Telegram,2026-08-25T12:00:00Z
Imran Qureshi,Nandita Mukherjee,Email,2026-08-26T12:00:00Z
Daniel Thomas,Karan Iyer,Forum,2026-08-27T12:00:00Z
Meera Joshi,Ravi Mehta,Forum,2026-08-28T12:00:00Z
Sana Khan,Tara Desai,Email,2026-08-10T12:00:00Z
Karan Iyer,Amit Sharma,Signal,2026-08-11T12:00:00Z
Amit Sharma,Joseph Mathew,Signal,2026-08-12T12:00:00Z
Joseph Mathew,Priya Shah,Forum,2026-08-13T12:00:00Z
Meera Joshi,Daniel Thomas,Forum,2026-08-14T12:00:00Z
Suresh Chandrasekar,Tara Desai,Signal,2026-08-15T12:00:00Z
Suresh Chandrasekar,Nandita Mukherjee,Telegram,2026-08-16T12:00:00Z
Amit Sharma,Joseph Mathew,Email,2026-08-17T12:00:00Z
Nandita Mukherjee,Imran Qureshi,Email,2026-08-18T12:00:00Z
Priya Shah,Lakshmi Narayanan,Forum,2026-08-19T12:00:00Z
Devendra Malik,Ishaan Verma,Forum,2026-08-20T12:00:00Z
Joseph Mathew,Ananya Bose,Signal,2026-08-21T12:00:00Z
Sana Khan,Ramesh Kumar Sharma,Email,2026-08-22T12:00:00Z
Farah Siddiqui,Priya Shah,Signal,2026-08-23T12:00:00Z
Sana Khan,Zoya Merchant,Forum,2026-08-24T12:00:00Z
Sana Khan,Maya Sen,Email,2026-08-25T12:00:00Z
Harpreet Singh,Kabir Joshi,Telegram,2026-08-26T12:00:00Z
Nandita Mukherjee,Suresh Chandrasekar,Email,2026-08-27T12:00:00Z
Ramesh Kumar Sharma,Imran Qureshi,Forum,2026-08-28T12:00:00Z
Zoya Merchant,Zoya Merchant,Telegram,2026-08-10T12:00:00Z
Karan Iyer,Arjun Nair,Signal,2026-08-11T12:00:00Z
Harpreet Singh,Priya Shah,Telegram,2026-08-12T12:00:00Z
Karan Iyer,Ishaan Verma,Forum,2026-08-13T12:00:00Z
Harpreet Singh,Farah Siddiqui,Signal,2026-08-14T12:00:00Z
Ananya Bose,Lakshmi Narayanan,Signal,2026-08-15T12:00:00Z
Devendra Malik,Karan Iyer,Signal,2026-08-16T12:00:00Z
Devendra Malik,Kabir Joshi,Email,2026-08-17T12:00:00Z
Ishaan Verma,Devendra Malik,Forum,2026-08-18T12:00:00Z
Farah Siddiqui,Vikram Rao,Forum,2026-08-19T12:00:00Z
Priya Shah,Ramesh Kumar Sharma,Telegram,2026-08-20T12:00:00Z
Ramesh Kumar Sharma,Devendra Malik,Email,2026-08-21T12:00:00Z
Lakshmi Narayanan,Ravi Mehta,Forum,2026-08-22T12:00:00Z
Ananya Bose,Maya Sen,Forum,2026-08-23T12:00:00Z
Joseph Mathew,Ishaan Verma,Email,2026-08-24T12:00:00Z
Harpreet Singh,Kabir Joshi,Telegram,2026-08-25T12:00:00Z
Kabir Joshi,Imran Qureshi,Email,2026-08-26T12:00:00Z
Priya Shah,Daniel Thomas,Email,2026-08-27T12:00:00Z
Sana Khan,Devendra Malik,Forum,2026-08-28T12:00:00Z
Maya Sen,Amit Sharma,Telegram,2026-08-10T12:00:00Z
Ananya Bose,Ramesh Kumar Sharma,Forum,2026-08-11T12:00:00Z
Farah Siddiqui,Meera Joshi,Forum,2026-08-12T12:00:00Z
Kabir Joshi,Amit Sharma,Email,2026-08-13T12:00:00Z
Priya Shah,Amit Sharma,Forum,2026-08-14T12:00:00Z
Farah Siddiqui,Devendra Malik,Email,2026-08-15T12:00:00Z
Neha Kapoor,Kabir Joshi,Forum,2026-08-16T12:00:00Z
Ishaan Verma,Sana Khan,Email,2026-08-17T12:00:00Z
Neha Kapoor,Neha Kapoor,Email,2026-08-18T12:00:00Z
Joseph Mathew,Ananya Bose,Telegram,2026-08-19T12:00:00Z
Nandita Mukherjee,Joseph Mathew,Telegram,2026-08-20T12:00:00Z
Ravi Mehta,Suresh Chandrasekar,Signal,2026-08-21T12:00:00Z
Ravi Mehta,Nandita Mukherjee,Signal,2026-08-22T12:00:00Z
Daniel Thomas,Maya Sen,Signal,2026-08-23T12:00:00Z
Farah Siddiqui,Ishaan Verma,Forum,2026-08-24T12:00:00Z
Ishaan Verma,Zoya Merchant,Telegram,2026-08-25T12:00:00Z
Karan Iyer,Zoya Merchant,Email,2026-08-26T12:00:00Z
Zoya Merchant,Maya Sen,Email,2026-08-27T12:00:00Z
Karan Iyer,Imran Qureshi,Email,2026-08-28T12:00:00Z
Nandita Mukherjee,Harpreet Singh,Forum,2026-08-10T12:00:00Z
Ishaan Verma,Karan Iyer,Email,2026-08-11T12:00:00Z
Vikram Rao,Sana Khan,Telegram,2026-08-12T12:00:00Z
Farah Siddiqui,Farah Siddiqui,Signal,2026-08-13T12:00:00Z
Nandita Mukherjee,Harpreet Singh,Signal,2026-08-14T12:00:00Z
Ravi Mehta,Maya Sen,Forum,2026-08-15T12:00:00Z
Amit Sharma,Daniel Thomas,Signal,2026-08-16T12:00:00Z
Neha Kapoor,Ravi Mehta,Telegram,2026-08-17T12:00:00Z
Kabir Joshi,Daniel Thomas,Email,2026-08-18T12:00:00Z
Farah Siddiqui,Neha Kapoor,Signal,2026-08-19T12:00:00Z
Suresh Chandrasekar,Lakshmi Narayanan,Forum,2026-08-20T12:00:00Z
Tara Desai,Neha Kapoor,Signal,2026-08-21T12:00:00Z
Meera Joshi,Arjun Nair,Email,2026-08-22T12:00:00Z
Imran Qureshi,Sana Khan,Forum,2026-08-23T12:00:00Z
Maya Sen,Ramesh Kumar Sharma,Forum,2026-08-24T12:00:00Z
Neha Kapoor,Kabir Joshi,Email,2026-08-25T12:00:00Z
Ananya Bose,Devendra Malik,Forum,2026-08-26T12:00:00Z
Neha Kapoor,Imran Qureshi,Forum,2026-08-27T12:00:00Z
Imran Qureshi,Ananya Bose,Signal,2026-08-28T12:00:00Z
Maya Sen,Zoya Merchant,Forum,2026-08-10T12:00:00Z
Zoya Merchant,Daniel Thomas,Forum,2026-08-11T12:00:00Z
Ramesh Kumar Sharma,Harpreet Singh,Forum,2026-08-12T12:00:00Z
Meera Joshi,Priya Shah,Signal,2026-08-13T12:00:00Z
Zoya Merchant,Ishaan Verma,Telegram,2026-08-14T12:00:00Z
Ishaan Verma,Ramesh Kumar Sharma,Email,2026-08-15T12:00:00Z
Suresh Chandrasekar,Daniel Thomas,Email,2026-08-16T12:00:00Z
Amit Sharma,Imran Qureshi,Signal,2026-08-17T12:00:00Z
Maya Sen,Lakshmi Narayanan,Telegram,2026-08-18T12:00:00Z
Lakshmi Narayanan,Karan Iyer,Telegram,2026-08-19T12:00:00Z
Amit Sharma,Zoya Merchant,Telegram,2026-08-20T12:00:00Z
Daniel Thomas,Lakshmi Narayanan,Telegram,2026-08-21T12:00:00Z
Ananya Bose,Farah Siddiqui,Email,2026-08-22T12:00:00Z
Amit Sharma,Tara Desai,Email,2026-08-23T12:00:00Z
Ananya Bose,Harpreet Singh,Telegram,2026-08-24T12:00:00Z
Suresh Chandrasekar,Meera Joshi,Forum,2026-08-25T12:00:00Z
Vikram Rao,Priya Shah,Signal,2026-08-26T12:00:00Z
Maya Sen,Ravi Mehta,Email,2026-08-27T12:00:00Z
Neha Kapoor,Sana Khan,Signal,2026-08-28T12:00:00Z
Meera Joshi,Ramesh Kumar Sharma,Forum,2026-08-10T12:00:00Z
Ravi Mehta,Kabir Joshi,Forum,2026-08-11T12:00:00Z
Kabir Joshi,Devendra Malik,Telegram,2026-08-12T12:00:00Z
Sana Khan,Meera Joshi,Signal,2026-08-13T12:00:00Z
Maya Sen,Devendra Malik,Email,2026-08-14T12:00:00Z
Vikram Rao,Maya Sen,Forum,2026-08-15T12:00:00Z
Kabir Joshi,Kabir Joshi,Telegram,2026-08-16T12:00:00Z
Amit Sharma,Sana Khan,Email,2026-08-17T12:00:00Z
Suresh Chandrasekar,Maya Sen,Email,2026-08-18T12:00:00Z
Arjun Nair,Amit Sharma,Telegram,2026-08-19T12:00:00Z
Zoya Merchant,Karan Iyer,Forum,2026-08-20T12:00:00Z
Nandita Mukherjee,Karan Iyer,Email,2026-08-21T12:00:00Z
Neha Kapoor,Meera Joshi,Forum,2026-08-22T12:00:00Z
Farah Siddiqui,Kabir Joshi,Forum,2026-08-23T12:00:00Z
Ananya Bose,Kabir Joshi,Signal,2026-08-24T12:00:00Z
Sana Khan,Neha Kapoor,Telegram,2026-08-25T12:00:00Z
Ishaan Verma,Neha Kapoor,Telegram,2026-08-26T12:00:00Z
Amit Sharma,Priya Shah,Email,2026-08-27T12:00:00Z
Imran Qureshi,Ishaan Verma,Telegram,2026-08-28T12:00:00Z
Maya Sen,Farah Siddiqui,Email,2026-08-10T12:00:00Z
Meera Joshi,Neha Kapoor,Email,2026-08-11T12:00:00Z
Sana Khan,Suresh Chandrasekar,Email,2026-08-12T12:00:00Z
Nandita Mukherjee,Vikram Rao,Signal,2026-08-13T12:00:00Z
Ananya Bose,Meera Joshi,Email,2026-08-14T12:00:00Z
Tara Desai,Suresh Chandrasekar,Signal,2026-08-15T12:00:00Z
Daniel Thomas,Imran Qureshi,Email,2026-08-16T12:00:00Z
Lakshmi Narayanan,Harpreet Singh,Signal,2026-08-17T12:00:00Z
Vikram Rao,Meera Joshi,Forum,2026-08-18T12:00:00Z
Tara Desai,Ishaan Verma,Signal,2026-08-19T12:00:00Z
Ramesh Kumar Sharma,Devendra Malik,Email,2026-08-20T12:00:00Z
Joseph Mathew,Suresh Chandrasekar,Telegram,2026-08-21T12:00:00Z
Sana Khan,Meera Joshi,Telegram,2026-08-22T12:00:00Z
Arjun Nair,Daniel Thomas,Telegram,2026-08-23T12:00:00Z
Kabir Joshi,Meera Joshi,Signal,2026-08-24T12:00:00Z
Meera Joshi,Lakshmi Narayanan,Signal,2026-08-25T12:00:00Z
Zoya Merchant,Ravi Mehta,Telegram,2026-08-26T12:00:00Z
Meera Joshi,Neha Kapoor,Email,2026-08-27T12:00:00Z
Ramesh Kumar Sharma,Sana Khan,Email,2026-08-28T12:00:00Z
Priya Shah,Lakshmi Narayanan,Telegram,2026-08-10T12:00:00Z
Kabir Joshi,Vikram Rao,Signal,2026-08-11T12:00:00Z
Lakshmi Narayanan,Suresh Chandrasekar,Email,2026-08-12T12:00:00Z
Daniel Thomas,Devendra Malik,Telegram,2026-08-13T12:00:00Z
Joseph Mathew,Ravi Mehta,Signal,2026-08-14T12:00:00Z
Vikram Rao,Neha Kapoor,Email,2026-08-15T12:00:00Z
Priya Shah,Ananya Bose,Telegram,2026-08-16T12:00:00Z
Kabir Joshi,Neha Kapoor,Signal,2026-08-17T12:00:00Z
Kabir Joshi,Zoya Merchant,Forum,2026-08-18T12:00:00Z
Neha Kapoor,Sana Khan,Telegram,2026-08-19T12:00:00Z
Neha Kapoor,Tara Desai,Email,2026-08-20T12:00:00Z
Ishaan Verma,Sana Khan,Signal,2026-08-21T12:00:00Z
Neha Kapoor,Tara Desai,Telegram,2026-08-22T12:00:00Z
Ravi Mehta,Sana Khan,Signal,2026-08-23T12:00:00Z
Kabir Joshi,Kabir Joshi,Signal,2026-08-24T12:00:00Z
Devendra Malik,Devendra Malik,Signal,2026-08-25T12:00:00Z
Harpreet Singh,Lakshmi Narayanan,Signal,2026-08-26T12:00:00Z
Ravi Mehta,Suresh Chandrasekar,Forum,2026-08-27T12:00:00Z
Ishaan Verma,Suresh Chandrasekar,Email,2026-08-28T12:00:00Z
Harpreet Singh,Joseph Mathew,Email,2026-08-10T12:00:00Z
Tara Desai,Devendra Malik,Forum,2026-08-11T12:00:00Z
Zoya Merchant,Lakshmi Narayanan,Forum,2026-08-12T12:00:00Z
Karan Iyer,Zoya Merchant,Email,2026-08-13T12:00:00Z
Tara Desai,Kabir Joshi,Signal,2026-08-14T12:00:00Z
Meera Joshi,Zoya Merchant,Telegram,2026-08-15T12:00:00Z
Suresh Chandrasekar,Daniel Thomas,Signal,2026-08-16T12:00:00Z
Priya Shah,Farah Siddiqui,Email,2026-08-17T12:00:00Z
Tara Desai,Priya Shah,Signal,2026-08-18T12:00:00Z
Farah Siddiqui,Kabir Joshi,Signal,2026-08-19T12:00:00Z
Suresh Chandrasekar,Zoya Merchant,Signal,2026-08-20T12:00:00Z
Amit Sharma,Farah Siddiqui,Signal,2026-08-21T12:00:00Z
Lakshmi Narayanan,Zoya Merchant,Forum,2026-08-22T12:00:00Z
Nandita Mukherjee,Ramesh Kumar Sharma,Signal,2026-08-23T12:00:00Z
Amit Sharma,Ravi Mehta,Telegram,2026-08-24T12:00:00Z
Vikram Rao,Harpreet Singh,Email,2026-08-25T12:00:00Z
Priya Shah,Zoya Merchant,Signal,2026-08-26T12:00:00Z
Ramesh Kumar Sharma,Meera Joshi,Telegram,2026-08-27T12:00:00Z
Farah Siddiqui,Imran Qureshi,Telegram,2026-08-28T12:00:00Z
Priya Shah,Harpreet Singh,Signal,2026-08-10T12:00:00Z
Nandita Mukherjee,Ananya Bose,Email,2026-08-11T12:00:00Z
Nandita Mukherjee,Ramesh Kumar Sharma,Telegram,2026-08-12T12:00:00Z
Nandita Mukherjee,Ramesh Kumar Sharma,Forum,2026-08-13T12:00:00Z
Priya Shah,Amit Sharma,Telegram,2026-08-14T12:00:00Z
Nandita Mukherjee,Maya Sen,Forum,2026-08-15T12:00:00Z
Daniel Thomas,Lakshmi Narayanan,Signal,2026-08-16T12:00:00Z
Zoya Merchant,Amit Sharma,Signal,2026-08-17T12:00:00Z
Ishaan Verma,Daniel Thomas,Telegram,2026-08-18T12:00:00Z
Priya Shah,Harpreet Singh,Email,2026-08-19T12:00:00Z
Ananya Bose,Priya Shah,Telegram,2026-08-20T12:00:00Z
Meera Joshi,Nandita Mukherjee,Forum,2026-08-21T12:00:00Z
Ravi Mehta,Lakshmi Narayanan,Telegram,2026-08-22T12:00:00Z
Vikram Rao,Priya Shah,Signal,2026-08-23T12:00:00Z
Ravi Mehta,Nandita Mukherjee,Forum,2026-08-24T12:00:00Z
Maya Sen,Meera Joshi,Email,2026-08-25T12:00:00Z
Suresh Chandrasekar,Ananya Bose,Telegram,2026-08-26T12:00:00Z
Maya Sen,Sana Khan,Forum,2026-08-27T12:00:00Z
Arjun Nair,Priya Shah,Email,2026-08-28T12:00:00Z
Neha Kapoor,Kabir Joshi,Email,2026-08-10T12:00:00Z
Vikram Rao,Lakshmi Narayanan,Signal,2026-08-11T12:00:00Z
Tara Desai,Harpreet Singh,Signal,2026-08-12T12:00:00Z
Lakshmi Narayanan,Priya Shah,Forum,2026-08-13T12:00:00Z
Amit Sharma,Ramesh Kumar Sharma,Signal,2026-08-14T12:00:00Z
Kabir Joshi,Meera Joshi,Signal,2026-08-15T12:00:00Z
Vikram Rao,Vikram Rao,Email,2026-08-16T12:00:00Z
Amit Sharma,Farah Siddiqui,Email,2026-08-17T12:00:00Z
Kabir Joshi,Ananya Bose,Email,2026-08-18T12:00:00Z
Devendra Malik,Ramesh Kumar Sharma,Email,2026-08-19T12:00:00Z
Ravi Mehta,Lakshmi Narayanan,Signal,2026-08-20T12:00:00Z
Maya Sen,Neha Kapoor,Email,2026-08-21T12:00:00Z
Farah Siddiqui,Ramesh Kumar Sharma,Email,2026-08-22T12:00:00Z
Sana Khan,Ravi Mehta,Signal,2026-08-23T12:00:00Z
Ramesh Kumar Sharma,Tara Desai,Email,2026-08-24T12:00:00Z
Farah Siddiqui,Priya Shah,Telegram,2026-08-25T12:00:00Z
Imran Qureshi,Meera Joshi,Forum,2026-08-26T12:00:00Z
Imran Qureshi,Imran Qureshi,Forum,2026-08-27T12:00:00Z
Zoya Merchant,Ramesh Kumar Sharma,Email,2026-08-28T12:00:00Z
Farah Siddiqui,Lakshmi Narayanan,Telegram,2026-08-10T12:00:00Z
Neha Kapoor,Sana Khan,Forum,2026-08-11T12:00:00Z
Harpreet Singh,Ravi Mehta,Forum,2026-08-12T12:00:00Z
Nandita Mukherjee,Priya Shah,Telegram,2026-08-13T12:00:00Z
Daniel Thomas,Amit Sharma,Signal,2026-08-14T12:00:00Z
Arjun Nair,Zoya Merchant,Telegram,2026-08-15T12:00:00Z
Meera Joshi,Ramesh Kumar Sharma,Signal,2026-08-16T12:00:00Z
Maya Sen,Ananya Bose,Email,2026-08-17T12:00:00Z
Harpreet Singh,Joseph Mathew,Forum,2026-08-18T12:00:00Z
Neha Kapoor,Joseph Mathew,Signal,2026-08-19T12:00:00Z
Sana Khan,Imran Qureshi,Signal,2026-08-20T12:00:00Z
Sana Khan,Tara Desai,Signal,2026-08-21T12:00:00Z
Joseph Mathew,Zoya Merchant,Email,2026-08-22T12:00:00Z
Imran Qureshi,Daniel Thomas,Email,2026-08-23T12:00:00Z
Zoya Merchant,Karan Iyer,Telegram,2026-08-24T12:00:00Z
Lakshmi Narayanan,Daniel Thomas,Email,2026-08-25T12:00:00Z
Kabir Joshi,Neha Kapoor,Signal,2026-08-26T12:00:00Z
Maya Sen,Devendra Malik,Signal,2026-08-27T12:00:00Z
Ishaan Verma,Karan Iyer,Email,2026-08-28T12:00:00Z
Devendra Malik,Priya Shah,Telegram,2026-08-10T12:00:00Z
Daniel Thomas,Ishaan Verma,Signal,2026-08-11T12:00:00Z
Zoya Merchant,Farah Siddiqui,Forum,2026-08-12T12:00:00Z
Sana Khan,Nandita Mukherjee,Signal,2026-08-13T12:00:00Z
Daniel Thomas,Tara Desai,Telegram,2026-08-14T12:00:00Z
Priya Shah,Harpreet Singh,Forum,2026-08-15T12:00:00Z
Ananya Bose,Amit Sharma,Email,2026-08-16T12:00:00Z
Imran Qureshi,Joseph Mathew,Forum,2026-08-17T12:00:00Z
Nandita Mukherjee,Imran Qureshi,Forum,2026-08-18T12:00:00Z
Tara Desai,Ramesh Kumar Sharma,Telegram,2026-08-19T12:00:00Z
Daniel Thomas,Vikram Rao,Email,2026-08-20T12:00:00Z
Joseph Mathew,Harpreet Singh,Telegram,2026-08-21T12:00:00Z
Vikram Rao,Imran Qureshi,Telegram,2026-08-22T12:00:00Z
Lakshmi Narayanan,Meera Joshi,Signal,2026-08-23T12:00:00Z
Joseph Mathew,Joseph Mathew,Signal,2026-08-24T12:00:00Z
Imran Qureshi,Sana Khan,Telegram,2026-08-25T12:00:00Z
Karan Iyer,Ishaan Verma,Telegram,2026-08-26T12:00:00Z
Ravi Mehta,Farah Siddiqui,Email,2026-08-27T12:00:00Z
Farah Siddiqui,Meera Joshi,Email,2026-08-28T12:00:00Z
Harpreet Singh,Farah Siddiqui,Forum,2026-08-10T12:00:00Z
Farah Siddiqui,Nandita Mukherjee,Forum,2026-08-11T12:00:00Z
Imran Qureshi,Amit Sharma,Forum,2026-08-12T12:00:00Z
Maya Sen,Tara Desai,Telegram,2026-08-13T12:00:00Z
Ananya Bose,Maya Sen,Email,2026-08-14T12:00:00Z
Daniel Thomas,Tara Desai,Forum,2026-08-15T12:00:00Z
Tara Desai,Priya Shah,Signal,2026-08-16T12:00:00Z
Karan Iyer,Ishaan Verma,Telegram,2026-08-17T12:00:00Z
Neha Kapoor,Ananya Bose,Email,2026-08-18T12:00:00Z
Ishaan Verma,Harpreet Singh,Email,2026-08-19T12:00:00Z
Suresh Chandrasekar,Nandita Mukherjee,Telegram,2026-08-20T12:00:00Z
Imran Qureshi,Lakshmi Narayanan,Forum,2026-08-21T12:00:00Z
Maya Sen,Meera Joshi,Forum,2026-08-22T12:00:00Z
Maya Sen,Neha Kapoor,Signal,2026-08-23T12:00:00Z
Lakshmi Narayanan,Nandita Mukherjee,Email,2026-08-24T12:00:00Z
Imran Qureshi,Ramesh Kumar Sharma,Telegram,2026-08-25T12:00:00Z
Farah Siddiqui,Devendra Malik,Email,2026-08-26T12:00:00Z
Joseph Mathew,Arjun Nair,Signal,2026-08-27T12:00:00Z
Suresh Chandrasekar,Suresh Chandrasekar,Forum,2026-08-28T12:00:00Z
Farah Siddiqui,Maya Sen,Email,2026-08-10T12:00:00Z
Karan Iyer,Maya Sen,Forum,2026-08-11T12:00:00Z
Ishaan Verma,Tara Desai,Signal,2026-08-12T12:00:00Z
Joseph Mathew,Ishaan Verma,Forum,2026-08-13T12:00:00Z
Kabir Joshi,Arjun Nair,Forum,2026-08-14T12:00:00Z
Devendra Malik,Imran Qureshi,Forum,2026-08-15T12:00:00Z
Karan Iyer,Zoya Merchant,Signal,2026-08-16T12:00:00Z
Ravi Mehta,Daniel Thomas,Telegram,2026-08-17T12:00:00Z
Ishaan Verma,Zoya Merchant,Telegram,2026-08-18T12:00:00Z
Ravi Mehta,Arjun Nair,Forum,2026-08-19T12:00:00Z
Sana Khan,Ravi Mehta,Signal,2026-08-20T12:00:00Z
Joseph Mathew,Zoya Merchant,Email,2026-08-21T12:00:00Z
Daniel Thomas,Ananya Bose,Telegram,2026-08-22T12:00:00Z
Vikram Rao,Maya Sen,Telegram,2026-08-23T12:00:00Z
Priya Shah,Imran Qureshi,Email,2026-08-24T12:00:00Z
Joseph Mathew,Meera Joshi,Telegram,2026-08-25T12:00:00Z
Kabir Joshi,Joseph Mathew,Telegram,2026-08-26T12:00:00Z
Ananya Bose,Ramesh Kumar Sharma,Forum,2026-08-27T12:00:00Z
Meera Joshi,Ravi Mehta,Email,2026-08-28T12:00:00Z
Farah Siddiqui,Nandita Mukherjee,Signal,2026-08-10T12:00:00Z
Neha Kapoor,Nandita Mukherjee,Signal,2026-08-11T12:00:00Z
Maya Sen,Amit Sharma,Telegram,2026-08-12T12:00:00Z
Sana Khan,Kabir Joshi,Signal,2026-08-13T12:00:00Z
Neha Kapoor,Tara Desai,Telegram,2026-08-14T12:00:00Z
Devendra Malik,Zoya Merchant,Telegram,2026-08-15T12:00:00Z
Ishaan Verma,Imran Qureshi,Forum,2026-08-16T12:00:00Z
Ramesh Kumar Sharma,Zoya Merchant,Forum,2026-08-17T12:00:00Z
Arjun Nair,Ishaan Verma,Email,2026-08-18T12:00:00Z
Maya Sen,Maya Sen,Forum,2026-08-19T12:00:00Z
Amit Sharma,Ishaan Verma,Telegram,2026-08-20T12:00:00Z
Daniel Thomas,Priya Shah,Forum,2026-08-21T12:00:00Z
Ravi Mehta,Suresh Chandrasekar,Forum,2026-08-22T12:00:00Z
Ananya Bose,Maya Sen,Forum,2026-08-23T12:00:00Z
Nandita Mukherjee,Lakshmi Narayanan,Telegram,2026-08-24T12:00:00Z
Ananya Bose,Priya Shah,Signal,2026-08-25T12:00:00Z
Nandita Mukherjee,Tara Desai,Telegram,2026-08-26T12:00:00Z
Ramesh Kumar Sharma,Lakshmi Narayanan,Email,2026-08-27T12:00:00Z
Suresh Chandrasekar,Daniel Thomas,Signal,2026-08-28T12:00:00Z
Arjun Nair,Suresh Chandrasekar,Telegram,2026-08-10T12:00:00Z
Lakshmi Narayanan,Imran Qureshi,Email,2026-08-11T12:00:00Z
Farah Siddiqui,Devendra Malik,Telegram,2026-08-12T12:00:00Z
Imran Qureshi,Ishaan Verma,Signal,2026-08-13T12:00:00Z
Vikram Rao,Neha Kapoor,Email,2026-08-14T12:00:00Z
Tara Desai,Zoya Merchant,Telegram,2026-08-15T12:00:00Z
Meera Joshi,Karan Iyer,Signal,2026-08-16T12:00:00Z
Harpreet Singh,Ananya Bose,Forum,2026-08-17T12:00:00Z
Tara Desai,Tara Desai,Telegram,2026-08-18T12:00:00Z
Neha Kapoor,Vikram Rao,Forum,2026-08-19T12:00:00Z
Vikram Rao,Farah Siddiqui,Email,2026-08-20T12:00:00Z
Sana Khan,Suresh Chandrasekar,Email,2026-08-21T12:00:00Z
Ramesh Kumar Sharma,Ananya Bose,Email,2026-08-22T12:00:00Z
Kabir Joshi,Zoya Merchant,Forum,2026-08-23T12:00:00Z
Amit Sharma,Devendra Malik,Signal,2026-08-24T12:00:00Z
Ananya Bose,Tara Desai,Signal,2026-08-25T12:00:00Z
Harpreet Singh,Daniel Thomas,Signal,2026-08-26T12:00:00Z
Suresh Chandrasekar,Imran Qureshi,Signal,2026-08-27T12:00:00Z
Devendra Malik,Ananya Bose,Email,2026-08-28T12:00:00Z
Ishaan Verma,Neha Kapoor,Telegram,2026-08-10T12:00:00Z
Daniel Thomas,Harpreet Singh,Email,2026-08-11T12:00:00Z
Kabir Joshi,Arjun Nair,Email,2026-08-12T12:00:00Z
Suresh Chandrasekar,Joseph Mathew,Telegram,2026-08-13T12:00:00Z
Tara Desai,Sana Khan,Signal,2026-08-14T12:00:00Z
Farah Siddiqui,Maya Sen,Telegram,2026-08-15T12:00:00Z
Imran Qureshi,Joseph Mathew,Telegram,2026-08-16T12:00:00Z
Imran Qureshi,Joseph Mathew,Email,2026-08-17T12:00:00Z
Harpreet Singh,Daniel Thomas,Forum,2026-08-18T12:00:00Z
Maya Sen,Devendra Malik,Forum,2026-08-19T12:00:00Z
Farah Siddiqui,Ishaan Verma,Forum,2026-08-20T12:00:00Z
Joseph Mathew,Tara Desai,Signal,2026-08-21T12:00:00Z
Ananya Bose,Amit Sharma,Email,2026-08-22T12:00:00Z
Tara Desai,Kabir Joshi,Email,2026-08-23T12:00:00Z
Nandita Mukherjee,Lakshmi Narayanan,Telegram,2026-08-24T12:00:00Z
Nandita Mukherjee,Kabir Joshi,Telegram,2026-08-25T12:00:00Z
Joseph Mathew,Farah Siddiqui,Forum,2026-08-26T12:00:00Z
Harpreet Singh,Ananya Bose,Signal,2026-08-27T12:00:00Z
Tara Desai,Farah Siddiqui,Telegram,2026-08-28T12:00:00Z
Priya Shah,Zoya Merchant,Signal,2026-08-10T12:00:00Z
Daniel Thomas,Maya Sen,Signal,2026-08-11T12:00:00Z
Ananya Bose,Ramesh Kumar Sharma,Telegram,2026-08-12T12:00:00Z
Kabir Joshi,Arjun Nair,Email,2026-08-13T12:00:00Z
Sana Khan,Ishaan Verma,Forum,2026-08-14T12:00:00Z
Devendra Malik,Arjun Nair,Signal,2026-08-15T12:00:00Z
Harpreet Singh,Ravi Mehta,Signal,2026-08-16T12:00:00Z
Arjun Nair,Tara Desai,Email,2026-08-17T12:00:00Z
Devendra Malik,Devendra Malik,Telegram,2026-08-18T12:00:00Z
Joseph Mathew,Kabir Joshi,Email,2026-08-19T12:00:00Z
Karan Iyer,Harpreet Singh,Signal,2026-08-20T12:00:00Z
Harpreet Singh,Maya Sen,Forum,2026-08-21T12:00:00Z
Priya Shah,Vikram Rao,Email,2026-08-22T12:00:00Z
Ishaan Verma,Devendra Malik,Email,2026-08-23T12:00:00Z
Ramesh Kumar Sharma,Maya Sen,Signal,2026-08-24T12:00:00Z
Karan Iyer,Tara Desai,Email,2026-08-25T12:00:00Z
Nandita Mukherjee,Zoya Merchant,Forum,2026-08-26T12:00:00Z
Kabir Joshi,Arjun Nair,Forum,2026-08-27T12:00:00Z
Meera Joshi,Tara Desai,Email,2026-08-28T12:00:00Z
Devendra Malik,Sana Khan,Email,2026-08-10T12:00:00Z
Priya Shah,Karan Iyer,Telegram,2026-08-11T12:00:00Z
Meera Joshi,Ishaan Verma,Email,2026-08-12T12:00:00Z
Ishaan Verma,Meera Joshi,Signal,2026-08-13T12:00:00Z
Joseph Mathew,Harpreet Singh,Email,2026-08-14T12:00:00Z
Ananya Bose,Zoya Merchant,Email,2026-08-15T12:00:00Z
Ananya Bose,Ishaan Verma,Signal,2026-08-16T12:00:00Z
Nandita Mukherjee,Farah Siddiqui,Forum,2026-08-17T12:00:00Z
Ravi Mehta,Priya Shah,Email,2026-08-18T12:00:00Z
Nandita Mukherjee,Nandita Mukherjee,Signal,2026-08-19T12:00:00Z
Joseph Mathew,Sana Khan,Forum,2026-08-20T12:00:00Z
Vikram Rao,Karan Iyer,Telegram,2026-08-21T12:00:00Z
Zoya Merchant,Zoya Merchant,Email,2026-08-22T12:00:00Z
Devendra Malik,Amit Sharma,Email,2026-08-23T12:00:00Z
Amit Sharma,Devendra Malik,Signal,2026-08-24T12:00:00Z
Maya Sen,Ramesh Kumar Sharma,Forum,2026-08-25T12:00:00Z
Nandita Mukherjee,Lakshmi Narayanan,Signal,2026-08-26T12:00:00Z
Maya Sen,Zoya Merchant,Forum,2026-08-27T12:00:00Z
Harpreet Singh,Daniel Thomas,Forum,2026-08-28T12:00:00Z
Zoya Merchant,Lakshmi Narayanan,Telegram,2026-08-10T12:00:00Z
Kabir Joshi,Arjun Nair,Email,2026-08-11T12:00:00Z
Lakshmi Narayanan,Tara Desai,Email,2026-08-12T12:00:00Z
Ravi Mehta,Imran Qureshi,Telegram,2026-08-13T12:00:00Z
Ananya Bose,Kabir Joshi,Email,2026-08-14T12:00:00Z
Lakshmi Narayanan,Joseph Mathew,Forum,2026-08-15T12:00:00Z
Ravi Mehta,Arjun Nair,Forum,2026-08-16T12:00:00Z
Amit Sharma,Sana Khan,Forum,2026-08-17T12:00:00Z
Arjun Nair,Amit Sharma,Signal,2026-08-18T12:00:00Z
Devendra Malik,Ishaan Verma,Signal,2026-08-19T12:00:00Z
Harpreet Singh,Ravi Mehta,Signal,2026-08-20T12:00:00Z
Devendra Malik,Zoya Merchant,Signal,2026-08-21T12:00:00Z
Ramesh Kumar Sharma,Devendra Malik,Email,2026-08-22T12:00:00Z
Daniel Thomas,Ravi Mehta,Forum,2026-08-23T12:00:00Z
Meera Joshi,Farah Siddiqui,Telegram,2026-08-24T12:00:00Z
Imran Qureshi,Tara Desai,Email,2026-08-25T12:00:00Z
Harpreet Singh,Arjun Nair,Forum,2026-08-26T12:00:00Z
Lakshmi Narayanan,Priya Shah,Signal,2026-08-27T12:00:00Z
Zoya Merchant,Ishaan Verma,Telegram,2026-08-28T12:00:00Z
Harpreet Singh,Meera Joshi,Forum,2026-08-10T12:00:00Z
Devendra Malik,Ramesh Kumar Sharma,Telegram,2026-08-11T12:00:00Z
Ishaan Verma,Sana Khan,Forum,2026-08-12T12:00:00Z
Ananya Bose,Karan Iyer,Email,2026-08-13T12:00:00Z
Harpreet Singh,Ishaan Verma,Forum,2026-08-14T12:00:00Z
Ravi Mehta,Ananya Bose,Signal,2026-08-15T12:00:00Z
Devendra Malik,Priya Shah,Telegram,2026-08-16T12:00:00Z
Meera Joshi,Meera Joshi,Telegram,2026-08-17T12:00:00Z
Maya Sen,Joseph Mathew,Signal,2026-08-18T12:00:00Z
Sana Khan,Karan Iyer,Email,2026-08-19T12:00:00Z
Arjun Nair,Joseph Mathew,Telegram,2026-08-20T12:00:00Z
Suresh Chandrasekar,Amit Sharma,Signal,2026-08-21T12:00:00Z
Maya Sen,Sana Khan,Signal,2026-08-22T12:00:00Z
Suresh Chandrasekar,Devendra Malik,Email,2026-08-23T12:00:00Z
Vikram Rao,Ananya Bose,Email,2026-08-24T12:00:00Z
Suresh Chandrasekar,Karan Iyer,Forum,2026-08-25T12:00:00Z
Ramesh Kumar Sharma,Harpreet Singh,Telegram,2026-08-26T12:00:00Z
Tara Desai,Ananya Bose,Forum,2026-08-27T12:00:00Z
Devendra Malik,Joseph Mathew,Signal,2026-08-28T12:00:00Z
Lakshmi Narayanan,Maya Sen,Signal,2026-08-10T12:00:00Z
Sana Khan,Lakshmi Narayanan,Signal,2026-08-11T12:00:00Z
Harpreet Singh,Ravi Mehta,Forum,2026-08-12T12:00:00Z
Harpreet Singh,Zoya Merchant,Telegram,2026-08-13T12:00:00Z
Ishaan Verma,Joseph Mathew,Forum,2026-08-14T12:00:00Z
Ishaan Verma,Meera Joshi,Telegram,2026-08-15T12:00:00Z
Ramesh Kumar Sharma,Amit Sharma,Telegram,2026-08-16T12:00:00Z
Tara Desai,Vikram Rao,Forum,2026-08-17T12:00:00Z
Karan Iyer,Zoya Merchant,Forum,2026-08-18T12:00:00Z
Daniel Thomas,Maya Sen,Signal,2026-08-19T12:00:00Z
Priya Shah,Imran Qureshi,Forum,2026-08-20T12:00:00Z
Farah Siddiqui,Daniel Thomas,Signal,2026-08-21T12:00:00Z
Neha Kapoor,Priya Shah,Telegram,2026-08-22T12:00:00Z
Sana Khan,Vikram Rao,Signal,2026-08-23T12:00:00Z
Maya Sen,Nandita Mukherjee,Telegram,2026-08-24T12:00:00Z
Tara Desai,Vikram Rao,Forum,2026-08-25T12:00:00Z
Neha Kapoor,Arjun Nair,Forum,2026-08-26T12:00:00Z
Nandita Mukherjee,Meera Joshi,Telegram,2026-08-27T12:00:00Z
Tara Desai,Suresh Chandrasekar,Email,2026-08-28T12:00:00Z
Ramesh Kumar Sharma,Joseph Mathew,Email,2026-08-10T12:00:00Z
Devendra Malik,Maya Sen,Email,2026-08-11T12:00:00Z
Ramesh Kumar Sharma,Ishaan Verma,Telegram,2026-08-12T12:00:00Z
Vikram Rao,Ishaan Verma,Email,2026-08-13T12:00:00Z
Maya Sen,Kabir Joshi,Signal,2026-08-14T12:00:00Z
Arjun Nair,Imran Qureshi,Signal,2026-08-15T12:00:00Z
Joseph Mathew,Lakshmi Narayanan,Email,2026-08-16T12:00:00Z
Neha Kapoor,Sana Khan,Forum,2026-08-17T12:00:00Z
Devendra Malik,Sana Khan,Signal,2026-08-18T12:00:00Z
Harpreet Singh,Tara Desai,Telegram,2026-08-19T12:00:00Z
Ravi Mehta,Sana Khan,Signal,2026-08-20T12:00:00Z
Lakshmi Narayanan,Daniel Thomas,Telegram,2026-08-21T12:00:00Z
Devendra Malik,Zoya Merchant,Forum,2026-08-22T12:00:00Z
Imran Qureshi,Kabir Joshi,Signal,2026-08-23T12:00:00Z
Meera Joshi,Joseph Mathew,Email,2026-08-24T12:00:00Z
Ananya Bose,Neha Kapoor,Email,2026-08-25T12:00:00Z
Ramesh Kumar Sharma,Harpreet Singh,Telegram,2026-08-26T12:00:00Z
Vikram Rao,Amit Sharma,Signal,2026-08-27T12:00:00Z
Maya Sen,Harpreet Singh,Telegram,2026-08-28T12:00:00Z
Sana Khan,Karan Iyer,Email,2026-08-10T12:00:00Z
Maya Sen,Ravi Mehta,Signal,2026-08-11T12:00:00Z
Arjun Nair,Vikram Rao,Forum,2026-08-12T12:00:00Z
Vikram Rao,Meera Joshi,Telegram,2026-08-13T12:00:00Z
Ramesh Kumar Sharma,Amit Sharma,Telegram,2026-08-14T12:00:00Z
Amit Sharma,Imran Qureshi,Forum,2026-08-15T12:00:00Z
Joseph Mathew,Ramesh Kumar Sharma,Email,2026-08-16T12:00:00Z
Devendra Malik,Ananya Bose,Signal,2026-08-17T12:00:00Z
Zoya Merchant,Daniel Thomas,Signal,2026-08-18T12:00:00Z
Farah Siddiqui,Harpreet Singh,Forum,2026-08-19T12:00:00Z
Farah Siddiqui,Arjun Nair,Telegram,2026-08-20T12:00:00Z
Joseph Mathew,Devendra Malik,Forum,2026-08-21T12:00:00Z
Priya Shah,Zoya Merchant,Email,2026-08-22T12:00:00Z
Amit Sharma,Ananya Bose,Forum,2026-08-23T12:00:00Z
Nandita Mukherjee,Ananya Bose,Signal,2026-08-24T12:00:00Z
Nandita Mukherjee,Farah Siddiqui,Telegram,2026-08-25T12:00:00Z
Arjun Nair,Ananya Bose,Telegram,2026-08-26T12:00:00Z
Ravi Mehta,Kabir Joshi,Forum,2026-08-27T12:00:00Z
Meera Joshi,Ravi Mehta,Email,2026-08-28T12:00:00Z
Arjun Nair,Imran Qureshi,Forum,2026-08-10T12:00:00Z
Daniel Thomas,Karan Iyer,Signal,2026-08-11T12:00:00Z
Karan Iyer,Harpreet Singh,Telegram,2026-08-12T12:00:00Z
Ramesh Kumar Sharma,Kabir Joshi,Email,2026-08-13T12:00:00Z
Ramesh Kumar Sharma,Maya Sen,Forum,2026-08-14T12:00:00Z
Devendra Malik,Kabir Joshi,Signal,2026-08-15T12:00:00Z
Daniel Thomas,Suresh Chandrasekar,Signal,2026-08-16T12:00:00Z
Ramesh Kumar Sharma,Ravi Mehta,Email,2026-08-17T12:00:00Z
Lakshmi Narayanan,Harpreet Singh,Telegram,2026-08-18T12:00:00Z
Suresh Chandrasekar,Harpreet Singh,Signal,2026-08-19T12:00:00Z
Ramesh Kumar Sharma,Maya Sen,Signal,2026-08-20T12:00:00Z
Daniel Thomas,Zoya Merchant,Forum,2026-08-21T12:00:00Z
Nandita Mukherjee,Amit Sharma,Telegram,2026-08-22T12:00:00Z
Kabir Joshi,Priya Shah,Email,2026-08-23T12:00:00Z
Harpreet Singh,Arjun Nair,Forum,2026-08-24T12:00:00Z
Harpreet Singh,Ravi Mehta,Signal,2026-08-25T12:00:00Z
Meera Joshi,Neha Kapoor,Email,2026-08-26T12:00:00Z
Meera Joshi,Daniel Thomas,Signal,2026-08-27T12:00:00Z
Sana Khan,Ramesh Kumar Sharma,Telegram,2026-08-28T12:00:00Z
Daniel Thomas,Ramesh Kumar Sharma,Forum,2026-08-10T12:00:00Z
Amit Sharma,Devendra Malik,Email,2026-08-11T12:00:00Z
Vikram Rao,Arjun Nair,Email,2026-08-12T12:00:00Z
Karan Iyer,Neha Kapoor,Telegram,2026-08-13T12:00:00Z
Nandita Mukherjee,Ramesh Kumar Sharma,Telegram,2026-08-14T12:00:00Z
Joseph Mathew,Tara Desai,Telegram,2026-08-15T12:00:00Z
Ramesh Kumar Sharma,Amit Sharma,Telegram,2026-08-16T12:00:00Z
Vikram Rao,Arjun Nair,Forum,2026-08-17T12:00:00Z
Daniel Thomas,Zoya Merchant,Signal,2026-08-18T12:00:00Z
Meera Joshi,Lakshmi Narayanan,Forum,2026-08-19T12:00:00Z
Ishaan Verma,Maya Sen,Signal,2026-08-20T12:00:00Z
Priya Shah,Suresh Chandrasekar,Telegram,2026-08-21T12:00:00Z
Sana Khan,Joseph Mathew,Email,2026-08-22T12:00:00Z
Meera Joshi,Karan Iyer,Email,2026-08-23T12:00:00Z
Sana Khan,Harpreet Singh,Signal,2026-08-24T12:00:00Z
Amit Sharma,Farah Siddiqui,Email,2026-08-25T12:00:00Z
Devendra Malik,Karan Iyer,Email,2026-08-26T12:00:00Z
Neha Kapoor,Ananya Bose,Email,2026-08-27T12:00:00Z
Tara Desai,Maya Sen,Forum,2026-08-28T12:00:00Z
Daniel Thomas,Sana Khan,Email,2026-08-10T12:00:00Z
Arjun Nair,Amit Sharma,Telegram,2026-08-11T12:00:00Z
Zoya Merchant,Neha Kapoor,Email,2026-08-12T12:00:00Z
Ravi Mehta,Joseph Mathew,Signal,2026-08-13T12:00:00Z
Priya Shah,Meera Joshi,Telegram,2026-08-14T12:00:00Z
Sana Khan,Neha Kapoor,Email,2026-08-15T12:00:00Z
Ishaan Verma,Imran Qureshi,Forum,2026-08-16T12:00:00Z
Daniel Thomas,Daniel Thomas,Signal,2026-08-17T12:00:00Z
Karan Iyer,Tara Desai,Forum,2026-08-18T12:00:00Z
Arjun Nair,Ananya Bose,Forum,2026-08-19T12:00:00Z
Neha Kapoor,Ananya Bose,Signal,2026-08-20T12:00:00Z
Sana Khan,Ravi Mehta,Email,2026-08-21T12:00:00Z
Farah Siddiqui,Imran Qureshi,Forum,2026-08-22T12:00:00Z
Ravi Mehta,Daniel Thomas,Email,2026-08-23T12:00:00Z
Neha Kapoor,Priya Shah,Email,2026-08-24T12:00:00Z
Lakshmi Narayanan,Ramesh Kumar Sharma,Signal,2026-08-25T12:00:00Z
Tara Desai,Neha Kapoor,Forum,2026-08-26T12:00:00Z
Maya Sen,Meera Joshi,Telegram,2026-08-27T12:00:00Z
Joseph Mathew,Nandita Mukherjee,Email,2026-08-28T12:00:00Z
Sana Khan,Karan Iyer,Forum,2026-08-10T12:00:00Z
Ramesh Kumar Sharma,Meera Joshi,Email,2026-08-11T12:00:00Z
Arjun Nair,Joseph Mathew,Forum,2026-08-12T12:00:00Z
Joseph Mathew,Ramesh Kumar Sharma,Forum,2026-08-13T12:00:00Z
Devendra Malik,Harpreet Singh,Forum,2026-08-14T12:00:00Z
Ravi Mehta,Amit Sharma,Forum,2026-08-15T12:00:00Z
Maya Sen,Karan Iyer,Email,2026-08-16T12:00:00Z
Tara Desai,Nandita Mukherjee,Forum,2026-08-17T12:00:00Z
Harpreet Singh,Nandita Mukherjee,Telegram,2026-08-18T12:00:00Z
Neha Kapoor,Nandita Mukherjee,Forum,2026-08-19T12:00:00Z
Joseph Mathew,Karan Iyer,Signal,2026-08-20T12:00:00Z
Karan Iyer,Karan Iyer,Telegram,2026-08-21T12:00:00Z
Maya Sen,Daniel Thomas,Forum,2026-08-22T12:00:00Z
Zoya Merchant,Zoya Merchant,Forum,2026-08-23T12:00:00Z
Tara Desai,Joseph Mathew,Forum,2026-08-24T12:00:00Z
Maya Sen,Tara Desai,Signal,2026-08-25T12:00:00Z
Joseph Mathew,Amit Sharma,Email,2026-08-26T12:00:00Z
Meera Joshi,Maya Sen,Signal,2026-08-27T12:00:00Z
Daniel Thomas,Kabir Joshi,Forum,2026-08-28T12:00:00Z
Zoya Merchant,Sana Khan,Signal,2026-08-10T12:00:00Z
Meera Joshi,Neha Kapoor,Email,2026-08-11T12:00:00Z
Ramesh Kumar Sharma,Amit Sharma,Email,2026-08-12T12:00:00Z
Kabir Joshi,Vikram Rao,Forum,2026-08-13T12:00:00Z
Ravi Mehta,Devendra Malik,Email,2026-08-14T12:00:00Z
Daniel Thomas,Lakshmi Narayanan,Email,2026-08-15T12:00:00Z
Ananya Bose,Farah Siddiqui,Signal,2026-08-16T12:00:00Z
Arjun Nair,Arjun Nair,Signal,2026-08-17T12:00:00Z
Ananya Bose,Daniel Thomas,Forum,2026-08-18T12:00:00Z
Ramesh Kumar Sharma,Kabir Joshi,Forum,2026-08-19T12:00:00Z
Ishaan Verma,Kabir Joshi,Email,2026-08-20T12:00:00Z
Farah Siddiqui,Tara Desai,Forum,2026-08-21T12:00:00Z
Priya Shah,Imran Qureshi,Forum,2026-08-22T12:00:00Z
Priya Shah,Vikram Rao,Forum,2026-08-23T12:00:00Z
Harpreet Singh,Daniel Thomas,Telegram,2026-08-24T12:00:00Z
Kabir Joshi,Imran Qureshi,Email,2026-08-25T12:00:00Z
Maya Sen,Harpreet Singh,Signal,2026-08-26T12:00:00Z
Joseph Mathew,Sana Khan,Signal,2026-08-27T12:00:00Z
Suresh Chandrasekar,Imran Qureshi,Email,2026-08-28T12:00:00Z
Harpreet Singh,Ramesh Kumar Sharma,Email,2026-08-10T12:00:00Z
Zoya Merchant,Farah Siddiqui,Signal,2026-08-11T12:00:00Z
Farah Siddiqui,Ramesh Kumar Sharma,Telegram,2026-08-12T12:00:00Z
Nandita Mukherjee,Lakshmi Narayanan,Forum,2026-08-13T12:00:00Z
Neha Kapoor,Sana Khan,Telegram,2026-08-14T12:00:00Z
Farah Siddiqui,Meera Joshi,Forum,2026-08-15T12:00:00Z
Ravi Mehta,Suresh Chandrasekar,Forum,2026-08-16T12:00:00Z
Devendra Malik,Devendra Malik,Forum,2026-08-17T12:00:00Z
Suresh Chandrasekar,Ishaan Verma,Forum,2026-08-18T12:00:00Z
Ravi Mehta,Joseph Mathew,Telegram,2026-08-19T12:00:00Z
Daniel Thomas,Daniel Thomas,Forum,2026-08-20T12:00:00Z
Priya Shah,Ramesh Kumar Sharma,Telegram,2026-08-21T12:00:00Z
Ananya Bose,Devendra Malik,Telegram,2026-08-22T12:00:00Z
Zoya Merchant,Joseph Mathew,Forum,2026-08-23T12:00:00Z
Neha Kapoor,Harpreet Singh,Signal,2026-08-24T12:00:00Z
Ravi Mehta,Devendra Malik,Telegram,2026-08-25T12:00:00Z
Ishaan Verma,Arjun Nair,Telegram,2026-08-26T12:00:00Z
Meera Joshi,Suresh Chandrasekar,Forum,2026-08-27T12:00:00Z
Vikram Rao,Vikram Rao,Signal,2026-08-28T12:00:00Z
Farah Siddiqui,Meera Joshi,Telegram,2026-08-10T12:00:00Z
Kabir Joshi,Sana Khan,Telegram,2026-08-11T12:00:00Z
Karan Iyer,Sana Khan,Telegram,2026-08-12T12:00:00Z
Ravi Mehta,Priya Shah,Telegram,2026-08-13T12:00:00Z
Suresh Chandrasekar,Daniel Thomas,Telegram,2026-08-14T12:00:00Z
Maya Sen,Maya Sen,Forum,2026-08-15T12:00:00Z
Amit Sharma,Ramesh Kumar Sharma,Signal,2026-08-16T12:00:00Z
Ramesh Kumar Sharma,Daniel Thomas,Email,2026-08-17T12:00:00Z
Lakshmi Narayanan,Karan Iyer,Signal,2026-08-18T12:00:00Z
Ramesh Kumar Sharma,Suresh Chandrasekar,Email,2026-08-19T12:00:00Z
Nandita Mukherjee,Priya Shah,Telegram,2026-08-20T12:00:00Z
Tara Desai,Devendra Malik,Forum,2026-08-21T12:00:00Z
Tara Desai,Joseph Mathew,Telegram,2026-08-22T12:00:00Z
Suresh Chandrasekar,Kabir Joshi,Signal,2026-08-23T12:00:00Z
Priya Shah,Imran Qureshi,Email,2026-08-24T12:00:00Z
Karan Iyer,Ananya Bose,Signal,2026-08-25T12:00:00Z
Ravi Mehta,Ramesh Kumar Sharma,Email,2026-08-26T12:00:00Z
Maya Sen,Imran Qureshi,Email,2026-08-27T12:00:00Z
Kabir Joshi,Meera Joshi,Forum,2026-08-28T12:00:00Z
Joseph Mathew,Tara Desai,Telegram,2026-08-10T12:00:00Z
Arjun Nair,Arjun Nair,Signal,2026-08-11T12:00:00Z
Maya Sen,Vikram Rao,Email,2026-08-12T12:00:00Z
Ishaan Verma,Kabir Joshi,Telegram,2026-08-13T12:00:00Z
Imran Qureshi,Amit Sharma,Email,2026-08-14T12:00:00Z
Karan Iyer,Devendra Malik,Forum,2026-08-15T12:00:00Z
Joseph Mathew,Kabir Joshi,Telegram,2026-08-16T12:00:00Z
Ishaan Verma,Tara Desai,Signal,2026-08-17T12:00:00Z
Ananya Bose,Meera Joshi,Forum,2026-08-18T12:00:00Z
Meera Joshi,Imran Qureshi,Forum,2026-08-19T12:00:00Z
Meera Joshi,Ramesh Kumar Sharma,Signal,2026-08-20T12:00:00Z
Harpreet Singh,Vikram Rao,Signal,2026-08-21T12:00:00Z
Karan Iyer,Zoya Merchant,Telegram,2026-08-22T12:00:00Z
Vikram Rao,Arjun Nair,Telegram,2026-08-23T12:00:00Z
Neha Kapoor,Ananya Bose,Signal,2026-08-24T12:00:00Z
Neha Kapoor,Suresh Chandrasekar,Email,2026-08-25T12:00:00Z
Meera Joshi,Ramesh Kumar Sharma,Forum,2026-08-26T12:00:00Z
Sana Khan,Daniel Thomas,Telegram,2026-08-27T12:00:00Z
Meera Joshi,Ananya Bose,Forum,2026-08-28T12:00:00Z
Vikram Rao,Imran Qureshi,Forum,2026-08-10T12:00:00Z
Sana Khan,Lakshmi Narayanan,Signal,2026-08-11T12:00:00Z
Maya Sen,Vikram Rao,Email,2026-08-12T12:00:00Z
Daniel Thomas,Ishaan Verma,Forum,2026-08-13T12:00:00Z
Vikram Rao,Daniel Thomas,Signal,2026-08-14T12:00:00Z
Ananya Bose,Harpreet Singh,Forum,2026-08-15T12:00:00Z
Kabir Joshi,Kabir Joshi,Signal,2026-08-16T12:00:00Z
Farah Siddiqui,Amit Sharma,Telegram,2026-08-17T12:00:00Z
Sana Khan,Joseph Mathew,Telegram,2026-08-18T12:00:00Z
Meera Joshi,Meera Joshi,Signal,2026-08-19T12:00:00Z
Ananya Bose,Amit Sharma,Signal,2026-08-20T12:00:00Z
Tara Desai,Neha Kapoor,Signal,2026-08-21T12:00:00Z
Vikram Rao,Imran Qureshi,Forum,2026-08-22T12:00:00Z
Kabir Joshi,Tara Desai,Signal,2026-08-23T12:00:00Z
Priya Shah,Amit Sharma,Telegram,2026-08-24T12:00:00Z
Harpreet Singh,Vikram Rao,Signal,2026-08-25T12:00:00Z
Neha Kapoor,Zoya Merchant,Forum,2026-08-26T12:00:00Z
Ishaan Verma,Kabir Joshi,Email,2026-08-27T12:00:00Z
Maya Sen,Neha Kapoor,Forum,2026-08-28T12:00:00Z
Maya Sen,Imran Qureshi,Forum,2026-08-10T12:00:00Z
Suresh Chandrasekar,Priya Shah,Signal,2026-08-11T12:00:00Z
Ravi Mehta,Maya Sen,Forum,2026-08-12T12:00:00Z
Farah Siddiqui,Priya Shah,Forum,2026-08-13T12:00:00Z
Tara Desai,Nandita Mukherjee,Signal,2026-08-14T12:00:00Z
Joseph Mathew,Arjun Nair,Email,2026-08-15T12:00:00Z
Vikram Rao,Ramesh Kumar Sharma,Forum,2026-08-16T12:00:00Z
Maya Sen,Maya Sen,Telegram,2026-08-17T12:00:00Z
Ravi Mehta,Karan Iyer,Forum,2026-08-18T12:00:00Z
Ravi Mehta,Ananya Bose,Email,2026-08-19T12:00:00Z
Kabir Joshi,Zoya Merchant,Telegram,2026-08-20T12:00:00Z
Sana Khan,Amit Sharma,Email,2026-08-21T12:00:00Z
Imran Qureshi,Ananya Bose,Telegram,2026-08-22T12:00:00Z
Karan Iyer,Lakshmi Narayanan,Telegram,2026-08-23T12:00:00Z
Ramesh Kumar Sharma,Meera Joshi,Signal,2026-08-24T12:00:00Z
Farah Siddiqui,Ravi Mehta,Signal,2026-08-25T12:00:00Z
Maya Sen,Tara Desai,Forum,2026-08-26T12:00:00Z
Suresh Chandrasekar,Priya Shah,Telegram,2026-08-27T12:00:00Z
Priya Shah,Ramesh Kumar Sharma,Forum,2026-08-28T12:00:00Z
Neha Kapoor,Maya Sen,Email,2026-08-10T12:00:00Z
Imran Qureshi,Lakshmi Narayanan,Signal,2026-08-11T12:00:00Z
Suresh Chandrasekar,Nandita Mukherjee,Forum,2026-08-12T12:00:00Z
Amit Sharma,Arjun Nair,Email,2026-08-13T12:00:00Z
Ravi Mehta,Zoya Merchant,Signal,2026-08-14T12:00:00Z
Daniel Thomas,Farah Siddiqui,Forum,2026-08-15T12:00:00Z
Suresh Chandrasekar,Ananya Bose,Telegram,2026-08-16T12:00:00Z
Amit Sharma,Suresh Chandrasekar,Telegram,2026-08-17T12:00:00Z
Ishaan Verma,Neha Kapoor,Telegram,2026-08-18T12:00:00Z
Ravi Mehta,Arjun Nair,Telegram,2026-08-19T12:00:00Z
Meera Joshi,Zoya Merchant,Email,2026-08-20T12:00:00Z
Priya Shah,Karan Iyer,Telegram,2026-08-21T12:00:00Z
Lakshmi Narayanan,Priya Shah,Forum,2026-08-22T12:00:00Z
Amit Sharma,Maya Sen,Telegram,2026-08-23T12:00:00Z
Joseph Mathew,Ananya Bose,Email,2026-08-24T12:00:00Z
Imran Qureshi,Vikram Rao,Signal,2026-08-25T12:00:00Z
Tara Desai,Meera Joshi,Email,2026-08-26T12:00:00Z
Tara Desai,Arjun Nair,Signal,2026-08-27T12:00:00Z
Farah Siddiqui,Sana Khan,Forum,2026-08-28T12:00:00Z
Neha Kapoor,Kabir Joshi,Telegram,2026-08-10T12:00:00Z
Amit Sharma,Devendra Malik,Email,2026-08-11T12:00:00Z
Devendra Malik,Kabir Joshi,Signal,2026-08-12T12:00:00Z
Kabir Joshi,Vikram Rao,Email,2026-08-13T12:00:00Z
Meera Joshi,Devendra Malik,Telegram,2026-08-14T12:00:00Z
Daniel Thomas,Farah Siddiqui,Telegram,2026-08-15T12:00:00Z
Ramesh Kumar Sharma,Priya Shah,Email,2026-08-16T12:00:00Z
Suresh Chandrasekar,Neha Kapoor,Telegram,2026-08-17T12:00:00Z
Lakshmi Narayanan,Neha Kapoor,Telegram,2026-08-18T12:00:00Z
Kabir Joshi,Nandita Mukherjee,Forum,2026-08-19T12:00:00Z
Zoya Merchant,Devendra Malik,Telegram,2026-08-20T12:00:00Z
Joseph Mathew,Nandita Mukherjee,Forum,2026-08-21T12:00:00Z
Lakshmi Narayanan,Devendra Malik,Forum,2026-08-22T12:00:00Z
Vikram Rao,Joseph Mathew,Email,2026-08-23T12:00:00Z
Kabir Joshi,Sana Khan,Email,2026-08-24T12:00:00Z
Sana Khan,Nandita Mukherjee,Email,2026-08-25T12:00:00Z
Kabir Joshi,Suresh Chandrasekar,Forum,2026-08-26T12:00:00Z
Imran Qureshi,Ananya Bose,Telegram,2026-08-27T12:00:00Z
Suresh Chandrasekar,Ramesh Kumar Sharma,Email,2026-08-28T12:00:00Z
Ananya Bose,Arjun Nair,Email,2026-08-10T12:00:00Z
Ramesh Kumar Sharma,Joseph Mathew,Email,2026-08-11T12:00:00Z
Karan Iyer,Imran Qureshi,Signal,2026-08-12T12:00:00Z
Vikram Rao,Suresh Chandrasekar,Signal,2026-08-13T12:00:00Z
Joseph Mathew,Karan Iyer,Email,2026-08-14T12:00:00Z
Meera Joshi,Nandita Mukherjee,Signal,2026-08-15T12:00:00Z
Nandita Mukherjee,Kabir Joshi,Telegram,2026-08-16T12:00:00Z
Kabir Joshi,Ananya Bose,Forum,2026-08-17T12:00:00Z
Ravi Mehta,Nandita Mukherjee,Signal,2026-08-18T12:00:00Z
Zoya Merchant,Ravi Mehta,Email,2026-08-19T12:00:00Z
Amit Sharma,Suresh Chandrasekar,Signal,2026-08-20T12:00:00Z
Farah Siddiqui,Lakshmi Narayanan,Email,2026-08-21T12:00:00Z
Ananya Bose,Karan Iyer,Forum,2026-08-22T12:00:00Z
Farah Siddiqui,Priya Shah,Email,2026-08-23T12:00:00Z
Vikram Rao,Ramesh Kumar Sharma,Forum,2026-08-24T12:00:00Z
Lakshmi Narayanan,Joseph Mathew,Telegram,2026-08-25T12:00:00Z
Priya Shah,Ishaan Verma,Email,2026-08-26T12:00:00Z
Suresh Chandrasekar,Priya Shah,Signal,2026-08-27T12:00:00Z
Karan Iyer,Farah Siddiqui,Telegram,2026-08-28T12:00:00Z
Ravi Mehta,Suresh Chandrasekar,Signal,2026-08-10T12:00:00Z
Lakshmi Narayanan,Maya Sen,Signal,2026-08-11T12:00:00Z
Arjun Nair,Harpreet Singh,Email,2026-08-12T12:00:00Z
Priya Shah,Devendra Malik,Telegram,2026-08-13T12:00:00Z
Arjun Nair,Lakshmi Narayanan,Signal,2026-08-14T12:00:00Z
Joseph Mathew,Devendra Malik,Telegram,2026-08-15T12:00:00Z
Vikram Rao,Ramesh Kumar Sharma,Email,2026-08-16T12:00:00Z
Neha Kapoor,Maya Sen,Forum,2026-08-17T12:00:00Z
Tara Desai,Farah Siddiqui,Signal,2026-08-18T12:00:00Z
Amit Sharma,Nandita Mukherjee,Signal,2026-08-19T12:00:00Z
Imran Qureshi,Maya Sen,Telegram,2026-08-20T12:00:00Z
Suresh Chandrasekar,Karan Iyer,Telegram,2026-08-21T12:00:00Z
Tara Desai,Suresh Chandrasekar,Email,2026-08-22T12:00:00Z
Devendra Malik,Kabir Joshi,Telegram,2026-08-23T12:00:00Z
Vikram Rao,Daniel Thomas,Telegram,2026-08-24T12:00:00Z
Joseph Mathew,Nandita Mukherjee,Email,2026-08-25T12:00:00Z
Suresh Chandrasekar,Farah Siddiqui,Forum,2026-08-26T12:00:00Z
Lakshmi Narayanan,Ananya Bose,Forum,2026-08-27T12:00:00Z
Neha Kapoor,Ishaan Verma,Telegram,2026-08-28T12:00:00Z
Suresh Chandrasekar,Amit Sharma,Telegram,2026-08-10T12:00:00Z
Vikram Rao,Farah Siddiqui,Telegram,2026-08-11T12:00:00Z
Zoya Merchant,Kabir Joshi,Forum,2026-08-12T12:00:00Z
Zoya Merchant,Joseph Mathew,Telegram,2026-08-13T12:00:00Z
Ramesh Kumar Sharma,Tara Desai,Signal,2026-08-14T12:00:00Z
Ravi Mehta,Zoya Merchant,Telegram,2026-08-15T12:00:00Z
Priya Shah,Suresh Chandrasekar,Signal,2026-08-16T12:00:00Z
Daniel Thomas,Ravi Mehta,Signal,2026-08-17T12:00:00Z
Farah Siddiqui,Kabir Joshi,Forum,2026-08-18T12:00:00Z
Farah Siddiqui,Neha Kapoor,Email,2026-08-19T12:00:00Z
Kabir Joshi,Priya Shah,Forum,2026-08-20T12:00:00Z
Imran Qureshi,Ananya Bose,Telegram,2026-08-21T12:00:00Z
Zoya Merchant,Lakshmi Narayanan,Email,2026-08-22T12:00:00Z
Tara Desai,Maya Sen,Signal,2026-08-23T12:00:00Z
Lakshmi Narayanan,Kabir Joshi,Telegram,2026-08-24T12:00:00Z
Nandita Mukherjee,Karan Iyer,Signal,2026-08-25T12:00:00Z
Ramesh Kumar Sharma,Suresh Chandrasekar,Forum,2026-08-26T12:00:00Z
Suresh Chandrasekar,Priya Shah,Signal,2026-08-27T12:00:00Z
Zoya Merchant,Farah Siddiqui,Forum,2026-08-28T12:00:00Z
Ishaan Verma,Maya Sen,Telegram,2026-08-10T12:00:00Z
Suresh Chandrasekar,Sana Khan,Email,2026-08-11T12:00:00Z
Karan Iyer,Harpreet Singh,Forum,2026-08-12T12:00:00Z
Daniel Thomas,Amit Sharma,Email,2026-08-13T12:00:00Z
Tara Desai,Sana Khan,Telegram,2026-08-14T12:00:00Z
Lakshmi Narayanan,Ishaan Verma,Telegram,2026-08-15T12:00:00Z
Imran Qureshi,Ananya Bose,Telegram,2026-08-16T12:00:00Z
Tara Desai,Devendra Malik,Telegram,2026-08-17T12:00:00Z
Karan Iyer,Imran Qureshi,Signal,2026-08-18T12:00:00Z
Karan Iyer,Karan Iyer,Signal,2026-08-19T12:00:00Z
Ananya Bose,Karan Iyer,Email,2026-08-20T12:00:00Z
Tara Desai,Karan Iyer,Telegram,2026-08-21T12:00:00Z
Ravi Mehta,Vikram Rao,Telegram,2026-08-22T12:00:00Z
Farah Siddiqui,Kabir Joshi,Signal,2026-08-23T12:00:00Z
Vikram Rao,Priya Shah,Email,2026-08-24T12:00:00Z
Joseph Mathew,Ananya Bose,Email,2026-08-25T12:00:00Z
Amit Sharma,Nandita Mukherjee,Email,2026-08-26T12:00:00Z
Sana Khan,Lakshmi Narayanan,Forum,2026-08-27T12:00:00Z
Vikram Rao,Ravi Mehta,Telegram,2026-08-28T12:00:00Z
Karan Iyer,Ishaan Verma,Signal,2026-08-10T12:00:00Z
Tara Desai,Neha Kapoor,Forum,2026-08-11T12:00:00Z
Ravi Mehta,Priya Shah,Telegram,2026-08-12T12:00:00Z
Priya Shah,Tara Desai,Signal,2026-08-13T12:00:00Z
Amit Sharma,Ananya Bose,Signal,2026-08-14T12:00:00Z
Ishaan Verma,Ishaan Verma,Email,2026-08-15T12:00:00Z
Meera Joshi,Ananya Bose,Signal,2026-08-16T12:00:00Z
Daniel Thomas,Maya Sen,Signal,2026-08-17T12:00:00Z
Maya Sen,Priya Shah,Telegram,2026-08-18T12:00:00Z
Nandita Mukherjee,Harpreet Singh,Email,2026-08-19T12:00:00Z
Tara Desai,Ramesh Kumar Sharma,Email,2026-08-20T12:00:00Z
Neha Kapoor,Neha Kapoor,Telegram,2026-08-21T12:00:00Z
Ishaan Verma,Ishaan Verma,Signal,2026-08-22T12:00:00Z
Priya Shah,Tara Desai,Telegram,2026-08-23T12:00:00Z
Imran Qureshi,Ravi Mehta,Forum,2026-08-24T12:00:00Z
Joseph Mathew,Imran Qureshi,Signal,2026-08-25T12:00:00Z
Daniel Thomas,Neha Kapoor,Telegram,2026-08-26T12:00:00Z
Zoya Merchant,Ishaan Verma,Signal,2026-08-27T12:00:00Z
Ishaan Verma,Lakshmi Narayanan,Telegram,2026-08-28T12:00:00Z
Zoya Merchant,Lakshmi Narayanan,Email,2026-08-10T12:00:00Z
Suresh Chandrasekar,Maya Sen,Signal,2026-08-11T12:00:00Z
Suresh Chandrasekar,Lakshmi Narayanan,Forum,2026-08-12T12:00:00Z
Arjun Nair,Tara Desai,Forum,2026-08-13T12:00:00Z
Joseph Mathew,Tara Desai,Email,2026-08-14T12:00:00Z
Ananya Bose,Arjun Nair,Forum,2026-08-15T12:00:00Z
Farah Siddiqui,Karan Iyer,Telegram,2026-08-16T12:00:00Z
Imran Qureshi,Nandita Mukherjee,Telegram,2026-08-17T12:00:00Z
Maya Sen,Farah Siddiqui,Telegram,2026-08-18T12:00:00Z
Amit Sharma,Farah Siddiqui,Signal,2026-08-19T12:00:00Z
Zoya Merchant,Farah Siddiqui,Telegram,2026-08-20T12:00:00Z
Neha Kapoor,Harpreet Singh,Email,2026-08-21T12:00:00Z
Lakshmi Narayanan,Farah Siddiqui,Telegram,2026-08-22T12:00:00Z
Tara Desai,Priya Shah,Signal,2026-08-23T12:00:00Z
Joseph Mathew,Amit Sharma,Forum,2026-08-24T12:00:00Z
Farah Siddiqui,Neha Kapoor,Email,2026-08-25T12:00:00Z
Ravi Mehta,Kabir Joshi,Telegram,2026-08-26T12:00:00Z
Ravi Mehta,Tara Desai,Forum,2026-08-27T12:00:00Z
Imran Qureshi,Ishaan Verma,Forum,2026-08-28T12:00:00Z
Suresh Chandrasekar,Devendra Malik,Forum,2026-08-10T12:00:00Z
Neha Kapoor,Kabir Joshi,Telegram,2026-08-11T12:00:00Z
Harpreet Singh,Sana Khan,Forum,2026-08-12T12:00:00Z
Amit Sharma,Imran Qureshi,Signal,2026-08-13T12:00:00Z
Zoya Merchant,Joseph Mathew,Signal,2026-08-14T12:00:00Z
Arjun Nair,Ravi Mehta,Signal,2026-08-15T12:00:00Z
Kabir Joshi,Joseph Mathew,Forum,2026-08-16T12:00:00Z
Zoya Merchant,Arjun Nair,Signal,2026-08-17T12:00:00Z
Zoya Merchant,Sana Khan,Telegram,2026-08-18T12:00:00Z
Ananya Bose,Imran Qureshi,Signal,2026-08-19T12:00:00Z
Meera Joshi,Suresh Chandrasekar,Telegram,2026-08-20T12:00:00Z
Ravi Mehta,Maya Sen,Forum,2026-08-21T12:00:00Z
Harpreet Singh,Arjun Nair,Forum,2026-08-22T12:00:00Z
Karan Iyer,Meera Joshi,Signal,2026-08-23T12:00:00Z
Farah Siddiqui,Imran Qureshi,Forum,2026-08-24T12:00:00Z
Lakshmi Narayanan,Meera Joshi,Email,2026-08-25T12:00:00Z
Neha Kapoor,Imran Qureshi,Email,2026-08-26T12:00:00Z
Farah Siddiqui,Suresh Chandrasekar,Signal,2026-08-27T12:00:00Z
Ishaan Verma,Nandita Mukherjee,Signal,2026-08-28T12:00:00Z
Harpreet Singh,Daniel Thomas,Forum,2026-08-10T12:00:00Z
Tara Desai,Ramesh Kumar Sharma,Telegram,2026-08-11T12:00:00Z
Ramesh Kumar Sharma,Ananya Bose,Telegram,2026-08-12T12:00:00Z
Imran Qureshi,Ravi Mehta,Signal,2026-08-13T12:00:00Z
Ananya Bose,Priya Shah,Forum,2026-08-14T12:00:00Z
Vikram Rao,Amit Sharma,Signal,2026-08-15T12:00:00Z
Harpreet Singh,Harpreet Singh,Email,2026-08-16T12:00:00Z
Devendra Malik,Priya Shah,Telegram,2026-08-17T12:00:00Z
Devendra Malik,Sana Khan,Email,2026-08-18T12:00:00Z
Farah Siddiqui,Kabir Joshi,Signal,2026-08-19T12:00:00Z
Devendra Malik,Imran Qureshi,Telegram,2026-08-20T12:00:00Z
Zoya Merchant,Zoya Merchant,Signal,2026-08-21T12:00:00Z
Meera Joshi,Karan Iyer,Signal,2026-08-22T12:00:00Z
Joseph Mathew,Ramesh Kumar Sharma,Forum,2026-08-23T12:00:00Z
Imran Qureshi,Joseph Mathew,Email,2026-08-24T12:00:00Z
Arjun Nair,Nandita Mukherjee,Email,2026-08-25T12:00:00Z
Ishaan Verma,Kabir Joshi,Telegram,2026-08-26T12:00:00Z
Farah Siddiqui,Devendra Malik,Signal,2026-08-27T12:00:00Z
Maya Sen,Ramesh Kumar Sharma,Forum,2026-08-28T12:00:00Z
Maya Sen,Daniel Thomas,Signal,2026-08-10T12:00:00Z
Farah Siddiqui,Ramesh Kumar Sharma,Forum,2026-08-11T12:00:00Z
Devendra Malik,Ishaan Verma,Signal,2026-08-12T12:00:00Z
Meera Joshi,Tara Desai,Forum,2026-08-13T12:00:00Z
Arjun Nair,Neha Kapoor,Forum,2026-08-14T12:00:00Z
Kabir Joshi,Ishaan Verma,Forum,2026-08-15T12:00:00Z
Ravi Mehta,Ishaan Verma,Email,2026-08-16T12:00:00Z
Ramesh Kumar Sharma,Sana Khan,Email,2026-08-17T12:00:00Z
Karan Iyer,Joseph Mathew,Signal,2026-08-18T12:00:00Z
Imran Qureshi,Ravi Mehta,Forum,2026-08-19T12:00:00Z
Sana Khan,Daniel Thomas,Telegram,2026-08-20T12:00:00Z
Amit Sharma,Zoya Merchant,Signal,2026-08-21T12:00:00Z
Priya Shah,Ishaan Verma,Email,2026-08-22T12:00:00Z
Farah Siddiqui,Tara Desai,Telegram,2026-08-23T12:00:00Z
Karan Iyer,Joseph Mathew,Forum,2026-08-24T12:00:00Z
Lakshmi Narayanan,Ananya Bose,Forum,2026-08-25T12:00:00Z
Karan Iyer,Amit Sharma,Telegram,2026-08-26T12:00:00Z
Arjun Nair,Ramesh Kumar Sharma,Forum,2026-08-27T12:00:00Z
Lakshmi Narayanan,Meera Joshi,Forum,2026-08-28T12:00:00Z
Arjun Nair,Daniel Thomas,Telegram,2026-08-10T12:00:00Z
Farah Siddiqui,Arjun Nair,Email,2026-08-11T12:00:00Z
Kabir Joshi,Meera Joshi,Forum,2026-08-12T12:00:00Z
Harpreet Singh,Priya Shah,Signal,2026-08-13T12:00:00Z
Arjun Nair,Priya Shah,Email,2026-08-14T12:00:00Z
Harpreet Singh,Ravi Mehta,Telegram,2026-08-15T12:00:00Z
Ishaan Verma,Kabir Joshi,Email,2026-08-16T12:00:00Z
Tara Desai,Amit Sharma,Signal,2026-08-17T12:00:00Z
Tara Desai,Kabir Joshi,Signal,2026-08-18T12:00:00Z
Imran Qureshi,Zoya Merchant,Signal,2026-08-19T12:00:00Z
Harpreet Singh,Daniel Thomas,Telegram,2026-08-20T12:00:00Z
Daniel Thomas,Ananya Bose,Forum,2026-08-21T12:00:00Z
Nandita Mukherjee,Devendra Malik,Telegram,2026-08-22T12:00:00Z
Imran Qureshi,Imran Qureshi,Forum,2026-08-23T12:00:00Z
Priya Shah,Kabir Joshi,Forum,2026-08-24T12:00:00Z
Arjun Nair,Ramesh Kumar Sharma,Telegram,2026-08-25T12:00:00Z
Amit Sharma,Sana Khan,Email,2026-08-26T12:00:00Z
Karan Iyer,Imran Qureshi,Telegram,2026-08-27T12:00:00Z
Joseph Mathew,Harpreet Singh,Signal,2026-08-28T12:00:00Z
Amit Sharma,Amit Sharma,Signal,2026-08-10T12:00:00Z
Kabir Joshi,Karan Iyer,Email,2026-08-11T12:00:00Z
Vikram Rao,Suresh Chandrasekar,Email,2026-08-12T12:00:00Z
Suresh Chandrasekar,Karan Iyer,Signal,2026-08-13T12:00:00Z
Ananya Bose,Lakshmi Narayanan,Email,2026-08-14T12:00:00Z
Arjun Nair,Devendra Malik,Forum,2026-08-15T12:00:00Z
Tara Desai,Maya Sen,Forum,2026-08-16T12:00:00Z
Joseph Mathew,Ramesh Kumar Sharma,Telegram,2026-08-17T12:00:00Z
Imran Qureshi,Suresh Chandrasekar,Forum,2026-08-18T12:00:00Z
Lakshmi Narayanan,Sana Khan,Email,2026-08-19T12:00:00Z
Arjun Nair,Imran Qureshi,Forum,2026-08-20T12:00:00Z
Vikram Rao,Priya Shah,Email,2026-08-21T12:00:00Z
Priya Shah,Devendra Malik,Email,2026-08-22T12:00:00Z
Nandita Mukherjee,Ramesh Kumar Sharma,Signal,2026-08-23T12:00:00Z
Amit Sharma,Vikram Rao,Telegram,2026-08-24T12:00:00Z
Karan Iyer,Ravi Mehta,Telegram,2026-08-25T12:00:00Z
Karan Iyer,Kabir Joshi,Signal,2026-08-26T12:00:00Z
Ishaan Verma,Ramesh Kumar Sharma,Forum,2026-08-27T12:00:00Z
Devendra Malik,Arjun Nair,Telegram,2026-08-28T12:00:00Z
Ishaan Verma,Neha Kapoor,Email,2026-08-10T12:00:00Z
Imran Qureshi,Daniel Thomas,Signal,2026-08-11T12:00:00Z
Maya Sen,Arjun Nair,Telegram,2026-08-12T12:00:00Z
Joseph Mathew,Imran Qureshi,Signal,2026-08-13T12:00:00Z
Tara Desai,Neha Kapoor,Forum,2026-08-14T12:00:00Z
Ramesh Kumar Sharma,Farah Siddiqui,Signal,2026-08-15T12:00:00Z
Lakshmi Narayanan,Meera Joshi,Signal,2026-08-16T12:00:00Z
Vikram Rao,Sana Khan,Telegram,2026-08-17T12:00:00Z
Ananya Bose,Imran Qureshi,Email,2026-08-18T12:00:00Z
Joseph Mathew,Maya Sen,Forum,2026-08-19T12:00:00Z
Nandita Mukherjee,Suresh Chandrasekar,Signal,2026-08-20T12:00:00Z
Daniel Thomas,Meera Joshi,Forum,2026-08-21T12:00:00Z
Sana Khan,Farah Siddiqui,Signal,2026-08-22T12:00:00Z
Tara Desai,Priya Shah,Forum,2026-08-23T12:00:00Z
Ramesh Kumar Sharma,Suresh Chandrasekar,Email,2026-08-24T12:00:00Z
Meera Joshi,Kabir Joshi,Email,2026-08-25T12:00:00Z
Kabir Joshi,Priya Shah,Signal,2026-08-26T12:00:00Z
Priya Shah,Vikram Rao,Email,2026-08-27T12:00:00Z
Lakshmi Narayanan,Meera Joshi,Telegram,2026-08-28T12:00:00Z
Maya Sen,Meera Joshi,Forum,2026-08-10T12:00:00Z
Sana Khan,Zoya Merchant,Signal,2026-08-11T12:00:00Z
Karan Iyer,Devendra Malik,Telegram,2026-08-12T12:00:00Z
Devendra Malik,Neha Kapoor,Email,2026-08-13T12:00:00Z
Ishaan Verma,Ravi Mehta,Telegram,2026-08-14T12:00:00Z
Neha Kapoor,Arjun Nair,Signal,2026-08-15T12:00:00Z
Lakshmi Narayanan,Priya Shah,Forum,2026-08-16T12:00:00Z
Harpreet Singh,Ramesh Kumar Sharma,Signal,2026-08-17T12:00:00Z
Maya Sen,Arjun Nair,Telegram,2026-08-18T12:00:00Z
Harpreet Singh,Daniel Thomas,Forum,2026-08-19T12:00:00Z
Amit Sharma,Ramesh Kumar Sharma,Signal,2026-08-20T12:00:00Z
Amit Sharma,Maya Sen,Forum,2026-08-21T12:00:00Z
Neha Kapoor,Imran Qureshi,Signal,2026-08-22T12:00:00Z
Arjun Nair,Daniel Thomas,Telegram,2026-08-23T12:00:00Z
Zoya Merchant,Tara Desai,Forum,2026-08-24T12:00:00Z
Harpreet Singh,Harpreet Singh,Telegram,2026-08-25T12:00:00Z
Kabir Joshi,Zoya Merchant,Forum,2026-08-26T12:00:00Z
Farah Siddiqui,Meera Joshi,Telegram,2026-08-27T12:00:00Z
Kabir Joshi,Neha Kapoor,Signal,2026-08-28T12:00:00Z
Karan Iyer,Maya Sen,Signal,2026-08-10T12:00:00Z
Maya Sen,Neha Kapoor,Telegram,2026-08-11T12:00:00Z
Joseph Mathew,Neha Kapoor,Signal,2026-08-12T12:00:00Z
Arjun Nair,Meera Joshi,Signal,2026-08-13T12:00:00Z
Kabir Joshi,Amit Sharma,Email,2026-08-14T12:00:00Z
Neha Kapoor,Lakshmi Narayanan,Telegram,2026-08-15T12:00:00Z
Vikram Rao,Tara Desai,Signal,2026-08-16T12:00:00Z
Devendra Malik,Daniel Thomas,Signal,2026-08-17T12:00:00Z
Kabir Joshi,Kabir Joshi,Forum,2026-08-18T12:00:00Z
Ravi Mehta,Imran Qureshi,Email,2026-08-19T12:00:00Z
Farah Siddiqui,Amit Sharma,Email,2026-08-20T12:00:00Z
Ravi Mehta,Ramesh Kumar Sharma,Forum,2026-08-21T12:00:00Z
Arjun Nair,Kabir Joshi,Forum,2026-08-22T12:00:00Z
Imran Qureshi,Sana Khan,Signal,2026-08-23T12:00:00Z
Amit Sharma,Sana Khan,Signal,2026-08-24T12:00:00Z
Maya Sen,Ishaan Verma,Forum,2026-08-25T12:00:00Z
Maya Sen,Tara Desai,Forum,2026-08-26T12:00:00Z
Priya Shah,Joseph Mathew,Telegram,2026-08-27T12:00:00Z
Devendra Malik,Tara Desai,Forum,2026-08-28T12:00:00Z
Suresh Chandrasekar,Maya Sen,Signal,2026-08-10T12:00:00Z
Devendra Malik,Zoya Merchant,Email,2026-08-11T12:00:00Z
Amit Sharma,Karan Iyer,Telegram,2026-08-12T12:00:00Z
Devendra Malik,Maya Sen,Email,2026-08-13T12:00:00Z
Suresh Chandrasekar,Nandita Mukherjee,Forum,2026-08-14T12:00:00Z
Amit Sharma,Suresh Chandrasekar,Telegram,2026-08-15T12:00:00Z
Karan Iyer,Suresh Chandrasekar,Signal,2026-08-16T12:00:00Z
Lakshmi Narayanan,Karan Iyer,Forum,2026-08-17T12:00:00Z
Zoya Merchant,Suresh Chandrasekar,Email,2026-08-18T12:00:00Z
Neha Kapoor,Vikram Rao,Forum,2026-08-19T12:00:00Z
Kabir Joshi,Neha Kapoor,Signal,2026-08-20T12:00:00Z
Ramesh Kumar Sharma,Amit Sharma,Telegram,2026-08-21T12:00:00Z
Vikram Rao,Farah Siddiqui,Forum,2026-08-22T12:00:00Z
Ishaan Verma,Karan Iyer,Signal,2026-08-23T12:00:00Z
Lakshmi Narayanan,Nandita Mukherjee,Signal,2026-08-24T12:00:00Z
Ishaan Verma,Ananya Bose,Forum,2026-08-25T12:00:00Z
Karan Iyer,Neha Kapoor,Signal,2026-08-26T12:00:00Z
Neha Kapoor,Amit Sharma,Forum,2026-08-27T12:00:00Z
Nandita Mukherjee,Tara Desai,Email,2026-08-28T12:00:00Z
Farah Siddiqui,Arjun Nair,Telegram,2026-08-10T12:00:00Z
Tara Desai,Karan Iyer,Forum,2026-08-11T12:00:00Z
Ravi Mehta,Ramesh Kumar Sharma,Email,2026-08-12T12:00:00Z
Amit Sharma,Ravi Mehta,Email,2026-08-13T12:00:00Z
Devendra Malik,Kabir Joshi,Forum,2026-08-14T12:00:00Z
Devendra Malik,Suresh Chandrasekar,Email,2026-08-15T12:00:00Z
Meera Joshi,Ramesh Kumar Sharma,Email,2026-08-16T12:00:00Z
Imran Qureshi,Maya Sen,Signal,2026-08-17T12:00:00Z
Devendra Malik,Amit Sharma,Telegram,2026-08-18T12:00:00Z
Ramesh Kumar Sharma,Arjun Nair,Signal,2026-08-19T12:00:00Z
Ravi Mehta,Devendra Malik,Forum,2026-08-20T12:00:00Z
Amit Sharma,Joseph Mathew,Signal,2026-08-21T12:00:00Z
Devendra Malik,Ananya Bose,Telegram,2026-08-22T12:00:00Z
Nandita Mukherjee,Ananya Bose,Email,2026-08-23T12:00:00Z
Daniel Thomas,Kabir Joshi,Telegram,2026-08-24T12:00:00Z
Sana Khan,Ravi Mehta,Forum,2026-08-25T12:00:00Z
Imran Qureshi,Arjun Nair,Signal,2026-08-26T12:00:00Z
Neha Kapoor,Devendra Malik,Signal,2026-08-27T12:00:00Z
Daniel Thomas,Lakshmi Narayanan,Forum,2026-08-28T12:00:00Z
Ravi Mehta,Ravi Mehta,Email,2026-08-10T12:00:00Z
Suresh Chandrasekar,Amit Sharma,Telegram,2026-08-11T12:00:00Z
Neha Kapoor,Maya Sen,Email,2026-08-12T12:00:00Z
Kabir Joshi,Neha Kapoor,Email,2026-08-13T12:00:00Z
Tara Desai,Daniel Thomas,Forum,2026-08-14T12:00:00Z
Devendra Malik,Maya Sen,Telegram,2026-08-15T12:00:00Z
Karan Iyer,Karan Iyer,Email,2026-08-16T12:00:00Z
Harpreet Singh,Daniel Thomas,Forum,2026-08-17T12:00:00Z
Lakshmi Narayanan,Tara Desai,Email,2026-08-18T12:00:00Z
Vikram Rao,Karan Iyer,Signal,2026-08-19T12:00:00Z
Ananya Bose,Joseph Mathew,Signal,2026-08-20T12:00:00Z
Sana Khan,Zoya Merchant,Telegram,2026-08-21T12:00:00Z
Ishaan Verma,Karan Iyer,Signal,2026-08-22T12:00:00Z
Joseph Mathew,Ravi Mehta,Email,2026-08-23T12:00:00Z
Suresh Chandrasekar,Lakshmi Narayanan,Telegram,2026-08-24T12:00:00Z
Ramesh Kumar Sharma,Nandita Mukherjee,Forum,2026-08-25T12:00:00Z
Ishaan Verma,Sana Khan,Forum,2026-08-26T12:00:00Z
Lakshmi Narayanan,Arjun Nair,Forum,2026-08-27T12:00:00Z
Nandita Mukherjee,Devendra Malik,Telegram,2026-08-28T12:00:00Z
Arjun Nair,Devendra Malik,Telegram,2026-08-10T12:00:00Z
Daniel Thomas,Kabir Joshi,Forum,2026-08-11T12:00:00Z
Lakshmi Narayanan,Priya Shah,Email,2026-08-12T12:00:00Z
Imran Qureshi,Ananya Bose,Telegram,2026-08-13T12:00:00Z
Sana Khan,Zoya Merchant,Email,2026-08-14T12:00:00Z
Imran Qureshi,Ramesh Kumar Sharma,Email,2026-08-15T12:00:00Z
Harpreet Singh,Karan Iyer,Telegram,2026-08-16T12:00:00Z
Ananya Bose,Harpreet Singh,Forum,2026-08-17T12:00:00Z
Meera Joshi,Devendra Malik,Signal,2026-08-18T12:00:00Z
Maya Sen,Lakshmi Narayanan,Signal,2026-08-19T12:00:00Z
Karan Iyer,Maya Sen,Telegram,2026-08-20T12:00:00Z
Arjun Nair,Joseph Mathew,Forum,2026-08-21T12:00:00Z
Suresh Chandrasekar,Ramesh Kumar Sharma,Forum,2026-08-22T12:00:00Z
Ravi Mehta,Farah Siddiqui,Signal,2026-08-23T12:00:00Z
Ishaan Verma,Ishaan Verma,Signal,2026-08-24T12:00:00Z
Ananya Bose,Karan Iyer,Email,2026-08-25T12:00:00Z
Devendra Malik,Suresh Chandrasekar,Telegram,2026-08-26T12:00:00Z
Arjun Nair,Lakshmi Narayanan,Signal,2026-08-27T12:00:00Z
Ramesh Kumar Sharma,Priya Shah,Email,2026-08-28T12:00:00Z
Amit Sharma,Ramesh Kumar Sharma,Telegram,2026-08-10T12:00:00Z
Ishaan Verma,Joseph Mathew,Email,2026-08-11T12:00:00Z
Ramesh Kumar Sharma,Kabir Joshi,Forum,2026-08-12T12:00:00Z
Sana Khan,Daniel Thomas,Forum,2026-08-13T12:00:00Z
Amit Sharma,Arjun Nair,Email,2026-08-14T12:00:00Z
Harpreet Singh,Nandita Mukherjee,Email,2026-08-15T12:00:00Z
Ishaan Verma,Ananya Bose,Signal,2026-08-16T12:00:00Z
Karan Iyer,Suresh Chandrasekar,Telegram,2026-08-17T12:00:00Z
Maya Sen,Harpreet Singh,Telegram,2026-08-18T12:00:00Z
Ananya Bose,Lakshmi Narayanan,Signal,2026-08-19T12:00:00Z
Zoya Merchant,Meera Joshi,Forum,2026-08-20T12:00:00Z
Ramesh Kumar Sharma,Zoya Merchant,Telegram,2026-08-21T12:00:00Z
Ishaan Verma,Tara Desai,Telegram,2026-08-22T12:00:00Z
Suresh Chandrasekar,Nandita Mukherjee,Signal,2026-08-23T12:00:00Z
Tara Desai,Amit Sharma,Telegram,2026-08-24T12:00:00Z
Ramesh Kumar Sharma,Ravi Mehta,Signal,2026-08-25T12:00:00Z
Ravi Mehta,Harpreet Singh,Signal,2026-08-26T12:00:00Z
Arjun Nair,Harpreet Singh,Signal,2026-08-27T12:00:00Z
Neha Kapoor,Tara Desai,Forum,2026-08-28T12:00:00Z
Neha Kapoor,Farah Siddiqui,Signal,2026-08-10T12:00:00Z
Daniel Thomas,Devendra Malik,Telegram,2026-08-11T12:00:00Z
Meera Joshi,Maya Sen,Email,2026-08-12T12:00:00Z
Joseph Mathew,Zoya Merchant,Signal,2026-08-13T12:00:00Z
Priya Shah,Neha Kapoor,Telegram,2026-08-14T12:00:00Z
Amit Sharma,Ravi Mehta,Telegram,2026-08-15T12:00:00Z
Nandita Mukherjee,Joseph Mathew,Telegram,2026-08-16T12:00:00Z
Imran Qureshi,Kabir Joshi,Forum,2026-08-17T12:00:00Z
Daniel Thomas,Suresh Chandrasekar,Signal,2026-08-18T12:00:00Z
Joseph Mathew,Harpreet Singh,Forum,2026-08-19T12:00:00Z
Ananya Bose,Priya Shah,Telegram,2026-08-20T12:00:00Z
Harpreet Singh,Sana Khan,Signal,2026-08-21T12:00:00Z
Ravi Mehta,Maya Sen,Email,2026-08-22T12:00:00Z
Imran Qureshi,Arjun Nair,Forum,2026-08-23T12:00:00Z
Harpreet Singh,Devendra Malik,Telegram,2026-08-24T12:00:00Z
Nandita Mukherjee,Farah Siddiqui,Email,2026-08-25T12:00:00Z
Tara Desai,Zoya Merchant,Forum,2026-08-26T12:00:00Z
Neha Kapoor,Suresh Chandrasekar,Telegram,2026-08-27T12:00:00Z
Priya Shah,Neha Kapoor,Telegram,2026-08-28T12:00:00Z
Priya Shah,Amit Sharma,Forum,2026-08-10T12:00:00Z
Sana Khan,Joseph Mathew,Signal,2026-08-11T12:00:00Z
Imran Qureshi,Zoya Merchant,Forum,2026-08-12T12:00:00Z
Kabir Joshi,Arjun Nair,Forum,2026-08-13T12:00:00Z
Ramesh Kumar Sharma,Neha Kapoor,Telegram,2026-08-14T12:00:00Z
Amit Sharma,Priya Shah,Telegram,2026-08-15T12:00:00Z
Farah Siddiqui,Maya Sen,Signal,2026-08-16T12:00:00Z
Lakshmi Narayanan,Nandita Mukherjee,Forum,2026-08-17T12:00:00Z
Suresh Chandrasekar,Karan Iyer,Forum,2026-08-18T12:00:00Z
Imran Qureshi,Sana Khan,Email,2026-08-19T12:00:00Z
Nandita Mukherjee,Suresh Chandrasekar,Signal,2026-08-20T12:00:00Z
Farah Siddiqui,Devendra Malik,Forum,2026-08-21T12:00:00Z
Maya Sen,Amit Sharma,Telegram,2026-08-22T12:00:00Z
Priya Shah,Karan Iyer,Signal,2026-08-23T12:00:00Z
Lakshmi Narayanan,Daniel Thomas,Telegram,2026-08-24T12:00:00Z
Harpreet Singh,Vikram Rao,Email,2026-08-25T12:00:00Z
Priya Shah,Meera Joshi,Telegram,2026-08-26T12:00:00Z
Nandita Mukherjee,Ramesh Kumar Sharma,Forum,2026-08-27T12:00:00Z
Arjun Nair,Vikram Rao,Forum,2026-08-28T12:00:00Z
Suresh Chandrasekar,Karan Iyer,Forum,2026-08-10T12:00:00Z
Daniel Thomas,Maya Sen,Email,2026-08-11T12:00:00Z
Vikram Rao,Vikram Rao,Email,2026-08-12T12:00:00Z
Vikram Rao,Suresh Chandrasekar,Forum,2026-08-13T12:00:00Z
Joseph Mathew,Maya Sen,Email,2026-08-14T12:00:00Z
Kabir Joshi,Harpreet Singh,Email,2026-08-15T12:00:00Z
Joseph Mathew,Karan Iyer,Forum,2026-08-16T12:00:00Z
Joseph Mathew,Lakshmi Narayanan,Forum,2026-08-17T12:00:00Z
Imran Qureshi,Arjun Nair,Signal,2026-08-18T12:00:00Z
Neha Kapoor,Kabir Joshi,Telegram,2026-08-19T12:00:00Z
Karan Iyer,Ravi Mehta,Forum,2026-08-20T12:00:00Z
Maya Sen,Amit Sharma,Signal,2026-08-21T12:00:00Z
Tara Desai,Meera Joshi,Forum,2026-08-22T12:00:00Z
Ananya Bose,Neha Kapoor,Email,2026-08-23T12:00:00Z
Tara Desai,Lakshmi Narayanan,Email,2026-08-24T12:00:00Z
Suresh Chandrasekar,Harpreet Singh,Signal,2026-08-25T12:00:00Z
Joseph Mathew,Nandita Mukherjee,Forum,2026-08-26T12:00:00Z
Lakshmi Narayanan,Vikram Rao,Forum,2026-08-27T12:00:00Z
Imran Qureshi,Ananya Bose,Signal,2026-08-28T12:00:00Z
Vikram Rao,Ishaan Verma,Signal,2026-08-10T12:00:00Z
Lakshmi Narayanan,Priya Shah,Signal,2026-08-11T12:00:00Z
Lakshmi Narayanan,Zoya Merchant,Email,2026-08-12T12:00:00Z
Ramesh Kumar Sharma,Karan Iyer,Forum,2026-08-13T12:00:00Z
Vikram Rao,Arjun Nair,Forum,2026-08-14T12:00:00Z
Vikram Rao,Zoya Merchant,Forum,2026-08-15T12:00:00Z
Ramesh Kumar Sharma,Zoya Merchant,Signal,2026-08-16T12:00:00Z
Sana Khan,Priya Shah,Telegram,2026-08-17T12:00:00Z
Tara Desai,Imran Qureshi,Email,2026-08-18T12:00:00Z
Neha Kapoor,Meera Joshi,Signal,2026-08-19T12:00:00Z
Vikram Rao,Suresh Chandrasekar,Email,2026-08-20T12:00:00Z
Ishaan Verma,Harpreet Singh,Forum,2026-08-21T12:00:00Z
Devendra Malik,Joseph Mathew,Telegram,2026-08-22T12:00:00Z
Zoya Merchant,Devendra Malik,Telegram,2026-08-23T12:00:00Z
Suresh Chandrasekar,Ishaan Verma,Forum,2026-08-24T12:00:00Z
Daniel Thomas,Tara Desai,Email,2026-08-25T12:00:00Z
Neha Kapoor,Daniel Thomas,Telegram,2026-08-26T12:00:00Z
Maya Sen,Zoya Merchant,Forum,2026-08-27T12:00:00Z
Maya Sen,Harpreet Singh,Signal,2026-08-28T12:00:00Z
Neha Kapoor,Neha Kapoor,Forum,2026-08-10T12:00:00Z
Harpreet Singh,Sana Khan,Forum,2026-08-11T12:00:00Z
Devendra Malik,Amit Sharma,Telegram,2026-08-12T12:00:00Z
Lakshmi Narayanan,Imran Qureshi,Forum,2026-08-13T12:00:00Z
Priya Shah,Ishaan Verma,Forum,2026-08-14T12:00:00Z
Nandita Mukherjee,Devendra Malik,Forum,2026-08-15T12:00:00Z
Arjun Nair,Arjun Nair,Telegram,2026-08-16T12:00:00Z
Ishaan Verma,Meera Joshi,Email,2026-08-17T12:00:00Z
Zoya Merchant,Vikram Rao,Telegram,2026-08-18T12:00:00Z
Sana Khan,Amit Sharma,Signal,2026-08-19T12:00:00Z
Meera Joshi,Ravi Mehta,Email,2026-08-20T12:00:00Z
Ramesh Kumar Sharma,Karan Iyer,Signal,2026-08-21T12:00:00Z
Zoya Merchant,Imran Qureshi,Telegram,2026-08-22T12:00:00Z
Daniel Thomas,Vikram Rao,Email,2026-08-23T12:00:00Z
Nandita Mukherjee,Meera Joshi,Telegram,2026-08-24T12:00:00Z
Imran Qureshi,Devendra Malik,Telegram,2026-08-25T12:00:00Z
Vikram Rao,Arjun Nair,Signal,2026-08-26T12:00:00Z
Ananya Bose,Harpreet Singh,Telegram,2026-08-27T12:00:00Z
Neha Kapoor,Vikram Rao,Forum,2026-08-28T12:00:00Z
Karan Iyer,Lakshmi Narayanan,Forum,2026-08-10T12:00:00Z
Ishaan Verma,Joseph Mathew,Email,2026-08-11T12:00:00Z
Meera Joshi,Ishaan Verma,Telegram,2026-08-12T12:00:00Z
Vikram Rao,Amit Sharma,Forum,2026-08-13T12:00:00Z
Priya Shah,Amit Sharma,Signal,2026-08-14T12:00:00Z
Suresh Chandrasekar,Devendra Malik,Signal,2026-08-15T12:00:00Z
Meera Joshi,Kabir Joshi,Telegram,2026-08-16T12:00:00Z
Meera Joshi,Ananya Bose,Email,2026-08-17T12:00:00Z
Harpreet Singh,Neha Kapoor,Forum,2026-08-18T12:00:00Z
Harpreet Singh,Lakshmi Narayanan,Telegram,2026-08-19T12:00:00Z
Ananya Bose,Suresh Chandrasekar,Forum,2026-08-20T12:00:00Z
Joseph Mathew,Sana Khan,Forum,2026-08-21T12:00:00Z
Tara Desai,Neha Kapoor,Telegram,2026-08-22T12:00:00Z
Suresh Chandrasekar,Zoya Merchant,Email,2026-08-23T12:00:00Z
Ishaan Verma,Tara Desai,Signal,2026-08-24T12:00:00Z
Harpreet Singh,Lakshmi Narayanan,Signal,2026-08-25T12:00:00Z
Amit Sharma,Ishaan Verma,Signal,2026-08-26T12:00:00Z
Ravi Mehta,Imran Qureshi,Signal,2026-08-27T12:00:00Z
Suresh Chandrasekar,Kabir Joshi,Email,2026-08-28T12:00:00Z
Lakshmi Narayanan,Priya Shah,Telegram,2026-08-10T12:00:00Z
Farah Siddiqui,Vikram Rao,Telegram,2026-08-11T12:00:00Z
Lakshmi Narayanan,Ravi Mehta,Signal,2026-08-12T12:00:00Z
Sana Khan,Farah Siddiqui,Signal,2026-08-13T12:00:00Z
Devendra Malik,Priya Shah,Telegram,2026-08-14T12:00:00Z
Karan Iyer,Tara Desai,Signal,2026-08-15T12:00:00Z
Priya Shah,Zoya Merchant,Telegram,2026-08-16T12:00:00Z
Amit Sharma,Lakshmi Narayanan,Telegram,2026-08-17T12:00:00Z
Harpreet Singh,Maya Sen,Telegram,2026-08-18T12:00:00Z
Nandita Mukherjee,Maya Sen,Telegram,2026-08-19T12:00:00Z
Devendra Malik,Tara Desai,Telegram,2026-08-20T12:00:00Z
Daniel Thomas,Arjun Nair,Forum,2026-08-21T12:00:00Z
Joseph Mathew,Daniel Thomas,Telegram,2026-08-22T12:00:00Z
Meera Joshi,Amit Sharma,Signal,2026-08-23T12:00:00Z
Farah Siddiqui,Lakshmi Narayanan,Forum,2026-08-24T12:00:00Z
Karan Iyer,Arjun Nair,Forum,2026-08-25T12:00:00Z
Farah Siddiqui,Suresh Chandrasekar,Forum,2026-08-26T12:00:00Z
Meera Joshi,Ananya Bose,Email,2026-08-27T12:00:00Z
Amit Sharma,Karan Iyer,Telegram,2026-08-28T12:00:00Z
Amit Sharma,Maya Sen,Email,2026-08-10T12:00:00Z
Maya Sen,Maya Sen,Signal,2026-08-11T12:00:00Z
Amit Sharma,Ramesh Kumar Sharma,Signal,2026-08-12T12:00:00Z
Farah Siddiqui,Ramesh Kumar Sharma,Email,2026-08-13T12:00:00Z
Daniel Thomas,Devendra Malik,Signal,2026-08-14T12:00:00Z
Amit Sharma,Harpreet Singh,Email,2026-08-15T12:00:00Z
Kabir Joshi,Zoya Merchant,Email,2026-08-16T12:00:00Z
Meera Joshi,Amit Sharma,Signal,2026-08-17T12:00:00Z
Tara Desai,Zoya Merchant,Signal,2026-08-18T12:00:00Z
Ananya Bose,Farah Siddiqui,Email,2026-08-19T12:00:00Z
Priya Shah,Daniel Thomas,Forum,2026-08-20T12:00:00Z
Lakshmi Narayanan,Vikram Rao,Signal,2026-08-21T12:00:00Z
Daniel Thomas,Priya Shah,Email,2026-08-22T12:00:00Z
Arjun Nair,Arjun Nair,Email,2026-08-23T12:00:00Z
Amit Sharma,Tara Desai,Signal,2026-08-24T12:00:00Z
Nandita Mukherjee,Suresh Chandrasekar,Forum,2026-08-25T12:00:00Z
Suresh Chandrasekar,Daniel Thomas,Forum,2026-08-26T12:00:00Z
Arjun Nair,Zoya Merchant,Telegram,2026-08-27T12:00:00Z
Arjun Nair,Tara Desai,Telegram,2026-08-28T12:00:00Z
Lakshmi Narayanan,Tara Desai,Email,2026-08-10T12:00:00Z
Vikram Rao,Lakshmi Narayanan,Telegram,2026-08-11T12:00:00Z
Lakshmi Narayanan,Vikram Rao,Telegram,2026-08-12T12:00:00Z
Harpreet Singh,Meera Joshi,Signal,2026-08-13T12:00:00Z
Tara Desai,Imran Qureshi,Telegram,2026-08-14T12:00:00Z
Devendra Malik,Nandita Mukherjee,Forum,2026-08-15T12:00:00Z
Nandita Mukherjee,Kabir Joshi,Telegram,2026-08-16T12:00:00Z
Ishaan Verma,Maya Sen,Signal,2026-08-17T12:00:00Z
Lakshmi Narayanan,Lakshmi Narayanan,Email,2026-08-18T12:00:00Z
Ananya Bose,Ramesh Kumar Sharma,Telegram,2026-08-19T12:00:00Z
Tara Desai,Zoya Merchant,Telegram,2026-08-20T12:00:00Z
Suresh Chandrasekar,Ishaan Verma,Signal,2026-08-21T12:00:00Z
Joseph Mathew,Arjun Nair,Signal,2026-08-22T12:00:00Z
Arjun Nair,Tara Desai,Telegram,2026-08-23T12:00:00Z
Tara Desai,Tara Desai,Forum,2026-08-24T12:00:00Z
Vikram Rao,Devendra Malik,Forum,2026-08-25T12:00:00Z
Lakshmi Narayanan,Meera Joshi,Telegram,2026-08-26T12:00:00Z
Ramesh Kumar Sharma,Ravi Mehta,Telegram,2026-08-27T12:00:00Z
Neha Kapoor,Devendra Malik,Email,2026-08-28T12:00:00Z
Meera Joshi,Daniel Thomas,Signal,2026-08-10T12:00:00Z
Karan Iyer,Amit Sharma,Email,2026-08-11T12:00:00Z
Ishaan Verma,Meera Joshi,Signal,2026-08-12T12:00:00Z
Lakshmi Narayanan,Joseph Mathew,Forum,2026-08-13T12:00:00Z
Arjun Nair,Meera Joshi,Forum,2026-08-14T12:00:00Z
Neha Kapoor,Kabir Joshi,Telegram,2026-08-15T12:00:00Z
Vikram Rao,Suresh Chandrasekar,Telegram,2026-08-16T12:00:00Z
Ishaan Verma,Lakshmi Narayanan,Email,2026-08-17T12:00:00Z
Lakshmi Narayanan,Joseph Mathew,Email,2026-08-18T12:00:00Z
Harpreet Singh,Zoya Merchant,Email,2026-08-19T12:00:00Z
Suresh Chandrasekar,Vikram Rao,Signal,2026-08-20T12:00:00Z
Tara Desai,Zoya Merchant,Email,2026-08-21T12:00:00Z
Daniel Thomas,Farah Siddiqui,Forum,2026-08-22T12:00:00Z
Tara Desai,Devendra Malik,Forum,2026-08-23T12:00:00Z
Suresh Chandrasekar,Suresh Chandrasekar,Signal,2026-08-24T12:00:00Z
Arjun Nair,Harpreet Singh,Telegram,2026-08-25T12:00:00Z
Devendra Malik,Daniel Thomas,Telegram,2026-08-26T12:00:00Z
Amit Sharma,Lakshmi Narayanan,Email,2026-08-27T12:00:00Z
Joseph Mathew,Tara Desai,Forum,2026-08-28T12:00:00Z
Farah Siddiqui,Priya Shah,Forum,2026-08-10T12:00:00Z
Maya Sen,Tara Desai,Signal,2026-08-11T12:00:00Z
Neha Kapoor,Ramesh Kumar Sharma,Signal,2026-08-12T12:00:00Z
Meera Joshi,Daniel Thomas,Email,2026-08-13T12:00:00Z
Imran Qureshi,Daniel Thomas,Forum,2026-08-14T12:00:00Z
Ravi Mehta,Joseph Mathew,Signal,2026-08-15T12:00:00Z
Ishaan Verma,Harpreet Singh,Telegram,2026-08-16T12:00:00Z
Vikram Rao,Arjun Nair,Telegram,2026-08-17T12:00:00Z
Sana Khan,Ramesh Kumar Sharma,Forum,2026-08-18T12:00:00Z
Ravi Mehta,Amit Sharma,Telegram,2026-08-19T12:00:00Z
Maya Sen,Devendra Malik,Forum,2026-08-20T12:00:00Z
Harpreet Singh,Zoya Merchant,Signal,2026-08-21T12:00:00Z
Priya Shah,Harpreet Singh,Telegram,2026-08-22T12:00:00Z
Amit Sharma,Harpreet Singh,Forum,2026-08-23T12:00:00Z
Maya Sen,Ramesh Kumar Sharma,Signal,2026-08-24T12:00:00Z
Zoya Merchant,Arjun Nair,Telegram,2026-08-25T12:00:00Z
Zoya Merchant,Daniel Thomas,Forum,2026-08-26T12:00:00Z
Daniel Thomas,Suresh Chandrasekar,Telegram,2026-08-27T12:00:00Z
Devendra Malik,Arjun Nair,Email,2026-08-28T12:00:00Z
Lakshmi Narayanan,Ramesh Kumar Sharma,Signal,2026-08-10T12:00:00Z
Karan Iyer,Sana Khan,Forum,2026-08-11T12:00:00Z
Zoya Merchant,Meera Joshi,Email,2026-08-12T12:00:00Z
Priya Shah,Imran Qureshi,Email,2026-08-13T12:00:00Z
Zoya Merchant,Nandita Mukherjee,Forum,2026-08-14T12:00:00Z
Imran Qureshi,Nandita Mukherjee,Signal,2026-08-15T12:00:00Z
Meera Joshi,Joseph Mathew,Email,2026-08-16T12:00:00Z
Joseph Mathew,Karan Iyer,Forum,2026-08-17T12:00:00Z
Ramesh Kumar Sharma,Lakshmi Narayanan,Telegram,2026-08-18T12:00:00Z
Ravi Mehta,Lakshmi Narayanan,Signal,2026-08-19T12:00:00Z
Nandita Mukherjee,Amit Sharma,Forum,2026-08-20T12:00:00Z
Karan Iyer,Ananya Bose,Email,2026-08-21T12:00:00Z
Suresh Chandrasekar,Daniel Thomas,Email,2026-08-22T12:00:00Z
Maya Sen,Tara Desai,Forum,2026-08-23T12:00:00Z
Harpreet Singh,Nandita Mukherjee,Email,2026-08-24T12:00:00Z
Kabir Joshi,Maya Sen,Signal,2026-08-25T12:00:00Z
Ravi Mehta,Devendra Malik,Forum,2026-08-26T12:00:00Z
Daniel Thomas,Vikram Rao,Forum,2026-08-27T12:00:00Z
Priya Shah,Ramesh Kumar Sharma,Email,2026-08-28T12:00:00Z
Kabir Joshi,Nandita Mukherjee,Telegram,2026-08-10T12:00:00Z
Kabir Joshi,Joseph Mathew,Forum,2026-08-11T12:00:00Z
Ishaan Verma,Daniel Thomas,Signal,2026-08-12T12:00:00Z
Lakshmi Narayanan,Ramesh Kumar Sharma,Signal,2026-08-13T12:00:00Z
Zoya Merchant,Maya Sen,Telegram,2026-08-14T12:00:00Z
Tara Desai,Daniel Thomas,Telegram,2026-08-15T12:00:00Z
Suresh Chandrasekar,Imran Qureshi,Email,2026-08-16T12:00:00Z
Nandita Mukherjee,Nandita Mukherjee,Signal,2026-08-17T12:00:00Z
Devendra Malik,Suresh Chandrasekar,Forum,2026-08-18T12:00:00Z
Ishaan Verma,Imran Qureshi,Email,2026-08-19T12:00:00Z
Devendra Malik,Imran Qureshi,Telegram,2026-08-20T12:00:00Z
Harpreet Singh,Ananya Bose,Email,2026-08-21T12:00:00Z
Farah Siddiqui,Harpreet Singh,Signal,2026-08-22T12:00:00Z
Ramesh Kumar Sharma,Ananya Bose,Email,2026-08-23T12:00:00Z
Sana Khan,Kabir Joshi,Signal,2026-08-24T12:00:00Z
Ananya Bose,Lakshmi Narayanan,Telegram,2026-08-25T12:00:00Z
Ravi Mehta,Devendra Malik,Signal,2026-08-26T12:00:00Z
Harpreet Singh,Devendra Malik,Forum,2026-08-27T12:00:00Z
Ramesh Kumar Sharma,Arjun Nair,Telegram,2026-08-28T12:00:00Z
Tara Desai,Harpreet Singh,Signal,2026-08-10T12:00:00Z
Nandita Mukherjee,Nandita Mukherjee,Signal,2026-08-11T12:00:00Z
Ananya Bose,Imran Qureshi,Telegram,2026-08-12T12:00:00Z
Ramesh Kumar Sharma,Daniel Thomas,Telegram,2026-08-13T12:00:00Z
Priya Shah,Sana Khan,Telegram,2026-08-14T12:00:00Z
Lakshmi Narayanan,Lakshmi Narayanan,Email,2026-08-15T12:00:00Z
Kabir Joshi,Amit Sharma,Telegram,2026-08-16T12:00:00Z
Sana Khan,Farah Siddiqui,Email,2026-08-17T12:00:00Z
Priya Shah,Meera Joshi,Email,2026-08-18T12:00:00Z
Harpreet Singh,Joseph Mathew,Signal,2026-08-19T12:00:00Z
Zoya Merchant,Vikram Rao,Telegram,2026-08-20T12:00:00Z
Neha Kapoor,Joseph Mathew,Telegram,2026-08-21T12:00:00Z
Harpreet Singh,Ramesh Kumar Sharma,Email,2026-08-22T12:00:00Z
Sana Khan,Vikram Rao,Forum,2026-08-23T12:00:00Z
Karan Iyer,Tara Desai,Email,2026-08-24T12:00:00Z
Arjun Nair,Kabir Joshi,Forum,2026-08-25T12:00:00Z
Priya Shah,Maya Sen,Signal,2026-08-26T12:00:00Z
Sana Khan,Priya Shah,Telegram,2026-08-27T12:00:00Z
Karan Iyer,Maya Sen,Forum,2026-08-28T12:00:00Z
Ananya Bose,Neha Kapoor,Email,2026-08-10T12:00:00Z
Farah Siddiqui,Suresh Chandrasekar,Email,2026-08-11T12:00:00Z
Ravi Mehta,Daniel Thomas,Telegram,2026-08-12T12:00:00Z
Lakshmi Narayanan,Ishaan Verma,Email,2026-08-13T12:00:00Z
Ishaan Verma,Ishaan Verma,Forum,2026-08-14T12:00:00Z
Ravi Mehta,Priya Shah,Signal,2026-08-15T12:00:00Z
Ravi Mehta,Farah Siddiqui,Signal,2026-08-16T12:00:00Z
Ananya Bose,Maya Sen,Signal,2026-08-17T12:00:00Z
Sana Khan,Farah Siddiqui,Email,2026-08-18T12:00:00Z
Maya Sen,Ishaan Verma,Email,2026-08-19T12:00:00Z
Ananya Bose,Ramesh Kumar Sharma,Signal,2026-08-20T12:00:00Z
Joseph Mathew,Vikram Rao,Signal,2026-08-21T12:00:00Z
Meera Joshi,Daniel Thomas,Telegram,2026-08-22T12:00:00Z
Harpreet Singh,Suresh Chandrasekar,Signal,2026-08-23T12:00:00Z
Nandita Mukherjee,Priya Shah,Forum,2026-08-24T12:00:00Z
Harpreet Singh,Zoya Merchant,Signal,2026-08-25T12:00:00Z
Farah Siddiqui,Tara Desai,Signal,2026-08-26T12:00:00Z
Devendra Malik,Zoya Merchant,Forum,2026-08-27T12:00:00Z
Arjun Nair,Priya Shah,Telegram,2026-08-28T12:00:00Z
Priya Shah,Meera Joshi,Telegram,2026-08-10T12:00:00Z
Nandita Mukherjee,Lakshmi Narayanan,Signal,2026-08-11T12:00:00Z
Ishaan Verma,Ramesh Kumar Sharma,Email,2026-08-12T12:00:00Z
Kabir Joshi,Farah Siddiqui,Email,2026-08-13T12:00:00Z
Karan Iyer,Harpreet Singh,Signal,2026-08-14T12:00:00Z
Maya Sen,Ishaan Verma,Email,2026-08-15T12:00:00Z
Tara Desai,Tara Desai,Email,2026-08-16T12:00:00Z
Ravi Mehta,Priya Shah,Forum,2026-08-17T12:00:00Z
Sana Khan,Lakshmi Narayanan,Email,2026-08-18T12:00:00Z
Farah Siddiqui,Amit Sharma,Forum,2026-08-19T12:00:00Z
Ananya Bose,Ananya Bose,Email,2026-08-20T12:00:00Z
Sana Khan,Karan Iyer,Telegram,2026-08-21T12:00:00Z
Ananya Bose,Farah Siddiqui,Telegram,2026-08-22T12:00:00Z
Daniel Thomas,Zoya Merchant,Signal,2026-08-23T12:00:00Z
Maya Sen,Harpreet Singh,Forum,2026-08-24T12:00:00Z
Ravi Mehta,Amit Sharma,Telegram,2026-08-25T12:00:00Z
Lakshmi Narayanan,Zoya Merchant,Telegram,2026-08-26T12:00:00Z
Ramesh Kumar Sharma,Daniel Thomas,Forum,2026-08-27T12:00:00Z
Zoya Merchant,Harpreet Singh,Telegram,2026-08-28T12:00:00Z
Farah Siddiqui,Daniel Thomas,Signal,2026-08-10T12:00:00Z
Vikram Rao,Harpreet Singh,Telegram,2026-08-11T12:00:00Z
Priya Shah,Ravi Mehta,Forum,2026-08-12T12:00:00Z
Ishaan Verma,Tara Desai,Signal,2026-08-13T12:00:00Z
Ramesh Kumar Sharma,Arjun Nair,Forum,2026-08-14T12:00:00Z
Joseph Mathew,Suresh Chandrasekar,Signal,2026-08-15T12:00:00Z
Farah Siddiqui,Nandita Mukherjee,Forum,2026-08-16T12:00:00Z
Amit Sharma,Zoya Merchant,Signal,2026-08-17T12:00:00Z
Tara Desai,Harpreet Singh,Signal,2026-08-18T12:00:00Z
Vikram Rao,Ravi Mehta,Signal,2026-08-19T12:00:00Z
Sana Khan,Daniel Thomas,Telegram,2026-08-20T12:00:00Z
Maya Sen,Kabir Joshi,Signal,2026-08-21T12:00:00Z
Devendra Malik,Farah Siddiqui,Forum,2026-08-22T12:00:00Z
Vikram Rao,Arjun Nair,Forum,2026-08-23T12:00:00Z
Vikram Rao,Zoya Merchant,Signal,2026-08-24T12:00:00Z
Meera Joshi,Nandita Mukherjee,Telegram,2026-08-25T12:00:00Z
Harpreet Singh,Karan Iyer,Telegram,2026-08-26T12:00:00Z
Daniel Thomas,Zoya Merchant,Signal,2026-08-27T12:00:00Z
Zoya Merchant,Suresh Chandrasekar,Telegram,2026-08-28T12:00:00Z
Daniel Thomas,Ramesh Kumar Sharma,Telegram,2026-08-10T12:00:00Z
Arjun Nair,Amit Sharma,Email,2026-08-11T12:00:00Z
Karan Iyer,Amit Sharma,Forum,2026-08-12T12:00:00Z
Neha Kapoor,Vikram Rao,Telegram,2026-08-13T12:00:00Z
Farah Siddiqui,Ravi Mehta,Signal,2026-08-14T12:00:00Z
Meera Joshi,Priya Shah,Telegram,2026-08-15T12:00:00Z
Imran Qureshi,Karan Iyer,Forum,2026-08-16T12:00:00Z
Devendra Malik,Zoya Merchant,Email,2026-08-17T12:00:00Z
Vikram Rao,Devendra Malik,Signal,2026-08-18T12:00:00Z
Tara Desai,Kabir Joshi,Email,2026-08-19T12:00:00Z
Ananya Bose,Zoya Merchant,Forum,2026-08-20T12:00:00Z
Vikram Rao,Meera Joshi,Telegram,2026-08-21T12:00:00Z
Ravi Mehta,Ramesh Kumar Sharma,Telegram,2026-08-22T12:00:00Z
Priya Shah,Vikram Rao,Signal,2026-08-23T12:00:00Z
Neha Kapoor,Vikram Rao,Forum,2026-08-24T12:00:00Z
Daniel Thomas,Meera Joshi,Signal,2026-08-25T12:00:00Z
Kabir Joshi,Maya Sen,Forum,2026-08-26T12:00:00Z
Lakshmi Narayanan,Farah Siddiqui,Email,2026-08-27T12:00:00Z
Imran Qureshi,Daniel Thomas,Email,2026-08-28T12:00:00Z
Priya Shah,Zoya Merchant,Email,2026-08-10T12:00:00Z
Ananya Bose,Farah Siddiqui,Signal,2026-08-11T12:00:00Z
Daniel Thomas,Farah Siddiqui,Signal,2026-08-12T12:00:00Z
Nandita Mukherjee,Farah Siddiqui,Email,2026-08-13T12:00:00Z
Devendra Malik,Priya Shah,Email,2026-08-14T12:00:00Z
Tara Desai,Vikram Rao,Email,2026-08-15T12:00:00Z
Devendra Malik,Sana Khan,Forum,2026-08-16T12:00:00Z
Meera Joshi,Devendra Malik,Email,2026-08-17T12:00:00Z
Ananya Bose,Ananya Bose,Email,2026-08-18T12:00:00Z
Amit Sharma,Devendra Malik,Signal,2026-08-19T12:00:00Z
Lakshmi Narayanan,Lakshmi Narayanan,Email,2026-08-20T12:00:00Z
Farah Siddiqui,Tara Desai,Forum,2026-08-21T12:00:00Z
Devendra Malik,Devendra Malik,Signal,2026-08-22T12:00:00Z
Farah Siddiqui,Neha Kapoor,Telegram,2026-08-23T12:00:00Z
Suresh Chandrasekar,Imran Qureshi,Forum,2026-08-24T12:00:00Z
Priya Shah,Meera Joshi,Email,2026-08-25T12:00:00Z
Priya Shah,Ramesh Kumar Sharma,Signal,2026-08-26T12:00:00Z
Suresh Chandrasekar,Priya Shah,Telegram,2026-08-27T12:00:00Z
Ramesh Kumar Sharma,Harpreet Singh,Signal,2026-08-28T12:00:00Z
Lakshmi Narayanan,Nandita Mukherjee,Forum,2026-08-10T12:00:00Z
Maya Sen,Arjun Nair,Forum,2026-08-11T12:00:00Z
Amit Sharma,Amit Sharma,Email,2026-08-12T12:00:00Z
Sana Khan,Ananya Bose,Signal,2026-08-13T12:00:00Z
Nandita Mukherjee,Imran Qureshi,Forum,2026-08-14T12:00:00Z
Ravi Mehta,Tara Desai,Forum,2026-08-15T12:00:00Z
Zoya Merchant,Lakshmi Narayanan,Forum,2026-08-16T12:00:00Z
Meera Joshi,Imran Qureshi,Signal,2026-08-17T12:00:00Z
Sana Khan,Neha Kapoor,Forum,2026-08-18T12:00:00Z
Ramesh Kumar Sharma,Kabir Joshi,Forum,2026-08-19T12:00:00Z
Daniel Thomas,Ishaan Verma,Signal,2026-08-20T12:00:00Z
Priya Shah,Devendra Malik,Telegram,2026-08-21T12:00:00Z
Arjun Nair,Vikram Rao,Email,2026-08-22T12:00:00Z
Priya Shah,Meera Joshi,Email,2026-08-23T12:00:00Z
Karan Iyer,Ishaan Verma,Email,2026-08-24T12:00:00Z
Neha Kapoor,Ramesh Kumar Sharma,Signal,2026-08-25T12:00:00Z
Neha Kapoor,Daniel Thomas,Signal,2026-08-26T12:00:00Z
Suresh Chandrasekar,Meera Joshi,Email,2026-08-27T12:00:00Z
Meera Joshi,Amit Sharma,Forum,2026-08-28T12:00:00Z
Amit Sharma,Lakshmi Narayanan,Signal,2026-08-10T12:00:00Z
Ananya Bose,Amit Sharma,Forum,2026-08-11T12:00:00Z
Ananya Bose,Arjun Nair,Email,2026-08-12T12:00:00Z
Vikram Rao,Ravi Mehta,Forum,2026-08-13T12:00:00Z
Devendra Malik,Nandita Mukherjee,Signal,2026-08-14T12:00:00Z
Zoya Merchant,Ravi Mehta,Forum,2026-08-15T12:00:00Z
Kabir Joshi,Ravi Mehta,Email,2026-08-16T12:00:00Z
Karan Iyer,Karan Iyer,Forum,2026-08-17T12:00:00Z
Meera Joshi,Daniel Thomas,Email,2026-08-18T12:00:00Z
Zoya Merchant,Devendra Malik,Forum,2026-08-19T12:00:00Z
Devendra Malik,Lakshmi Narayanan,Telegram,2026-08-20T12:00:00Z
Nandita Mukherjee,Kabir Joshi,Forum,2026-08-21T12:00:00Z
Neha Kapoor,Harpreet Singh,Signal,2026-08-22T12:00:00Z
Tara Desai,Neha Kapoor,Signal,2026-08-23T12:00:00Z
Ravi Mehta,Daniel Thomas,Signal,2026-08-24T12:00:00Z
Ravi Mehta,Harpreet Singh,Forum,2026-08-25T12:00:00Z
Ravi Mehta,Arjun Nair,Forum,2026-08-26T12:00:00Z
Meera Joshi,Zoya Merchant,Email,2026-08-27T12:00:00Z
Amit Sharma,Zoya Merchant,Telegram,2026-08-28T12:00:00Z
Amit Sharma,Ishaan Verma,Signal,2026-08-10T12:00:00Z
Priya Shah,Ishaan Verma,Email,2026-08-11T12:00:00Z
Daniel Thomas,Ananya Bose,Telegram,2026-08-12T12:00:00Z
Harpreet Singh,Joseph Mathew,Telegram,2026-08-13T12:00:00Z
Lakshmi Narayanan,Harpreet Singh,Telegram,2026-08-14T12:00:00Z
Ravi Mehta,Neha Kapoor,Signal,2026-08-15T12:00:00Z
Harpreet Singh,Vikram Rao,Forum,2026-08-16T12:00:00Z
Ishaan Verma,Suresh Chandrasekar,Forum,2026-08-17T12:00:00Z
Maya Sen,Nandita Mukherjee,Forum,2026-08-18T12:00:00Z
Harpreet Singh,Lakshmi Narayanan,Email,2026-08-19T12:00:00Z
Nandita Mukherjee,Karan Iyer,Forum,2026-08-20T12:00:00Z
Tara Desai,Suresh Chandrasekar,Forum,2026-08-21T12:00:00Z
Zoya Merchant,Kabir Joshi,Email,2026-08-22T12:00:00Z
Joseph Mathew,Vikram Rao,Email,2026-08-23T12:00:00Z
Priya Shah,Ramesh Kumar Sharma,Email,2026-08-24T12:00:00Z
Harpreet Singh,Nandita Mukherjee,Telegram,2026-08-25T12:00:00Z
Ravi Mehta,Kabir Joshi,Signal,2026-08-26T12:00:00Z
Ramesh Kumar Sharma,Kabir Joshi,Signal,2026-08-27T12:00:00Z
Ishaan Verma,Joseph Mathew,Telegram,2026-08-28T12:00:00Z
Devendra Malik,Kabir Joshi,Signal,2026-08-10T12:00:00Z
Harpreet Singh,Ishaan Verma,Signal,2026-08-11T12:00:00Z
Sana Khan,Karan Iyer,Forum,2026-08-12T12:00:00Z
Joseph Mathew,Suresh Chandrasekar,Telegram,2026-08-13T12:00:00Z
Devendra Malik,Farah Siddiqui,Forum,2026-08-14T12:00:00Z
Zoya Merchant,Daniel Thomas,Forum,2026-08-15T12:00:00Z
Ramesh Kumar Sharma,Meera Joshi,Signal,2026-08-16T12:00:00Z
Zoya Merchant,Harpreet Singh,Forum,2026-08-17T12:00:00Z
Joseph Mathew,Amit Sharma,Email,2026-08-18T12:00:00Z
Tara Desai,Ananya Bose,Signal,2026-08-19T12:00:00Z
Devendra Malik,Kabir Joshi,Signal,2026-08-20T12:00:00Z
Ishaan Verma,Imran Qureshi,Email,2026-08-21T12:00:00Z
Suresh Chandrasekar,Zoya Merchant,Forum,2026-08-22T12:00:00Z
Imran Qureshi,Imran Qureshi,Signal,2026-08-23T12:00:00Z
Maya Sen,Maya Sen,Signal,2026-08-24T12:00:00Z
Imran Qureshi,Ravi Mehta,Telegram,2026-08-25T12:00:00Z
Tara Desai,Imran Qureshi,Forum,2026-08-26T12:00:00Z
Vikram Rao,Kabir Joshi,Signal,2026-08-27T12:00:00Z
Harpreet Singh,Ishaan Verma,Forum,2026-08-28T12:00:00Z
Maya Sen,Maya Sen,Email,2026-08-10T12:00:00Z
Amit Sharma,Daniel Thomas,Forum,2026-08-11T12:00:00Z
Sana Khan,Vikram Rao,Email,2026-08-12T12:00:00Z
Ishaan Verma,Joseph Mathew,Telegram,2026-08-13T12:00:00Z
Tara Desai,Priya Shah,Forum,2026-08-14T12:00:00Z
Zoya Merchant,Daniel Thomas,Signal,2026-08-15T12:00:00Z
Arjun Nair,Arjun Nair,Signal,2026-08-16T12:00:00Z
Lakshmi Narayanan,Ravi Mehta,Email,2026-08-17T12:00:00Z
Lakshmi Narayanan,Neha Kapoor,Email,2026-08-18T12:00:00Z
Farah Siddiqui,Harpreet Singh,Forum,2026-08-19T12:00:00Z
Imran Qureshi,Suresh Chandrasekar,Email,2026-08-20T12:00:00Z
Suresh Chandrasekar,Karan Iyer,Telegram,2026-08-21T12:00:00Z
Neha Kapoor,Karan Iyer,Email,2026-08-22T12:00:00Z
Daniel Thomas,Farah Siddiqui,Signal,2026-08-23T12:00:00Z
Imran Qureshi,Harpreet Singh,Telegram,2026-08-24T12:00:00Z
Ravi Mehta,Harpreet Singh,Forum,2026-08-25T12:00:00Z
Zoya Merchant,Lakshmi Narayanan,Telegram,2026-08-26T12:00:00Z
Nandita Mukherjee,Maya Sen,Signal,2026-08-27T12:00:00Z
Joseph Mathew,Ravi Mehta,Telegram,2026-08-28T12:00:00Z
Priya Shah,Harpreet Singh,Forum,2026-08-10T12:00:00Z
Maya Sen,Priya Shah,Email,2026-08-11T12:00:00Z
Suresh Chandrasekar,Ananya Bose,Telegram,2026-08-12T12:00:00Z
Amit Sharma,Tara Desai,Email,2026-08-13T12:00:00Z
Kabir Joshi,Meera Joshi,Telegram,2026-08-14T12:00:00Z
Daniel Thomas,Imran Qureshi,Forum,2026-08-15T12:00:00Z
Meera Joshi,Arjun Nair,Telegram,2026-08-16T12:00:00Z
Neha Kapoor,Joseph Mathew,Email,2026-08-17T12:00:00Z
Ananya Bose,Harpreet Singh,Email,2026-08-18T12:00:00Z
Suresh Chandrasekar,Zoya Merchant,Email,2026-08-19T12:00:00Z
Devendra Malik,Kabir Joshi,Forum,2026-08-20T12:00:00Z
Amit Sharma,Kabir Joshi,Telegram,2026-08-21T12:00:00Z
Daniel Thomas,Karan Iyer,Forum,2026-08-22T12:00:00Z
Arjun Nair,Ananya Bose,Email,2026-08-23T12:00:00Z
Harpreet Singh,Ananya Bose,Telegram,2026-08-24T12:00:00Z
Neha Kapoor,Maya Sen,Forum,2026-08-25T12:00:00Z
Neha Kapoor,Devendra Malik,Telegram,2026-08-26T12:00:00Z
Ananya Bose,Tara Desai,Signal,2026-08-27T12:00:00Z
Maya Sen,Ishaan Verma,Telegram,2026-08-28T12:00:00Z
Suresh Chandrasekar,Vikram Rao,Forum,2026-08-10T12:00:00Z
Devendra Malik,Farah Siddiqui,Forum,2026-08-11T12:00:00Z
Daniel Thomas,Meera Joshi,Forum,2026-08-12T12:00:00Z
Ananya Bose,Tara Desai,Email,2026-08-13T12:00:00Z
Maya Sen,Tara Desai,Email,2026-08-14T12:00:00Z
Devendra Malik,Joseph Mathew,Email,2026-08-15T12:00:00Z
Neha Kapoor,Karan Iyer,Email,2026-08-16T12:00:00Z
Amit Sharma,Arjun Nair,Telegram,2026-08-17T12:00:00Z
Zoya Merchant,Daniel Thomas,Telegram,2026-08-18T12:00:00Z
Farah Siddiqui,Amit Sharma,Email,2026-08-19T12:00:00Z
Suresh Chandrasekar,Farah Siddiqui,Telegram,2026-08-20T12:00:00Z
Lakshmi Narayanan,Devendra Malik,Email,2026-08-21T12:00:00Z
Harpreet Singh,Neha Kapoor,Telegram,2026-08-22T12:00:00Z
Maya Sen,Ramesh Kumar Sharma,Telegram,2026-08-23T12:00:00Z
Imran Qureshi,Suresh Chandrasekar,Signal,2026-08-24T12:00:00Z
Arjun Nair,Priya Shah,Email,2026-08-25T12:00:00Z
Imran Qureshi,Kabir Joshi,Email,2026-08-26T12:00:00Z
Ananya Bose,Suresh Chandrasekar,Telegram,2026-08-27T12:00:00Z
Farah Siddiqui,Zoya Merchant,Email,2026-08-28T12:00:00Z
Farah Siddiqui,Arjun Nair,Signal,2026-08-10T12:00:00Z
Ishaan Verma,Farah Siddiqui,Forum,2026-08-11T12:00:00Z
Priya Shah,Lakshmi Narayanan,Telegram,2026-08-12T12:00:00Z
Lakshmi Narayanan,Karan Iyer,Signal,2026-08-13T12:00:00Z
Devendra Malik,Amit Sharma,Forum,2026-08-14T12:00:00Z
Tara Desai,Suresh Chandrasekar,Email,2026-08-15T12:00:00Z
Imran Qureshi,Amit Sharma,Email,2026-08-16T12:00:00Z
Karan Iyer,Arjun Nair,Forum,2026-08-17T12:00:00Z
Ravi Mehta,Priya Shah,Telegram,2026-08-18T12:00:00Z
Devendra Malik,Nandita Mukherjee,Email,2026-08-19T12:00:00Z
Karan Iyer,Karan Iyer,Signal,2026-08-20T12:00:00Z
Sana Khan,Devendra Malik,Telegram,2026-08-21T12:00:00Z
Nandita Mukherjee,Lakshmi Narayanan,Forum,2026-08-22T12:00:00Z
Neha Kapoor,Meera Joshi,Forum,2026-08-23T12:00:00Z
Nandita Mukherjee,Nandita Mukherjee,Telegram,2026-08-24T12:00:00Z
Kabir Joshi,Kabir Joshi,Forum,2026-08-25T12:00:00Z
Ishaan Verma,Farah Siddiqui,Telegram,2026-08-26T12:00:00Z
Neha Kapoor,Arjun Nair,Telegram,2026-08-27T12:00:00Z
Nandita Mukherjee,Neha Kapoor,Telegram,2026-08-28T12:00:00Z
Meera Joshi,Lakshmi Narayanan,Signal,2026-08-10T12:00:00Z
Ananya Bose,Meera Joshi,Telegram,2026-08-11T12:00:00Z
Meera Joshi,Ananya Bose,Signal,2026-08-12T12:00:00Z
Ramesh Kumar Sharma,Farah Siddiqui,Signal,2026-08-13T12:00:00Z
Tara Desai,Lakshmi Narayanan,Email,2026-08-14T12:00:00Z
Ishaan Verma,Suresh Chandrasekar,Email,2026-08-15T12:00:00Z
Imran Qureshi,Ramesh Kumar Sharma,Forum,2026-08-16T12:00:00Z
Karan Iyer,Ishaan Verma,Forum,2026-08-17T12:00:00Z
Tara Desai,Lakshmi Narayanan,Email,2026-08-18T12:00:00Z
Neha Kapoor,Imran Qureshi,Signal,2026-08-19T12:00:00Z
Vikram Rao,Nandita Mukherjee,Telegram,2026-08-20T12:00:00Z
Tara Desai,Priya Shah,Signal,2026-08-21T12:00:00Z
Vikram Rao,Harpreet Singh,Forum,2026-08-22T12:00:00Z
Farah Siddiqui,Daniel Thomas,Signal,2026-08-23T12:00:00Z
Tara Desai,Suresh Chandrasekar,Email,2026-08-24T12:00:00Z
Ramesh Kumar Sharma,Daniel Thomas,Email,2026-08-25T12:00:00Z
Vikram Rao,Meera Joshi,Telegram,2026-08-26T12:00:00Z
Lakshmi Narayanan,Meera Joshi,Email,2026-08-27T12:00:00Z
Devendra Malik,Ravi Mehta,Email,2026-08-28T12:00:00Z
Priya Shah,Ravi Mehta,Telegram,2026-08-10T12:00:00Z
Neha Kapoor,Harpreet Singh,Telegram,2026-08-11T12:00:00Z
Harpreet Singh,Vikram Rao,Forum,2026-08-12T12:00:00Z
Neha Kapoor,Zoya Merchant,Telegram,2026-08-13T12:00:00Z
Sana Khan,Zoya Merchant,Telegram,2026-08-14T12:00:00Z
Amit Sharma,Sana Khan,Forum,2026-08-15T12:00:00Z
Ramesh Kumar Sharma,Imran Qureshi,Forum,2026-08-16T12:00:00Z
Kabir Joshi,Priya Shah,Forum,2026-08-17T12:00:00Z
Zoya Merchant,Ananya Bose,Forum,2026-08-18T12:00:00Z
Priya Shah,Farah Siddiqui,Email,2026-08-19T12:00:00Z
Vikram Rao,Ananya Bose,Telegram,2026-08-20T12:00:00Z
Imran Qureshi,Devendra Malik,Forum,2026-08-21T12:00:00Z
Amit Sharma,Zoya Merchant,Telegram,2026-08-22T12:00:00Z
Priya Shah,Amit Sharma,Forum,2026-08-23T12:00:00Z
Devendra Malik,Meera Joshi,Telegram,2026-08-24T12:00:00Z
Maya Sen,Devendra Malik,Signal,2026-08-25T12:00:00Z
Zoya Merchant,Amit Sharma,Forum,2026-08-26T12:00:00Z
Vikram Rao,Harpreet Singh,Telegram,2026-08-27T12:00:00Z
Karan Iyer,Maya Sen,Email,2026-08-28T12:00:00Z
Joseph Mathew,Joseph Mathew,Email,2026-08-10T12:00:00Z
Ananya Bose,Karan Iyer,Email,2026-08-11T12:00:00Z
Farah Siddiqui,Vikram Rao,Telegram,2026-08-12T12:00:00Z
Nandita Mukherjee,Priya Shah,Forum,2026-08-13T12:00:00Z
Ananya Bose,Nandita Mukherjee,Signal,2026-08-14T12:00:00Z
Ravi Mehta,Maya Sen,Email,2026-08-15T12:00:00Z
Sana Khan,Tara Desai,Email,2026-08-16T12:00:00Z
Lakshmi Narayanan,Daniel Thomas,Forum,2026-08-17T12:00:00Z
Sana Khan,Ravi Mehta,Telegram,2026-08-18T12:00:00Z
Joseph Mathew,Devendra Malik,Telegram,2026-08-19T12:00:00Z
Zoya Merchant,Nandita Mukherjee,Telegram,2026-08-20T12:00:00Z
Vikram Rao,Meera Joshi,Email,2026-08-21T12:00:00Z
Devendra Malik,Amit Sharma,Email,2026-08-22T12:00:00Z
Lakshmi Narayanan,Vikram Rao,Email,2026-08-23T12:00:00Z
Ravi Mehta,Joseph Mathew,Telegram,2026-08-24T12:00:00Z
Tara Desai,Tara Desai,Email,2026-08-25T12:00:00Z
Kabir Joshi,Farah Siddiqui,Telegram,2026-08-26T12:00:00Z
Daniel Thomas,Devendra Malik,Forum,2026-08-27T12:00:00Z
Nandita Mukherjee,Ravi Mehta,Email,2026-08-28T12:00:00Z
Arjun Nair,Arjun Nair,Forum,2026-08-10T12:00:00Z
Ananya Bose,Meera Joshi,Signal,2026-08-11T12:00:00Z
Ishaan Verma,Daniel Thomas,Forum,2026-08-12T12:00:00Z
Nandita Mukherjee,Kabir Joshi,Forum,2026-08-13T12:00:00Z
Nandita Mukherjee,Devendra Malik,Telegram,2026-08-14T12:00:00Z
Imran Qureshi,Ramesh Kumar Sharma,Email,2026-08-15T12:00:00Z
Ramesh Kumar Sharma,Suresh Chandrasekar,Signal,2026-08-16T12:00:00Z
Kabir Joshi,Maya Sen,Email,2026-08-17T12:00:00Z
Zoya Merchant,Harpreet Singh,Forum,2026-08-18T12:00:00Z
Ananya Bose,Zoya Merchant,Telegram,2026-08-19T12:00:00Z
Sana Khan,Vikram Rao,Telegram,2026-08-20T12:00:00Z
Suresh Chandrasekar,Neha Kapoor,Telegram,2026-08-21T12:00:00Z
Kabir Joshi,Meera Joshi,Email,2026-08-22T12:00:00Z
Ishaan Verma,Meera Joshi,Forum,2026-08-23T12:00:00Z
Lakshmi Narayanan,Devendra Malik,Signal,2026-08-24T12:00:00Z
Amit Sharma,Harpreet Singh,Forum,2026-08-25T12:00:00Z
Vikram Rao,Karan Iyer,Email,2026-08-26T12:00:00Z
Tara Desai,Daniel Thomas,Email,2026-08-27T12:00:00Z
Vikram Rao,Farah Siddiqui,Email,2026-08-28T12:00:00Z
Ravi Mehta,Ananya Bose,Forum,2026-08-10T12:00:00Z
Amit Sharma,Nandita Mukherjee,Email,2026-08-11T12:00:00Z
Sana Khan,Ravi Mehta,Signal,2026-08-12T12:00:00Z
Priya Shah,Lakshmi Narayanan,Signal,2026-08-13T12:00:00Z
Karan Iyer,Karan Iyer,Signal,2026-08-14T12:00:00Z
Lakshmi Narayanan,Arjun Nair,Telegram,2026-08-15T12:00:00Z
Zoya Merchant,Imran Qureshi,Forum,2026-08-16T12:00:00Z
Neha Kapoor,Joseph Mathew,Forum,2026-08-17T12:00:00Z
Priya Shah,Meera Joshi,Telegram,2026-08-18T12:00:00Z
Karan Iyer,Ishaan Verma,Forum,2026-08-19T12:00:00Z
Meera Joshi,Suresh Chandrasekar,Signal,2026-08-20T12:00:00Z
Tara Desai,Meera Joshi,Signal,2026-08-21T12:00:00Z
Ravi Mehta,Meera Joshi,Signal,2026-08-22T12:00:00Z
Arjun Nair,Ishaan Verma,Telegram,2026-08-23T12:00:00Z
Sana Khan,Devendra Malik,Email,2026-08-24T12:00:00Z
Sana Khan,Tara Desai,Forum,2026-08-25T12:00:00Z
Devendra Malik,Amit Sharma,Telegram,2026-08-26T12:00:00Z
Nandita Mukherjee,Nandita Mukherjee,Forum,2026-08-27T12:00:00Z
Ananya Bose,Vikram Rao,Forum,2026-08-28T12:00:00Z
Neha Kapoor,Tara Desai,Forum,2026-08-10T12:00:00Z
Ishaan Verma,Suresh Chandrasekar,Forum,2026-08-11T12:00:00Z
Harpreet Singh,Suresh Chandrasekar,Email,2026-08-12T12:00:00Z
Devendra Malik,Lakshmi Narayanan,Email,2026-08-13T12:00:00Z
Ishaan Verma,Ananya Bose,Email,2026-08-14T12:00:00Z
Daniel Thomas,Tara Desai,Email,2026-08-15T12:00:00Z
Ishaan Verma,Amit Sharma,Email,2026-08-16T12:00:00Z
Tara Desai,Nandita Mukherjee,Telegram,2026-08-17T12:00:00Z
Lakshmi Narayanan,Nandita Mukherjee,Forum,2026-08-18T12:00:00Z
Priya Shah,Daniel Thomas,Signal,2026-08-19T12:00:00Z
Devendra Malik,Arjun Nair,Email,2026-08-20T12:00:00Z
Imran Qureshi,Ishaan Verma,Email,2026-08-21T12:00:00Z
Neha Kapoor,Meera Joshi,Telegram,2026-08-22T12:00:00Z
Suresh Chandrasekar,Ishaan Verma,Telegram,2026-08-23T12:00:00Z
Lakshmi Narayanan,Tara Desai,Telegram,2026-08-24T12:00:00Z
Zoya Merchant,Harpreet Singh,Email,2026-08-25T12:00:00Z
Priya Shah,Ravi Mehta,Forum,2026-08-26T12:00:00Z
Harpreet Singh,Joseph Mathew,Telegram,2026-08-27T12:00:00Z
Joseph Mathew,Joseph Mathew,Signal,2026-08-28T12:00:00Z
Ramesh Kumar Sharma,Nandita Mukherjee,Email,2026-08-10T12:00:00Z
Arjun Nair,Neha Kapoor,Telegram,2026-08-11T12:00:00Z
Neha Kapoor,Kabir Joshi,Email,2026-08-12T12:00:00Z
Ananya Bose,Kabir Joshi,Email,2026-08-13T12:00:00Z
Tara Desai,Priya Shah,Signal,2026-08-14T12:00:00Z
Sana Khan,Ravi Mehta,Telegram,2026-08-15T12:00:00Z
Ananya Bose,Nandita Mukherjee,Forum,2026-08-16T12:00:00Z
Joseph Mathew,Suresh Chandrasekar,Email,2026-08-17T12:00:00Z
Devendra Malik,Sana Khan,Signal,2026-08-18T12:00:00Z
Imran Qureshi,Zoya Merchant,Telegram,2026-08-19T12:00:00Z
Kabir Joshi,Ravi Mehta,Telegram,2026-08-20T12:00:00Z
Zoya Merchant,Ishaan Verma,Telegram,2026-08-21T12:00:00Z
Vikram Rao,Zoya Merchant,Signal,2026-08-22T12:00:00Z
Vikram Rao,Zoya Merchant,Email,2026-08-23T12:00:00Z
Kabir Joshi,Amit Sharma,Telegram,2026-08-24T12:00:00Z
Daniel Thomas,Sana Khan,Forum,2026-08-25T12:00:00Z
Karan Iyer,Kabir Joshi,Signal,2026-08-26T12:00:00Z
Daniel Thomas,Maya Sen,Signal,2026-08-27T12:00:00Z
Vikram Rao,Lakshmi Narayanan,Signal,2026-08-28T12:00:00Z
Meera Joshi,Ravi Mehta,Email,2026-08-10T12:00:00Z
Lakshmi Narayanan,Harpreet Singh,Telegram,2026-08-11T12:00:00Z
Ishaan Verma,Ananya Bose,Email,2026-08-12T12:00:00Z
Daniel Thomas,Daniel Thomas,Signal,2026-08-13T12:00:00Z
Lakshmi Narayanan,Amit Sharma,Email,2026-08-14T12:00:00Z
Ananya Bose,Suresh Chandrasekar,Email,2026-08-15T12:00:00Z
Neha Kapoor,Priya Shah,Telegram,2026-08-16T12:00:00Z
Priya Shah,Tara Desai,Email,2026-08-17T12:00:00Z
Farah Siddiqui,Amit Sharma,Signal,2026-08-18T12:00:00Z
Meera Joshi,Suresh Chandrasekar,Signal,2026-08-19T12:00:00Z
Arjun Nair,Sana Khan,Email,2026-08-20T12:00:00Z
Zoya Merchant,Zoya Merchant,Telegram,2026-08-21T12:00:00Z
Maya Sen,Imran Qureshi,Email,2026-08-22T12:00:00Z
Ananya Bose,Neha Kapoor,Telegram,2026-08-23T12:00:00Z
Sana Khan,Suresh Chandrasekar,Forum,2026-08-24T12:00:00Z
Lakshmi Narayanan,Vikram Rao,Forum,2026-08-25T12:00:00Z
Farah Siddiqui,Meera Joshi,Forum,2026-08-26T12:00:00Z
Neha Kapoor,Vikram Rao,Forum,2026-08-27T12:00:00Z
Karan Iyer,Kabir Joshi,Telegram,2026-08-28T12:00:00Z
Arjun Nair,Joseph Mathew,Signal,2026-08-10T12:00:00Z
Priya Shah,Amit Sharma,Telegram,2026-08-11T12:00:00Z
Suresh Chandrasekar,Neha Kapoor,Telegram,2026-08-12T12:00:00Z
Imran Qureshi,Neha Kapoor,Telegram,2026-08-13T12:00:00Z
Ravi Mehta,Neha Kapoor,Email,2026-08-14T12:00:00Z
Daniel Thomas,Kabir Joshi,Signal,2026-08-15T12:00:00Z
Vikram Rao,Suresh Chandrasekar,Signal,2026-08-16T12:00:00Z
Meera Joshi,Meera Joshi,Signal,2026-08-17T12:00:00Z
Daniel Thomas,Ramesh Kumar Sharma,Forum,2026-08-18T12:00:00Z
Kabir Joshi,Ishaan Verma,Telegram,2026-08-19T12:00:00Z
Sana Khan,Arjun Nair,Signal,2026-08-20T12:00:00Z
Harpreet Singh,Daniel Thomas,Signal,2026-08-21T12:00:00Z
Imran Qureshi,Priya Shah,Signal,2026-08-22T12:00:00Z
Harpreet Singh,Sana Khan,Telegram,2026-08-23T12:00:00Z
Tara Desai,Ramesh Kumar Sharma,Telegram,2026-08-24T12:00:00Z
Arjun Nair,Devendra Malik,Telegram,2026-08-25T12:00:00Z
Karan Iyer,Joseph Mathew,Forum,2026-08-26T12:00:00Z
Nandita Mukherjee,Ramesh Kumar Sharma,Forum,2026-08-27T12:00:00Z
Ravi Mehta,Kabir Joshi,Signal,2026-08-28T12:00:00Z
Ananya Bose,Neha Kapoor,Signal,2026-08-10T12:00:00Z
Nandita Mukherjee,Sana Khan,Signal,2026-08-11T12:00:00Z
Suresh Chandrasekar,Arjun Nair,Forum,2026-08-12T12:00:00Z
Kabir Joshi,Ravi Mehta,Email,2026-08-13T12:00:00Z
Amit Sharma,Arjun Nair,Telegram,2026-08-14T12:00:00Z
Zoya Merchant,Sana Khan,Telegram,2026-08-15T12:00:00Z
Amit Sharma,Joseph Mathew,Telegram,2026-08-16T12:00:00Z
Maya Sen,Maya Sen,Email,2026-08-17T12:00:00Z
Farah Siddiqui,Amit Sharma,Forum,2026-08-18T12:00:00Z
Neha Kapoor,Maya Sen,Forum,2026-08-19T12:00:00Z
Joseph Mathew,Ramesh Kumar Sharma,Email,2026-08-20T12:00:00Z
Ravi Mehta,Lakshmi Narayanan,Forum,2026-08-21T12:00:00Z
Devendra Malik,Ishaan Verma,Telegram,2026-08-22T12:00:00Z
Ishaan Verma,Lakshmi Narayanan,Forum,2026-08-23T12:00:00Z
Priya Shah,Karan Iyer,Signal,2026-08-24T12:00:00Z
Ramesh Kumar Sharma,Joseph Mathew,Telegram,2026-08-25T12:00:00Z
Arjun Nair,Ramesh Kumar Sharma,Signal,2026-08-26T12:00:00Z
Sana Khan,Harpreet Singh,Forum,2026-08-27T12:00:00Z
Nandita Mukherjee,Imran Qureshi,Signal,2026-08-28T12:00:00Z
Neha Kapoor,Nandita Mukherjee,Signal,2026-08-10T12:00:00Z
Tara Desai,Joseph Mathew,Forum,2026-08-11T12:00:00Z
Amit Sharma,Sana Khan,Forum,2026-08-12T12:00:00Z
Joseph Mathew,Sana Khan,Signal,2026-08-13T12:00:00Z
Farah Siddiqui,Ramesh Kumar Sharma,Forum,2026-08-14T12:00:00Z
Amit Sharma,Amit Sharma,Email,2026-08-15T12:00:00Z
Suresh Chandrasekar,Suresh Chandrasekar,Email,2026-08-16T12:00:00Z
Ramesh Kumar Sharma,Suresh Chandrasekar,Forum,2026-08-17T12:00:00Z
Ramesh Kumar Sharma,Harpreet Singh,Telegram,2026-08-18T12:00:00Z
Lakshmi Narayanan,Priya Shah,Telegram,2026-08-19T12:00:00Z
Sana Khan,Lakshmi Narayanan,Forum,2026-08-20T12:00:00Z
Ravi Mehta,Amit Sharma,Forum,2026-08-21T12:00:00Z
Arjun Nair,Zoya Merchant,Email,2026-08-22T12:00:00Z
Imran Qureshi,Amit Sharma,Signal,2026-08-23T12:00:00Z
Daniel Thomas,Ananya Bose,Signal,2026-08-24T12:00:00Z
Maya Sen,Nandita Mukherjee,Signal,2026-08-25T12:00:00Z
Meera Joshi,Farah Siddiqui,Telegram,2026-08-26T12:00:00Z
Karan Iyer,Vikram Rao,Telegram,2026-08-27T12:00:00Z
Kabir Joshi,Sana Khan,Signal,2026-08-28T12:00:00Z
Joseph Mathew,Ramesh Kumar Sharma,Email,2026-08-10T12:00:00Z
Meera Joshi,Joseph Mathew,Forum,2026-08-11T12:00:00Z
Kabir Joshi,Kabir Joshi,Telegram,2026-08-12T12:00:00Z
Suresh Chandrasekar,Nandita Mukherjee,Telegram,2026-08-13T12:00:00Z
Karan Iyer,Devendra Malik,Email,2026-08-14T12:00:00Z
Suresh Chandrasekar,Zoya Merchant,Signal,2026-08-15T12:00:00Z
Daniel Thomas,Ananya Bose,Telegram,2026-08-16T12:00:00Z
Priya Shah,Imran Qureshi,Email,2026-08-17T12:00:00Z
Meera Joshi,Lakshmi Narayanan,Telegram,2026-08-18T12:00:00Z
Harpreet Singh,Ishaan Verma,Email,2026-08-19T12:00:00Z
Zoya Merchant,Maya Sen,Email,2026-08-20T12:00:00Z
Tara Desai,Arjun Nair,Telegram,2026-08-21T12:00:00Z
Suresh Chandrasekar,Joseph Mathew,Signal,2026-08-22T12:00:00Z
Daniel Thomas,Farah Siddiqui,Signal,2026-08-23T12:00:00Z
Sana Khan,Kabir Joshi,Telegram,2026-08-24T12:00:00Z
Joseph Mathew,Joseph Mathew,Telegram,2026-08-25T12:00:00Z
Farah Siddiqui,Ananya Bose,Telegram,2026-08-26T12:00:00Z
Meera Joshi,Lakshmi Narayanan,Forum,2026-08-27T12:00:00Z
Sana Khan,Ramesh Kumar Sharma,Telegram,2026-08-28T12:00:00Z
Priya Shah,Karan Iyer,Signal,2026-08-10T12:00:00Z
Ravi Mehta,Maya Sen,Telegram,2026-08-11T12:00:00Z
Farah Siddiqui,Maya Sen,Forum,2026-08-12T12:00:00Z
Ishaan Verma,Imran Qureshi,Email,2026-08-13T12:00:00Z
Farah Siddiqui,Farah Siddiqui,Email,2026-08-14T12:00:00Z
Imran Qureshi,Farah Siddiqui,Forum,2026-08-15T12:00:00Z
Lakshmi Narayanan,Maya Sen,Signal,2026-08-16T12:00:00Z
Ramesh Kumar Sharma,Karan Iyer,Forum,2026-08-17T12:00:00Z
Joseph Mathew,Neha Kapoor,Telegram,2026-08-18T12:00:00Z
Ravi Mehta,Ramesh Kumar Sharma,Telegram,2026-08-19T12:00:00Z
Arjun Nair,Devendra Malik,Email,2026-08-20T12:00:00Z
Ishaan Verma,Vikram Rao,Forum,2026-08-21T12:00:00Z
Ananya Bose,Ramesh Kumar Sharma,Signal,2026-08-22T12:00:00Z
Arjun Nair,Maya Sen,Email,2026-08-23T12:00:00Z
Imran Qureshi,Kabir Joshi,Signal,2026-08-24T12:00:00Z
Imran Qureshi,Arjun Nair,Signal,2026-08-25T12:00:00Z
Zoya Merchant,Joseph Mathew,Email,2026-08-26T12:00:00Z
Maya Sen,Neha Kapoor,Email,2026-08-27T12:00:00Z
Devendra Malik,Vikram Rao,Signal,2026-08-28T12:00:00Z
Lakshmi Narayanan,Kabir Joshi,Telegram,2026-08-10T12:00:00Z
Lakshmi Narayanan,Ramesh Kumar Sharma,Signal,2026-08-11T12:00:00Z
Neha Kapoor,Farah Siddiqui,Forum,2026-08-12T12:00:00Z
Arjun Nair,Arjun Nair,Email,2026-08-13T12:00:00Z
Ramesh Kumar Sharma,Amit Sharma,Telegram,2026-08-14T12:00:00Z
Ramesh Kumar Sharma,Neha Kapoor,Signal,2026-08-15T12:00:00Z
Imran Qureshi,Suresh Chandrasekar,Telegram,2026-08-16T12:00:00Z
Ramesh Kumar Sharma,Zoya Merchant,Signal,2026-08-17T12:00:00Z
Tara Desai,Tara Desai,Email,2026-08-18T12:00:00Z
Lakshmi Narayanan,Nandita Mukherjee,Email,2026-08-19T12:00:00Z
Ramesh Kumar Sharma,Ishaan Verma,Email,2026-08-20T12:00:00Z
Vikram Rao,Zoya Merchant,Forum,2026-08-21T12:00:00Z
Imran Qureshi,Karan Iyer,Forum,2026-08-22T12:00:00Z
Imran Qureshi,Joseph Mathew,Email,2026-08-23T12:00:00Z
Joseph Mathew,Karan Iyer,Forum,2026-08-24T12:00:00Z
Devendra Malik,Neha Kapoor,Email,2026-08-25T12:00:00Z
Amit Sharma,Sana Khan,Email,2026-08-26T12:00:00Z
Harpreet Singh,Maya Sen,Email,2026-08-27T12:00:00Z
Maya Sen,Tara Desai,Email,2026-08-28T12:00:00Z
Harpreet Singh,Farah Siddiqui,Forum,2026-08-10T12:00:00Z
Amit Sharma,Amit Sharma,Telegram,2026-08-11T12:00:00Z
Amit Sharma,Neha Kapoor,Signal,2026-08-12T12:00:00Z
Suresh Chandrasekar,Farah Siddiqui,Telegram,2026-08-13T12:00:00Z
Priya Shah,Ananya Bose,Telegram,2026-08-14T12:00:00Z
Karan Iyer,Imran Qureshi,Forum,2026-08-15T12:00:00Z
Daniel Thomas,Ananya Bose,Email,2026-08-16T12:00:00Z
Harpreet Singh,Priya Shah,Signal,2026-08-17T12:00:00Z
Nandita Mukherjee,Zoya Merchant,Forum,2026-08-18T12:00:00Z
Zoya Merchant,Sana Khan,Forum,2026-08-19T12:00:00Z
Imran Qureshi,Karan Iyer,Email,2026-08-20T12:00:00Z
Harpreet Singh,Ravi Mehta,Email,2026-08-21T12:00:00Z
Harpreet Singh,Nandita Mukherjee,Forum,2026-08-22T12:00:00Z
Amit Sharma,Daniel Thomas,Telegram,2026-08-23T12:00:00Z
Maya Sen,Amit Sharma,Signal,2026-08-24T12:00:00Z
Farah Siddiqui,Harpreet Singh,Email,2026-08-25T12:00:00Z
Ravi Mehta,Meera Joshi,Signal,2026-08-26T12:00:00Z
Neha Kapoor,Sana Khan,Forum,2026-08-27T12:00:00Z
Lakshmi Narayanan,Maya Sen,Signal,2026-08-28T12:00:00Z
Karan Iyer,Maya Sen,Email,2026-08-10T12:00:00Z
Meera Joshi,Maya Sen,Telegram,2026-08-11T12:00:00Z
Zoya Merchant,Ananya Bose,Forum,2026-08-12T12:00:00Z
Ravi Mehta,Amit Sharma,Forum,2026-08-13T12:00:00Z
Vikram Rao,Ananya Bose,Email,2026-08-14T12:00:00Z
Lakshmi Narayanan,Harpreet Singh,Email,2026-08-15T12:00:00Z
Lakshmi Narayanan,Arjun Nair,Email,2026-08-16T12:00:00Z
Vikram Rao,Suresh Chandrasekar,Email,2026-08-17T12:00:00Z
Maya Sen,Kabir Joshi,Forum,2026-08-18T12:00:00Z
Farah Siddiqui,Daniel Thomas,Email,2026-08-19T12:00:00Z
Kabir Joshi,Priya Shah,Signal,2026-08-20T12:00:00Z
Zoya Merchant,Joseph Mathew,Forum,2026-08-21T12:00:00Z
Lakshmi Narayanan,Lakshmi Narayanan,Email,2026-08-22T12:00:00Z
Farah Siddiqui,Priya Shah,Forum,2026-08-23T12:00:00Z
Tara Desai,Vikram Rao,Signal,2026-08-24T12:00:00Z
Amit Sharma,Arjun Nair,Forum,2026-08-25T12:00:00Z
Zoya Merchant,Lakshmi Narayanan,Signal,2026-08-26T12:00:00Z
Nandita Mukherjee,Devendra Malik,Telegram,2026-08-27T12:00:00Z
Maya Sen,Kabir Joshi,Forum,2026-08-28T12:00:00Z
Daniel Thomas,Harpreet Singh,Email,2026-08-10T12:00:00Z
Lakshmi Narayanan,Joseph Mathew,Email,2026-08-11T12:00:00Z
Daniel Thomas,Vikram Rao,Telegram,2026-08-12T12:00:00Z
Tara Desai,Harpreet Singh,Signal,2026-08-13T12:00:00Z
Farah Siddiqui,Lakshmi Narayanan,Telegram,2026-08-14T12:00:00Z
Meera Joshi,Karan Iyer,Telegram,2026-08-15T12:00:00Z
Farah Siddiqui,Maya Sen,Forum,2026-08-16T12:00:00Z
Lakshmi Narayanan,Neha Kapoor,Signal,2026-08-17T12:00:00Z
Ravi Mehta,Neha Kapoor,Forum,2026-08-18T12:00:00Z
Amit Sharma,Devendra Malik,Signal,2026-08-19T12:00:00Z
Priya Shah,Harpreet Singh,Email,2026-08-20T12:00:00Z
Nandita Mukherjee,Nandita Mukherjee,Email,2026-08-21T12:00:00Z
Devendra Malik,Ramesh Kumar Sharma,Signal,2026-08-22T12:00:00Z
Zoya Merchant,Zoya Merchant,Telegram,2026-08-23T12:00:00Z
Ravi Mehta,Maya Sen,Email,2026-08-24T12:00:00Z
Meera Joshi,Kabir Joshi,Signal,2026-08-25T12:00:00Z
Lakshmi Narayanan,Kabir Joshi,Telegram,2026-08-26T12:00:00Z
Nandita Mukherjee,Lakshmi Narayanan,Telegram,2026-08-27T12:00:00Z
Tara Desai,Lakshmi Narayanan,Email,2026-08-28T12:00:00Z
Joseph Mathew,Priya Shah,Telegram,2026-08-10T12:00:00Z
Nandita Mukherjee,Sana Khan,Forum,2026-08-11T12:00:00Z
Vikram Rao,Harpreet Singh,Forum,2026-08-12T12:00:00Z
Lakshmi Narayanan,Ishaan Verma,Forum,2026-08-13T12:00:00Z
Harpreet Singh,Ananya Bose,Signal,2026-08-14T12:00:00Z
Harpreet Singh,Sana Khan,Signal,2026-08-15T12:00:00Z
Priya Shah,Farah Siddiqui,Email,2026-08-16T12:00:00Z
Ramesh Kumar Sharma,Maya Sen,Forum,2026-08-17T12:00:00Z
Lakshmi Narayanan,Ananya Bose,Signal,2026-08-18T12:00:00Z
Neha Kapoor,Tara Desai,Telegram,2026-08-19T12:00:00Z
Zoya Merchant,Zoya Merchant,Signal,2026-08-20T12:00:00Z
Imran Qureshi,Devendra Malik,Signal,2026-08-21T12:00:00Z
Harpreet Singh,Imran Qureshi,Email,2026-08-22T12:00:00Z
Neha Kapoor,Zoya Merchant,Signal,2026-08-23T12:00:00Z
Ananya Bose,Zoya Merchant,Signal,2026-08-24T12:00:00Z
Arjun Nair,Farah Siddiqui,Signal,2026-08-25T12:00:00Z
Neha Kapoor,Kabir Joshi,Forum,2026-08-26T12:00:00Z
Maya Sen,Maya Sen,Forum,2026-08-27T12:00:00Z
Lakshmi Narayanan,Nandita Mukherjee,Signal,2026-08-28T12:00:00Z
Arjun Nair,Daniel Thomas,Telegram,2026-08-10T12:00:00Z
Ravi Mehta,Joseph Mathew,Forum,2026-08-11T12:00:00Z
Ishaan Verma,Kabir Joshi,Telegram,2026-08-12T12:00:00Z
Zoya Merchant,Joseph Mathew,Email,2026-08-13T12:00:00Z
Ananya Bose,Sana Khan,Email,2026-08-14T12:00:00Z
Lakshmi Narayanan,Vikram Rao,Telegram,2026-08-15T12:00:00Z
Ananya Bose,Zoya Merchant,Forum,2026-08-16T12:00:00Z
Kabir Joshi,Meera Joshi,Forum,2026-08-17T12:00:00Z
Devendra Malik,Amit Sharma,Signal,2026-08-18T12:00:00Z
Ananya Bose,Meera Joshi,Signal,2026-08-19T12:00:00Z
Nandita Mukherjee,Priya Shah,Email,2026-08-20T12:00:00Z
Karan Iyer,Vikram Rao,Email,2026-08-21T12:00:00Z
Arjun Nair,Vikram Rao,Signal,2026-08-22T12:00:00Z
Joseph Mathew,Nandita Mukherjee,Signal,2026-08-23T12:00:00Z
Meera Joshi,Vikram Rao,Telegram,2026-08-24T12:00:00Z
Ramesh Kumar Sharma,Ananya Bose,Signal,2026-08-25T12:00:00Z
Suresh Chandrasekar,Farah Siddiqui,Forum,2026-08-26T12:00:00Z
Farah Siddiqui,Zoya Merchant,Signal,2026-08-27T12:00:00Z
Priya Shah,Meera Joshi,Forum,2026-08-28T12:00:00Z
Ishaan Verma,Zoya Merchant,Telegram,2026-08-10T12:00:00Z
Meera Joshi,Sana Khan,Email,2026-08-11T12:00:00Z
Devendra Malik,Neha Kapoor,Forum,2026-08-12T12:00:00Z
Kabir Joshi,Ramesh Kumar Sharma,Telegram,2026-08-13T12:00:00Z
Arjun Nair,Joseph Mathew,Signal,2026-08-14T12:00:00Z
Amit Sharma,Sana Khan,Forum,2026-08-15T12:00:00Z
Amit Sharma,Joseph Mathew,Signal,2026-08-16T12:00:00Z
Devendra Malik,Ravi Mehta,Telegram,2026-08-17T12:00:00Z
Ananya Bose,Imran Qureshi,Signal,2026-08-18T12:00:00Z
Imran Qureshi,Nandita Mukherjee,Forum,2026-08-19T12:00:00Z
Lakshmi Narayanan,Lakshmi Narayanan,Forum,2026-08-20T12:00:00Z
Joseph Mathew,Daniel Thomas,Telegram,2026-08-21T12:00:00Z
Vikram Rao,Ravi Mehta,Forum,2026-08-22T12:00:00Z
Joseph Mathew,Lakshmi Narayanan,Signal,2026-08-23T12:00:00Z
Daniel Thomas,Imran Qureshi,Telegram,2026-08-24T12:00:00Z
Maya Sen,Imran Qureshi,Email,2026-08-25T12:00:00Z
Suresh Chandrasekar,Priya Shah,Forum,2026-08-26T12:00:00Z
Ananya Bose,Zoya Merchant,Email,2026-08-27T12:00:00Z
Meera Joshi,Devendra Malik,Forum,2026-08-28T12:00:00Z
Harpreet Singh,Vikram Rao,Forum,2026-08-10T12:00:00Z
Ishaan Verma,Ravi Mehta,Forum,2026-08-11T12:00:00Z
Kabir Joshi,Harpreet Singh,Email,2026-08-12T12:00:00Z
Tara Desai,Ramesh Kumar Sharma,Email,2026-08-13T12:00:00Z
Devendra Malik,Priya Shah,Forum,2026-08-14T12:00:00Z
Ananya Bose,Ramesh Kumar Sharma,Email,2026-08-15T12:00:00Z
Harpreet Singh,Maya Sen,Signal,2026-08-16T12:00:00Z
Joseph Mathew,Suresh Chandrasekar,Telegram,2026-08-17T12:00:00Z
Imran Qureshi,Arjun Nair,Forum,2026-08-18T12:00:00Z
Daniel Thomas,Maya Sen,Forum,2026-08-19T12:00:00Z
Ananya Bose,Daniel Thomas,Email,2026-08-20T12:00:00Z
Amit Sharma,Ravi Mehta,Telegram,2026-08-21T12:00:00Z
Kabir Joshi,Tara Desai,Telegram,2026-08-22T12:00:00Z
Joseph Mathew,Priya Shah,Signal,2026-08-23T12:00:00Z
Vikram Rao,Farah Siddiqui,Telegram,2026-08-24T12:00:00Z
Ramesh Kumar Sharma,Suresh Chandrasekar,Telegram,2026-08-25T12:00:00Z
Ravi Mehta,Sana Khan,Telegram,2026-08-26T12:00:00Z
Zoya Merchant,Ramesh Kumar Sharma,Email,2026-08-27T12:00:00Z
Ishaan Verma,Vikram Rao,Email,2026-08-28T12:00:00Z
Devendra Malik,Karan Iyer,Telegram,2026-08-10T12:00:00Z
Amit Sharma,Suresh Chandrasekar,Signal,2026-08-11T12:00:00Z
Devendra Malik,Joseph Mathew,Email,2026-08-12T12:00:00Z
Joseph Mathew,Joseph Mathew,Signal,2026-08-13T12:00:00Z
Zoya Merchant,Ramesh Kumar Sharma,Telegram,2026-08-14T12:00:00Z
Tara Desai,Neha Kapoor,Forum,2026-08-15T12:00:00Z
Imran Qureshi,Tara Desai,Telegram,2026-08-16T12:00:00Z
Nandita Mukherjee,Priya Shah,Email,2026-08-17T12:00:00Z
Devendra Malik,Ramesh Kumar Sharma,Forum,2026-08-18T12:00:00Z
Ishaan Verma,Arjun Nair,Telegram,2026-08-19T12:00:00Z
Tara Desai,Lakshmi Narayanan,Telegram,2026-08-20T12:00:00Z
Ananya Bose,Joseph Mathew,Signal,2026-08-21T12:00:00Z
Ravi Mehta,Zoya Merchant,Email,2026-08-22T12:00:00Z
Sana Khan,Ramesh Kumar Sharma,Forum,2026-08-23T12:00:00Z
Suresh Chandrasekar,Sana Khan,Telegram,2026-08-24T12:00:00Z
Priya Shah,Ananya Bose,Forum,2026-08-25T12:00:00Z
Karan Iyer,Sana Khan,Email,2026-08-26T12:00:00Z
Priya Shah,Priya Shah,Email,2026-08-27T12:00:00Z
Lakshmi Narayanan,Ramesh Kumar Sharma,Telegram,2026-08-28T12:00:00Z
Joseph Mathew,Joseph Mathew,Telegram,2026-08-10T12:00:00Z
Devendra Malik,Priya Shah,Telegram,2026-08-11T12:00:00Z
Ananya Bose,Harpreet Singh,Telegram,2026-08-12T12:00:00Z
Vikram Rao,Tara Desai,Telegram,2026-08-13T12:00:00Z
Arjun Nair,Ravi Mehta,Telegram,2026-08-14T12:00:00Z
Karan Iyer,Lakshmi Narayanan,Forum,2026-08-15T12:00:00Z
Joseph Mathew,Zoya Merchant,Signal,2026-08-16T12:00:00Z
Amit Sharma,Meera Joshi,Email,2026-08-17T12:00:00Z
Priya Shah,Nandita Mukherjee,Telegram,2026-08-18T12:00:00Z
Maya Sen,Ravi Mehta,Telegram,2026-08-19T12:00:00Z
Zoya Merchant,Devendra Malik,Signal,2026-08-20T12:00:00Z
Maya Sen,Sana Khan,Telegram,2026-08-21T12:00:00Z
Karan Iyer,Joseph Mathew,Telegram,2026-08-22T12:00:00Z
Harpreet Singh,Arjun Nair,Telegram,2026-08-23T12:00:00Z
Meera Joshi,Maya Sen,Email,2026-08-24T12:00:00Z
Ramesh Kumar Sharma,Nandita Mukherjee,Signal,2026-08-25T12:00:00Z
Priya Shah,Ishaan Verma,Forum,2026-08-26T12:00:00Z
Meera Joshi,Nandita Mukherjee,Signal,2026-08-27T12:00:00Z
Maya Sen,Devendra Malik,Telegram,2026-08-28T12:00:00Z
Devendra Malik,Arjun Nair,Email,2026-08-10T12:00:00Z
Joseph Mathew,Harpreet Singh,Signal,2026-08-11T12:00:00Z
Ananya Bose,Farah Siddiqui,Forum,2026-08-12T12:00:00Z
Meera Joshi,Amit Sharma,Forum,2026-08-13T12:00:00Z
Kabir Joshi,Ishaan Verma,Email,2026-08-14T12:00:00Z
Kabir Joshi,Kabir Joshi,Telegram,2026-08-15T12:00:00Z
Arjun Nair,Ishaan Verma,Forum,2026-08-16T12:00:00Z
Harpreet Singh,Lakshmi Narayanan,Telegram,2026-08-17T12:00:00Z
Devendra Malik,Suresh Chandrasekar,Telegram,2026-08-18T12:00:00Z
Farah Siddiqui,Kabir Joshi,Signal,2026-08-19T12:00:00Z
Tara Desai,Sana Khan,Telegram,2026-08-20T12:00:00Z
Nandita Mukherjee,Devendra Malik,Telegram,2026-08-21T12:00:00Z
Nandita Mukherjee,Suresh Chandrasekar,Forum,2026-08-22T12:00:00Z
Imran Qureshi,Imran Qureshi,Email,2026-08-23T12:00:00Z
Suresh Chandrasekar,Sana Khan,Email,2026-08-24T12:00:00Z
Zoya Merchant,Priya Shah,Telegram,2026-08-25T12:00:00Z
Nandita Mukherjee,Daniel Thomas,Signal,2026-08-26T12:00:00Z
Karan Iyer,Suresh Chandrasekar,Forum,2026-08-27T12:00:00Z
Suresh Chandrasekar,Suresh Chandrasekar,Forum,2026-08-28T12:00:00Z
Harpreet Singh,Harpreet Singh,Telegram,2026-08-10T12:00:00Z
Harpreet Singh,Sana Khan,Signal,2026-08-11T12:00:00Z
Lakshmi Narayanan,Ishaan Verma,Signal,2026-08-12T12:00:00Z
Karan Iyer,Vikram Rao,Signal,2026-08-13T12:00:00Z
Suresh Chandrasekar,Imran Qureshi,Email,2026-08-14T12:00:00Z
Joseph Mathew,Daniel Thomas,Forum,2026-08-15T12:00:00Z
Ishaan Verma,Ishaan Verma,Signal,2026-08-16T12:00:00Z
Harpreet Singh,Harpreet Singh,Signal,2026-08-17T12:00:00Z
Priya Shah,Tara Desai,Signal,2026-08-18T12:00:00Z
Ramesh Kumar Sharma,Farah Siddiqui,Forum,2026-08-19T12:00:00Z
Zoya Merchant,Nandita Mukherjee,Forum,2026-08-20T12:00:00Z
Nandita Mukherjee,Harpreet Singh,Signal,2026-08-21T12:00:00Z
Ramesh Kumar Sharma,Nandita Mukherjee,Forum,2026-08-22T12:00:00Z
Karan Iyer,Kabir Joshi,Forum,2026-08-23T12:00:00Z
Farah Siddiqui,Ananya Bose,Signal,2026-08-24T12:00:00Z
Kabir Joshi,Daniel Thomas,Forum,2026-08-25T12:00:00Z
Karan Iyer,Priya Shah,Email,2026-08-26T12:00:00Z
Zoya Merchant,Suresh Chandrasekar,Signal,2026-08-27T12:00:00Z
Zoya Merchant,Amit Sharma,Telegram,2026-08-28T12:00:00Z
Imran Qureshi,Tara Desai,Telegram,2026-08-10T12:00:00Z
Kabir Joshi,Priya Shah,Forum,2026-08-11T12:00:00Z
Ramesh Kumar Sharma,Vikram Rao,Telegram,2026-08-12T12:00:00Z
Arjun Nair,Tara Desai,Email,2026-08-13T12:00:00Z
Daniel Thomas,Joseph Mathew,Forum,2026-08-14T12:00:00Z
Karan Iyer,Harpreet Singh,Forum,2026-08-15T12:00:00Z
Kabir Joshi,Sana Khan,Forum,2026-08-16T12:00:00Z
Karan Iyer,Suresh Chandrasekar,Email,2026-08-17T12:00:00Z
Suresh Chandrasekar,Tara Desai,Email,2026-08-18T12:00:00Z
Amit Sharma,Sana Khan,Email,2026-08-19T12:00:00Z
Tara Desai,Zoya Merchant,Email,2026-08-20T12:00:00Z
Farah Siddiqui,Ishaan Verma,Forum,2026-08-21T12:00:00Z
Joseph Mathew,Harpreet Singh,Email,2026-08-22T12:00:00Z
Sana Khan,Neha Kapoor,Forum,2026-08-23T12:00:00Z
Ravi Mehta,Imran Qureshi,Forum,2026-08-24T12:00:00Z
Sana Khan,Ravi Mehta,Signal,2026-08-25T12:00:00Z
Priya Shah,Zoya Merchant,Signal,2026-08-26T12:00:00Z
Amit Sharma,Harpreet Singh,Telegram,2026-08-27T12:00:00Z
Zoya Merchant,Devendra Malik,Telegram,2026-08-28T12:00:00Z
Ramesh Kumar Sharma,Harpreet Singh,Forum,2026-08-10T12:00:00Z
Karan Iyer,Harpreet Singh,Telegram,2026-08-11T12:00:00Z
Ishaan Verma,Zoya Merchant,Forum,2026-08-12T12:00:00Z
Harpreet Singh,Devendra Malik,Telegram,2026-08-13T12:00:00Z
Zoya Merchant,Lakshmi Narayanan,Telegram,2026-08-14T12:00:00Z
Vikram Rao,Zoya Merchant,Telegram,2026-08-15T12:00:00Z
Kabir Joshi,Imran Qureshi,Forum,2026-08-16T12:00:00Z
Maya Sen,Daniel Thomas,Telegram,2026-08-17T12:00:00Z
Suresh Chandrasekar,Neha Kapoor,Forum,2026-08-18T12:00:00Z
Harpreet Singh,Ramesh Kumar Sharma,Signal,2026-08-19T12:00:00Z
Arjun Nair,Daniel Thomas,Signal,2026-08-20T12:00:00Z
Ravi Mehta,Suresh Chandrasekar,Signal,2026-08-21T12:00:00Z
Kabir Joshi,Meera Joshi,Forum,2026-08-22T12:00:00Z
Ramesh Kumar Sharma,Zoya Merchant,Signal,2026-08-23T12:00:00Z
Zoya Merchant,Devendra Malik,Telegram,2026-08-24T12:00:00Z
Zoya Merchant,Priya Shah,Forum,2026-08-25T12:00:00Z
Kabir Joshi,Kabir Joshi,Forum,2026-08-26T12:00:00Z
Joseph Mathew,Joseph Mathew,Telegram,2026-08-27T12:00:00Z
Harpreet Singh,Ananya Bose,Email,2026-08-28T12:00:00Z
Suresh Chandrasekar,Ishaan Verma,Email,2026-08-10T12:00:00Z
Neha Kapoor,Ananya Bose,Forum,2026-08-11T12:00:00Z
Ravi Mehta,Suresh Chandrasekar,Signal,2026-08-12T12:00:00Z
Suresh Chandrasekar,Sana Khan,Forum,2026-08-13T12:00:00Z
Arjun Nair,Farah Siddiqui,Email,2026-08-14T12:00:00Z
Joseph Mathew,Lakshmi Narayanan,Email,2026-08-15T12:00:00Z
Nandita Mukherjee,Meera Joshi,Signal,2026-08-16T12:00:00Z
Amit Sharma,Kabir Joshi,Email,2026-08-17T12:00:00Z
Joseph Mathew,Ananya Bose,Telegram,2026-08-18T12:00:00Z
Lakshmi Narayanan,Maya Sen,Forum,2026-08-19T12:00:00Z
Farah Siddiqui,Daniel Thomas,Email,2026-08-20T12:00:00Z
Maya Sen,Ananya Bose,Telegram,2026-08-21T12:00:00Z
Lakshmi Narayanan,Karan Iyer,Forum,2026-08-22T12:00:00Z
Joseph Mathew,Meera Joshi,Signal,2026-08-23T12:00:00Z
Zoya Merchant,Joseph Mathew,Email,2026-08-24T12:00:00Z
Priya Shah,Imran Qureshi,Signal,2026-08-25T12:00:00Z
Harpreet Singh,Tara Desai,Forum,2026-08-26T12:00:00Z
Farah Siddiqui,Ishaan Verma,Signal,2026-08-27T12:00:00Z
Meera Joshi,Sana Khan,Forum,2026-08-28T12:00:00Z
Meera Joshi,Kabir Joshi,Forum,2026-08-10T12:00:00Z
Devendra Malik,Neha Kapoor,Telegram,2026-08-11T12:00:00Z
Devendra Malik,Maya Sen,Telegram,2026-08-12T12:00:00Z
Maya Sen,Ishaan Verma,Signal,2026-08-13T12:00:00Z
Suresh Chandrasekar,Ramesh Kumar Sharma,Email,2026-08-14T12:00:00Z
Suresh Chandrasekar,Sana Khan,Signal,2026-08-15T12:00:00Z
Ramesh Kumar Sharma,Vikram Rao,Email,2026-08-16T12:00:00Z
Ravi Mehta,Priya Shah,Telegram,2026-08-17T12:00:00Z
Ravi Mehta,Imran Qureshi,Forum,2026-08-18T12:00:00Z
Maya Sen,Ramesh Kumar Sharma,Telegram,2026-08-19T12:00:00Z
Maya Sen,Karan Iyer,Email,2026-08-20T12:00:00Z
Joseph Mathew,Karan Iyer,Email,2026-08-21T12:00:00Z
Maya Sen,Imran Qureshi,Forum,2026-08-22T12:00:00Z
Suresh Chandrasekar,Tara Desai,Telegram,2026-08-23T12:00:00Z
Arjun Nair,Vikram Rao,Signal,2026-08-24T12:00:00Z
Harpreet Singh,Ishaan Verma,Forum,2026-08-25T12:00:00Z
Ravi Mehta,Karan Iyer,Forum,2026-08-26T12:00:00Z
Neha Kapoor,Amit Sharma,Signal,2026-08-27T12:00:00Z
Sana Khan,Tara Desai,Email,2026-08-28T12:00:00Z
Farah Siddiqui,Suresh Chandrasekar,Email,2026-08-10T12:00:00Z
Ramesh Kumar Sharma,Farah Siddiqui,Signal,2026-08-11T12:00:00Z
Kabir Joshi,Daniel Thomas,Signal,2026-08-12T12:00:00Z
Sana Khan,Ananya Bose,Forum,2026-08-13T12:00:00Z
Maya Sen,Devendra Malik,Email,2026-08-14T12:00:00Z
Devendra Malik,Farah Siddiqui,Signal,2026-08-15T12:00:00Z
Harpreet Singh,Zoya Merchant,Signal,2026-08-16T12:00:00Z
Farah Siddiqui,Neha Kapoor,Telegram,2026-08-17T12:00:00Z
Vikram Rao,Arjun Nair,Email,2026-08-18T12:00:00Z
Ravi Mehta,Joseph Mathew,Telegram,2026-08-19T12:00:00Z
Zoya Merchant,Daniel Thomas,Forum,2026-08-20T12:00:00Z
Lakshmi Narayanan,Tara Desai,Email,2026-08-21T12:00:00Z
Meera Joshi,Farah Siddiqui,Signal,2026-08-22T12:00:00Z
Nandita Mukherjee,Daniel Thomas,Signal,2026-08-23T12:00:00Z
Ravi Mehta,Kabir Joshi,Signal,2026-08-24T12:00:00Z
Tara Desai,Imran Qureshi,Telegram,2026-08-25T12:00:00Z
Sana Khan,Sana Khan,Email,2026-08-26T12:00:00Z
Priya Shah,Meera Joshi,Forum,2026-08-27T12:00:00Z
Lakshmi Narayanan,Lakshmi Narayanan,Forum,2026-08-28T12:00:00Z
Amit Sharma,Arjun Nair,Telegram,2026-08-10T12:00:00Z
Imran Qureshi,Tara Desai,Email,2026-08-11T12:00:00Z
Zoya Merchant,Amit Sharma,Signal,2026-08-12T12:00:00Z
Vikram Rao,Daniel Thomas,Email,2026-08-13T12:00:00Z
Ananya Bose,Sana Khan,Signal,2026-08-14T12:00:00Z
Arjun Nair,Amit Sharma,Signal,2026-08-15T12:00:00Z
Vikram Rao,Kabir Joshi,Email,2026-08-16T12:00:00Z
Devendra Malik,Arjun Nair,Signal,2026-08-17T12:00:00Z
Ishaan Verma,Meera Joshi,Signal,2026-08-18T12:00:00Z
Ramesh Kumar Sharma,Zoya Merchant,Signal,2026-08-19T12:00:00Z
Suresh Chandrasekar,Kabir Joshi,Signal,2026-08-20T12:00:00Z
Sana Khan,Ramesh Kumar Sharma,Email,2026-08-21T12:00:00Z
Ravi Mehta,Ishaan Verma,Email,2026-08-22T12:00:00Z
Arjun Nair,Daniel Thomas,Signal,2026-08-23T12:00:00Z
Harpreet Singh,Zoya Merchant,Telegram,2026-08-24T12:00:00Z
Daniel Thomas,Farah Siddiqui,Forum,2026-08-25T12:00:00Z
Neha Kapoor,Imran Qureshi,Forum,2026-08-26T12:00:00Z
Harpreet Singh,Ananya Bose,Signal,2026-08-27T12:00:00Z
Ananya Bose,Amit Sharma,Signal,2026-08-28T12:00:00Z
Nandita Mukherjee,Kabir Joshi,Telegram,2026-08-10T12:00:00Z
Suresh Chandrasekar,Sana Khan,Telegram,2026-08-11T12:00:00Z
Joseph Mathew,Meera Joshi,Email,2026-08-12T12:00:00Z
Amit Sharma,Ananya Bose,Signal,2026-08-13T12:00:00Z
Suresh Chandrasekar,Farah Siddiqui,Signal,2026-08-14T12:00:00Z
Priya Shah,Daniel Thomas,Telegram,2026-08-15T12:00:00Z
Sana Khan,Priya Shah,Signal,2026-08-16T12:00:00Z
Joseph Mathew,Sana Khan,Email,2026-08-17T12:00:00Z
Daniel Thomas,Ishaan Verma,Telegram,2026-08-18T12:00:00Z
Priya Shah,Ravi Mehta,Email,2026-08-19T12:00:00Z
Ravi Mehta,Harpreet Singh,Signal,2026-08-20T12:00:00Z
Sana Khan,Ananya Bose,Signal,2026-08-21T12:00:00Z
Ananya Bose,Ananya Bose,Email,2026-08-22T12:00:00Z
Imran Qureshi,Meera Joshi,Email,2026-08-23T12:00:00Z
Ramesh Kumar Sharma,Priya Shah,Forum,2026-08-24T12:00:00Z
Maya Sen,Meera Joshi,Signal,2026-08-25T12:00:00Z
Ramesh Kumar Sharma,Ramesh Kumar Sharma,Signal,2026-08-26T12:00:00Z
Neha Kapoor,Lakshmi Narayanan,Telegram,2026-08-27T12:00:00Z
Farah Siddiqui,Zoya Merchant,Telegram,2026-08-28T12:00:00Z
Zoya Merchant,Ravi Mehta,Telegram,2026-08-10T12:00:00Z
Ravi Mehta,Ramesh Kumar Sharma,Email,2026-08-11T12:00:00Z
Neha Kapoor,Farah Siddiqui,Email,2026-08-12T12:00:00Z
Ananya Bose,Harpreet Singh,Signal,2026-08-13T12:00:00Z
Vikram Rao,Arjun Nair,Signal,2026-08-14T12:00:00Z
Meera Joshi,Farah Siddiqui,Signal,2026-08-15T12:00:00Z
Nandita Mukherjee,Neha Kapoor,Signal,2026-08-16T12:00:00Z
Arjun Nair,Harpreet Singh,Telegram,2026-08-17T12:00:00Z
Harpreet Singh,Lakshmi Narayanan,Telegram,2026-08-18T12:00:00Z
Harpreet Singh,Suresh Chandrasekar,Telegram,2026-08-19T12:00:00Z
Sana Khan,Ravi Mehta,Telegram,2026-08-20T12:00:00Z
Tara Desai,Ishaan Verma,Forum,2026-08-21T12:00:00Z
Daniel Thomas,Zoya Merchant,Telegram,2026-08-22T12:00:00Z
Ravi Mehta,Farah Siddiqui,Telegram,2026-08-23T12:00:00Z
Karan Iyer,Arjun Nair,Email,2026-08-24T12:00:00Z
Harpreet Singh,Tara Desai,Forum,2026-08-25T12:00:00Z
Meera Joshi,Harpreet Singh,Signal,2026-08-26T12:00:00Z
Amit Sharma,Daniel Thomas,Forum,2026-08-27T12:00:00Z
Nandita Mukherjee,Arjun Nair,Forum,2026-08-28T12:00:00Z
Meera Joshi,Ravi Mehta,Email,2026-08-10T12:00:00Z
Ishaan Verma,Amit Sharma,Email,2026-08-11T12:00:00Z
Vikram Rao,Neha Kapoor,Signal,2026-08-12T12:00:00Z
Priya Shah,Joseph Mathew,Signal,2026-08-13T12:00:00Z
Sana Khan,Farah Siddiqui,Signal,2026-08-14T12:00:00Z
Imran Qureshi,Arjun Nair,Forum,2026-08-15T12:00:00Z
Maya Sen,Joseph Mathew,Signal,2026-08-16T12:00:00Z
Lakshmi Narayanan,Meera Joshi,Signal,2026-08-17T12:00:00Z
Maya Sen,Maya Sen,Forum,2026-08-18T12:00:00Z
Ravi Mehta,Meera Joshi,Signal,2026-08-19T12:00:00Z
Lakshmi Narayanan,Suresh Chandrasekar,Forum,2026-08-20T12:00:00Z
Arjun Nair,Maya Sen,Signal,2026-08-21T12:00:00Z
Joseph Mathew,Meera Joshi,Telegram,2026-08-22T12:00:00Z
Maya Sen,Farah Siddiqui,Email,2026-08-23T12:00:00Z
Maya Sen,Maya Sen,Email,2026-08-24T12:00:00Z
Amit Sharma,Ramesh Kumar Sharma,Signal,2026-08-25T12:00:00Z
Daniel Thomas,Harpreet Singh,Email,2026-08-26T12:00:00Z
Imran Qureshi,Ravi Mehta,Forum,2026-08-27T12:00:00Z
Priya Shah,Lakshmi Narayanan,Forum,2026-08-28T12:00:00Z
Maya Sen,Tara Desai,Forum,2026-08-10T12:00:00Z
Farah Siddiqui,Suresh Chandrasekar,Telegram,2026-08-11T12:00:00Z
Harpreet Singh,Suresh Chandrasekar,Email,2026-08-12T12:00:00Z
Daniel Thomas,Nandita Mukherjee,Signal,2026-08-13T12:00:00Z
Ananya Bose,Maya Sen,Telegram,2026-08-14T12:00:00Z
Suresh Chandrasekar,Maya Sen,Signal,2026-08-15T12:00:00Z
Kabir Joshi,Priya Shah,Signal,2026-08-16T12:00:00Z
Kabir Joshi,Suresh Chandrasekar,Email,2026-08-17T12:00:00Z
Devendra Malik,Nandita Mukherjee,Forum,2026-08-18T12:00:00Z
Farah Siddiqui,Vikram Rao,Email,2026-08-19T12:00:00Z
Sana Khan,Harpreet Singh,Email,2026-08-20T12:00:00Z
Devendra Malik,Ramesh Kumar Sharma,Forum,2026-08-21T12:00:00Z
Suresh Chandrasekar,Neha Kapoor,Email,2026-08-22T12:00:00Z
Sana Khan,Ravi Mehta,Signal,2026-08-23T12:00:00Z
Ramesh Kumar Sharma,Kabir Joshi,Forum,2026-08-24T12:00:00Z
Priya Shah,Imran Qureshi,Forum,2026-08-25T12:00:00Z
Arjun Nair,Ananya Bose,Email,2026-08-26T12:00:00Z
Harpreet Singh,Lakshmi Narayanan,Forum,2026-08-27T12:00:00Z
Imran Qureshi,Tara Desai,Signal,2026-08-28T12:00:00Z
Priya Shah,Harpreet Singh,Forum,2026-08-10T12:00:00Z
Priya Shah,Suresh Chandrasekar,Forum,2026-08-11T12:00:00Z
Ramesh Kumar Sharma,Neha Kapoor,Signal,2026-08-12T12:00:00Z
Joseph Mathew,Ramesh Kumar Sharma,Forum,2026-08-13T12:00:00Z
Priya Shah,Joseph Mathew,Forum,2026-08-14T12:00:00Z
Farah Siddiqui,Amit Sharma,Telegram,2026-08-15T12:00:00Z
Kabir Joshi,Suresh Chandrasekar,Telegram,2026-08-16T12:00:00Z
Maya Sen,Ramesh Kumar Sharma,Forum,2026-08-17T12:00:00Z
Ananya Bose,Nandita Mukherjee,Signal,2026-08-18T12:00:00Z
Arjun Nair,Ramesh Kumar Sharma,Email,2026-08-19T12:00:00Z
Ramesh Kumar Sharma,Vikram Rao,Forum,2026-08-20T12:00:00Z
Zoya Merchant,Ananya Bose,Email,2026-08-21T12:00:00Z
Ravi Mehta,Vikram Rao,Signal,2026-08-22T12:00:00Z
Ishaan Verma,Ananya Bose,Telegram,2026-08-23T12:00:00Z
Sana Khan,Neha Kapoor,Telegram,2026-08-24T12:00:00Z
Tara Desai,Priya Shah,Email,2026-08-25T12:00:00Z
Vikram Rao,Sana Khan,Email,2026-08-26T12:00:00Z
Priya Shah,Tara Desai,Forum,2026-08-27T12:00:00Z
Ravi Mehta,Amit Sharma,Email,2026-08-28T12:00:00Z
Zoya Merchant,Imran Qureshi,Email,2026-08-10T12:00:00Z
Suresh Chandrasekar,Ramesh Kumar Sharma,Signal,2026-08-11T12:00:00Z
Devendra Malik,Vikram Rao,Signal,2026-08-12T12:00:00Z
Ishaan Verma,Ravi Mehta,Email,2026-08-13T12:00:00Z
Joseph Mathew,Priya Shah,Signal,2026-08-14T12:00:00Z
Nandita Mukherjee,Ishaan Verma,Telegram,2026-08-15T12:00:00Z
Tara Desai,Sana Khan,Signal,2026-08-16T12:00:00Z
Sana Khan,Zoya Merchant,Signal,2026-08-17T12:00:00Z
Imran Qureshi,Maya Sen,Email,2026-08-18T12:00:00Z
Farah Siddiqui,Amit Sharma,Email,2026-08-19T12:00:00Z
Suresh Chandrasekar,Suresh Chandrasekar,Telegram,2026-08-20T12:00:00Z
Kabir Joshi,Harpreet Singh,Telegram,2026-08-21T12:00:00Z
Karan Iyer,Priya Shah,Telegram,2026-08-22T12:00:00Z
Zoya Merchant,Lakshmi Narayanan,Signal,2026-08-23T12:00:00Z
Amit Sharma,Suresh Chandrasekar,Signal,2026-08-24T12:00:00Z
Priya Shah,Daniel Thomas,Email,2026-08-25T12:00:00Z
Maya Sen,Zoya Merchant,Telegram,2026-08-26T12:00:00Z
Zoya Merchant,Arjun Nair,Email,2026-08-27T12:00:00Z
Lakshmi Narayanan,Nandita Mukherjee,Signal,2026-08-28T12:00:00Z
Maya Sen,Amit Sharma,Forum,2026-08-10T12:00:00Z
Imran Qureshi,Karan Iyer,Email,2026-08-11T12:00:00Z
Lakshmi Narayanan,Sana Khan,Forum,2026-08-12T12:00:00Z
Ananya Bose,Daniel Thomas,Telegram,2026-08-13T12:00:00Z
Lakshmi Narayanan,Kabir Joshi,Signal,2026-08-14T12:00:00Z
Joseph Mathew,Priya Shah,Signal,2026-08-15T12:00:00Z
Arjun Nair,Farah Siddiqui,Telegram,2026-08-16T12:00:00Z
Karan Iyer,Neha Kapoor,Telegram,2026-08-17T12:00:00Z
Ananya Bose,Suresh Chandrasekar,Signal,2026-08-18T12:00:00Z
Imran Qureshi,Arjun Nair,Signal,2026-08-19T12:00:00Z
Ravi Mehta,Harpreet Singh,Forum,2026-08-20T12:00:00Z
Priya Shah,Kabir Joshi,Telegram,2026-08-21T12:00:00Z
Farah Siddiqui,Ishaan Verma,Forum,2026-08-22T12:00:00Z
Imran Qureshi,Joseph Mathew,Forum,2026-08-23T12:00:00Z
Sana Khan,Harpreet Singh,Email,2026-08-24T12:00:00Z
Ishaan Verma,Imran Qureshi,Forum,2026-08-25T12:00:00Z
Devendra Malik,Kabir Joshi,Email,2026-08-26T12:00:00Z
Priya Shah,Farah Siddiqui,Telegram,2026-08-27T12:00:00Z
Joseph Mathew,Lakshmi Narayanan,Email,2026-08-28T12:00:00Z
Imran Qureshi,Imran Qureshi,Telegram,2026-08-10T12:00:00Z
Sana Khan,Zoya Merchant,Forum,2026-08-11T12:00:00Z
Nandita Mukherjee,Priya Shah,Email,2026-08-12T12:00:00Z
Kabir Joshi,Kabir Joshi,Telegram,2026-08-13T12:00:00Z
Priya Shah,Nandita Mukherjee,Email,2026-08-14T12:00:00Z
Sana Khan,Tara Desai,Signal,2026-08-15T12:00:00Z
Neha Kapoor,Devendra Malik,Telegram,2026-08-16T12:00:00Z
Meera Joshi,Amit Sharma,Email,2026-08-17T12:00:00Z
Ravi Mehta,Karan Iyer,Email,2026-08-18T12:00:00Z
Tara Desai,Ishaan Verma,Telegram,2026-08-19T12:00:00Z
Meera Joshi,Zoya Merchant,Telegram,2026-08-20T12:00:00Z
Imran Qureshi,Ananya Bose,Telegram,2026-08-21T12:00:00Z
Amit Sharma,Maya Sen,Forum,2026-08-22T12:00:00Z
Ramesh Kumar Sharma,Ananya Bose,Forum,2026-08-23T12:00:00Z
Ramesh Kumar Sharma,Ramesh Kumar Sharma,Signal,2026-08-24T12:00:00Z
Meera Joshi,Priya Shah,Forum,2026-08-25T12:00:00Z
Kabir Joshi,Tara Desai,Forum,2026-08-26T12:00:00Z
Neha Kapoor,Zoya Merchant,Telegram,2026-08-27T12:00:00Z
Ravi Mehta,Nandita Mukherjee,Forum,2026-08-28T12:00:00Z
Tara Desai,Sana Khan,Signal,2026-08-10T12:00:00Z
Harpreet Singh,Sana Khan,Forum,2026-08-11T12:00:00Z
Meera Joshi,Ishaan Verma,Telegram,2026-08-12T12:00:00Z
Arjun Nair,Ishaan Verma,Telegram,2026-08-13T12:00:00Z
Ramesh Kumar Sharma,Priya Shah,Signal,2026-08-14T12:00:00Z
Harpreet Singh,Nandita Mukherjee,Signal,2026-08-15T12:00:00Z
Ananya Bose,Kabir Joshi,Signal,2026-08-16T12:00:00Z
Maya Sen,Maya Sen,Telegram,2026-08-17T12:00:00Z
Amit Sharma,Nandita Mukherjee,Signal,2026-08-18T12:00:00Z
Amit Sharma,Ramesh Kumar Sharma,Signal,2026-08-19T12:00:00Z
Maya Sen,Kabir Joshi,Email,2026-08-20T12:00:00Z
Priya Shah,Daniel Thomas,Forum,2026-08-21T12:00:00Z
Kabir Joshi,Ishaan Verma,Forum,2026-08-22T12:00:00Z
Kabir Joshi,Maya Sen,Telegram,2026-08-23T12:00:00Z
Sana Khan,Neha Kapoor,Forum,2026-08-24T12:00:00Z
Arjun Nair,Arjun Nair,Email,2026-08-25T12:00:00Z
Karan Iyer,Karan Iyer,Telegram,2026-08-26T12:00:00Z
Maya Sen,Daniel Thomas,Forum,2026-08-27T12:00:00Z
Vikram Rao,Suresh Chandrasekar,Forum,2026-08-28T12:00:00Z
Suresh Chandrasekar,Devendra Malik,Signal,2026-08-10T12:00:00Z
Neha Kapoor,Amit Sharma,Signal,2026-08-11T12:00:00Z
Zoya Merchant,Sana Khan,Email,2026-08-12T12:00:00Z
Karan Iyer,Kabir Joshi,Email,2026-08-13T12:00:00Z
Suresh Chandrasekar,Suresh Chandrasekar,Forum,2026-08-14T12:00:00Z
Ishaan Verma,Zoya Merchant,Email,2026-08-15T12:00:00Z
Meera Joshi,Lakshmi Narayanan,Forum,2026-08-16T12:00:00Z
Nandita Mukherjee,Neha Kapoor,Signal,2026-08-17T12:00:00Z
Ananya Bose,Imran Qureshi,Forum,2026-08-18T12:00:00Z
Ravi Mehta,Lakshmi Narayanan,Telegram,2026-08-19T12:00:00Z
Arjun Nair,Ishaan Verma,Telegram,2026-08-20T12:00:00Z
Ananya Bose,Suresh Chandrasekar,Email,2026-08-21T12:00:00Z
Sana Khan,Devendra Malik,Forum,2026-08-22T12:00:00Z
Karan Iyer,Imran Qureshi,Telegram,2026-08-23T12:00:00Z
Ananya Bose,Kabir Joshi,Signal,2026-08-24T12:00:00Z
Sana Khan,Sana Khan,Signal,2026-08-25T12:00:00Z
Vikram Rao,Vikram Rao,Telegram,2026-08-26T12:00:00Z
Karan Iyer,Suresh Chandrasekar,Email,2026-08-27T12:00:00Z
Maya Sen,Meera Joshi,Signal,2026-08-28T12:00:00Z
Devendra Malik,Amit Sharma,Email,2026-08-10T12:00:00Z
Devendra Malik,Sana Khan,Signal,2026-08-11T12:00:00Z
Kabir Joshi,Zoya Merchant,Telegram,2026-08-12T12:00:00Z
Ramesh Kumar Sharma,Meera Joshi,Forum,2026-08-13T12:00:00Z
Kabir Joshi,Devendra Malik,Forum,2026-08-14T12:00:00Z
Zoya Merchant,Ananya Bose,Email,2026-08-15T12:00:00Z
Amit Sharma,Devendra Malik,Signal,2026-08-16T12:00:00Z
Karan Iyer,Ramesh Kumar Sharma,Forum,2026-08-17T12:00:00Z
Farah Siddiqui,Joseph Mathew,Email,2026-08-18T12:00:00Z
Ramesh Kumar Sharma,Amit Sharma,Signal,2026-08-19T12:00:00Z
Harpreet Singh,Devendra Malik,Forum,2026-08-20T12:00:00Z
Lakshmi Narayanan,Priya Shah,Telegram,2026-08-21T12:00:00Z
Meera Joshi,Priya Shah,Signal,2026-08-22T12:00:00Z
Vikram Rao,Harpreet Singh,Telegram,2026-08-23T12:00:00Z
Arjun Nair,Daniel Thomas,Telegram,2026-08-24T12:00:00Z
Imran Qureshi,Farah Siddiqui,Telegram,2026-08-25T12:00:00Z
Ananya Bose,Meera Joshi,Email,2026-08-26T12:00:00Z
Joseph Mathew,Devendra Malik,Telegram,2026-08-27T12:00:00Z
Farah Siddiqui,Maya Sen,Telegram,2026-08-28T12:00:00Z
Suresh Chandrasekar,Sana Khan,Telegram,2026-08-10T12:00:00Z
Amit Sharma,Kabir Joshi,Email,2026-08-11T12:00:00Z
Nandita Mukherjee,Daniel Thomas,Forum,2026-08-12T12:00:00Z
Daniel Thomas,Vikram Rao,Signal,2026-08-13T12:00:00Z
Ramesh Kumar Sharma,Ramesh Kumar Sharma,Forum,2026-08-14T12:00:00Z
Ravi Mehta,Maya Sen,Email,2026-08-15T12:00:00Z
Karan Iyer,Arjun Nair,Telegram,2026-08-16T12:00:00Z
Sana Khan,Maya Sen,Email,2026-08-17T12:00:00Z
Sana Khan,Tara Desai,Email,2026-08-18T12:00:00Z
Daniel Thomas,Meera Joshi,Signal,2026-08-19T12:00:00Z
Arjun Nair,Imran Qureshi,Email,2026-08-20T12:00:00Z
Farah Siddiqui,Ishaan Verma,Signal,2026-08-21T12:00:00Z
Priya Shah,Maya Sen,Telegram,2026-08-22T12:00:00Z
Arjun Nair,Amit Sharma,Forum,2026-08-23T12:00:00Z
Zoya Merchant,Karan Iyer,Forum,2026-08-24T12:00:00Z
Meera Joshi,Harpreet Singh,Signal,2026-08-25T12:00:00Z
Ananya Bose,Joseph Mathew,Signal,2026-08-26T12:00:00Z
Kabir Joshi,Meera Joshi,Telegram,2026-08-27T12:00:00Z
Ramesh Kumar Sharma,Maya Sen,Signal,2026-08-28T12:00:00Z
Neha Kapoor,Lakshmi Narayanan,Forum,2026-08-10T12:00:00Z
Zoya Merchant,Tara Desai,Email,2026-08-11T12:00:00Z
Ishaan Verma,Zoya Merchant,Email,2026-08-12T12:00:00Z
Daniel Thomas,Maya Sen,Telegram,2026-08-13T12:00:00Z
Neha Kapoor,Suresh Chandrasekar,Telegram,2026-08-14T12:00:00Z
Ananya Bose,Daniel Thomas,Telegram,2026-08-15T12:00:00Z
Arjun Nair,Sana Khan,Forum,2026-08-16T12:00:00Z
Sana Khan,Lakshmi Narayanan,Forum,2026-08-17T12:00:00Z
Tara Desai,Daniel Thomas,Forum,2026-08-18T12:00:00Z
Vikram Rao,Ananya Bose,Forum,2026-08-19T12:00:00Z
Devendra Malik,Farah Siddiqui,Forum,2026-08-20T12:00:00Z
Ananya Bose,Ananya Bose,Email,2026-08-21T12:00:00Z
Daniel Thomas,Sana Khan,Email,2026-08-22T12:00:00Z
Meera Joshi,Farah Siddiqui,Signal,2026-08-23T12:00:00Z
Sana Khan,Joseph Mathew,Email,2026-08-24T12:00:00Z
Neha Kapoor,Ananya Bose,Email,2026-08-25T12:00:00Z
Suresh Chandrasekar,Neha Kapoor,Email,2026-08-26T12:00:00Z
Karan Iyer,Joseph Mathew,Signal,2026-08-27T12:00:00Z
Meera Joshi,Nandita Mukherjee,Email,2026-08-28T12:00:00Z
Vikram Rao,Farah Siddiqui,Forum,2026-08-10T12:00:00Z
Priya Shah,Sana Khan,Telegram,2026-08-11T12:00:00Z
Suresh Chandrasekar,Suresh Chandrasekar,Signal,2026-08-12T12:00:00Z
Harpreet Singh,Ananya Bose,Forum,2026-08-13T12:00:00Z
Arjun Nair,Ishaan Verma,Signal,2026-08-14T12:00:00Z
Ravi Mehta,Arjun Nair,Signal,2026-08-15T12:00:00Z
Neha Kapoor,Karan Iyer,Signal,2026-08-16T12:00:00Z
Tara Desai,Kabir Joshi,Signal,2026-08-17T12:00:00Z
Kabir Joshi,Kabir Joshi,Telegram,2026-08-18T12:00:00Z
Zoya Merchant,Sana Khan,Forum,2026-08-19T12:00:00Z
Maya Sen,Ananya Bose,Telegram,2026-08-20T12:00:00Z
Joseph Mathew,Neha Kapoor,Email,2026-08-21T12:00:00Z
Daniel Thomas,Suresh Chandrasekar,Signal,2026-08-22T12:00:00Z
Neha Kapoor,Amit Sharma,Forum,2026-08-23T12:00:00Z
Arjun Nair,Ramesh Kumar Sharma,Email,2026-08-24T12:00:00Z
Devendra Malik,Lakshmi Narayanan,Signal,2026-08-25T12:00:00Z
Kabir Joshi,Nandita Mukherjee,Signal,2026-08-26T12:00:00Z
Tara Desai,Ananya Bose,Telegram,2026-08-27T12:00:00Z
Imran Qureshi,Harpreet Singh,Signal,2026-08-28T12:00:00Z
Ramesh Kumar Sharma,Devendra Malik,Forum,2026-08-10T12:00:00Z
Devendra Malik,Harpreet Singh,Telegram,2026-08-11T12:00:00Z
Ramesh Kumar Sharma,Devendra Malik,Telegram,2026-08-12T12:00:00Z
Ravi Mehta,Daniel Thomas,Forum,2026-08-13T12:00:00Z
Arjun Nair,Ravi Mehta,Telegram,2026-08-14T12:00:00Z
Joseph Mathew,Sana Khan,Forum,2026-08-15T12:00:00Z
Vikram Rao,Farah Siddiqui,Email,2026-08-16T12:00:00Z
Karan Iyer,Harpreet Singh,Telegram,2026-08-17T12:00:00Z
Ravi Mehta,Ishaan Verma,Forum,2026-08-18T12:00:00Z
Daniel Thomas,Daniel Thomas,Forum,2026-08-19T12:00:00Z
Vikram Rao,Maya Sen,Email,2026-08-20T12:00:00Z
Suresh Chandrasekar,Ananya Bose,Signal,2026-08-21T12:00:00Z
Harpreet Singh,Joseph Mathew,Email,2026-08-22T12:00:00Z
Ishaan Verma,Harpreet Singh,Forum,2026-08-23T12:00:00Z
Suresh Chandrasekar,Sana Khan,Telegram,2026-08-24T12:00:00Z
Joseph Mathew,Ananya Bose,Forum,2026-08-25T12:00:00Z
Amit Sharma,Arjun Nair,Signal,2026-08-26T12:00:00Z
Harpreet Singh,Tara Desai,Email,2026-08-27T12:00:00Z
Harpreet Singh,Suresh Chandrasekar,Signal,2026-08-28T12:00:00Z
Devendra Malik,Harpreet Singh,Forum,2026-08-10T12:00:00Z
Sana Khan,Nandita Mukherjee,Telegram,2026-08-11T12:00:00Z
Zoya Merchant,Farah Siddiqui,Signal,2026-08-12T12:00:00Z
Daniel Thomas,Farah Siddiqui,Email,2026-08-13T12:00:00Z
Farah Siddiqui,Imran Qureshi,Forum,2026-08-14T12:00:00Z
Joseph Mathew,Neha Kapoor,Signal,2026-08-15T12:00:00Z
Joseph Mathew,Imran Qureshi,Email,2026-08-16T12:00:00Z
Harpreet Singh,Suresh Chandrasekar,Forum,2026-08-17T12:00:00Z
Sana Khan,Ishaan Verma,Forum,2026-08-18T12:00:00Z
Ananya Bose,Daniel Thomas,Email,2026-08-19T12:00:00Z
Sana Khan,Lakshmi Narayanan,Telegram,2026-08-20T12:00:00Z
Farah Siddiqui,Maya Sen,Email,2026-08-21T12:00:00Z
Ananya Bose,Ravi Mehta,Telegram,2026-08-22T12:00:00Z
Ramesh Kumar Sharma,Sana Khan,Telegram,2026-08-23T12:00:00Z
Ananya Bose,Ramesh Kumar Sharma,Forum,2026-08-24T12:00:00Z
Harpreet Singh,Farah Siddiqui,Email,2026-08-25T12:00:00Z
Suresh Chandrasekar,Ramesh Kumar Sharma,Email,2026-08-26T12:00:00Z
Zoya Merchant,Tara Desai,Forum,2026-08-27T12:00:00Z
Nandita Mukherjee,Zoya Merchant,Forum,2026-08-28T12:00:00Z
Ramesh Kumar Sharma,Suresh Chandrasekar,Email,2026-08-10T12:00:00Z
Daniel Thomas,Nandita Mukherjee,Email,2026-08-11T12:00:00Z
Devendra Malik,Zoya Merchant,Signal,2026-08-12T12:00:00Z
Ishaan Verma,Ishaan Verma,Telegram,2026-08-13T12:00:00Z
Maya Sen,Devendra Malik,Email,2026-08-14T12:00:00Z
Tara Desai,Nandita Mukherjee,Signal,2026-08-15T12:00:00Z
Lakshmi Narayanan,Nandita Mukherjee,Telegram,2026-08-16T12:00:00Z
Maya Sen,Amit Sharma,Email,2026-08-17T12:00:00Z
Karan Iyer,Devendra Malik,Forum,2026-08-18T12:00:00Z
Vikram Rao,Suresh Chandrasekar,Signal,2026-08-19T12:00:00Z
Meera Joshi,Zoya Merchant,Email,2026-08-20T12:00:00Z
Harpreet Singh,Zoya Merchant,Forum,2026-08-21T12:00:00Z
Tara Desai,Karan Iyer,Email,2026-08-22T12:00:00Z
Tara Desai,Amit Sharma,Telegram,2026-08-23T12:00:00Z
Devendra Malik,Ishaan Verma,Email,2026-08-24T12:00:00Z
Meera Joshi,Ravi Mehta,Forum,2026-08-25T12:00:00Z
Imran Qureshi,Amit Sharma,Email,2026-08-26T12:00:00Z
Karan Iyer,Meera Joshi,Telegram,2026-08-27T12:00:00Z
Sana Khan,Zoya Merchant,Email,2026-08-28T12:00:00Z
Ramesh Kumar Sharma,Daniel Thomas,Telegram,2026-08-10T12:00:00Z
Vikram Rao,Zoya Merchant,Signal,2026-08-11T12:00:00Z
Karan Iyer,Farah Siddiqui,Forum,2026-08-12T12:00:00Z
Kabir Joshi,Zoya Merchant,Signal,2026-08-13T12:00:00Z
Lakshmi Narayanan,Maya Sen,Signal,2026-08-14T12:00:00Z
Ananya Bose,Karan Iyer,Forum,2026-08-15T12:00:00Z
Sana Khan,Ravi Mehta,Email,2026-08-16T12:00:00Z
Neha Kapoor,Ishaan Verma,Signal,2026-08-17T12:00:00Z
Zoya Merchant,Ramesh Kumar Sharma,Telegram,2026-08-18T12:00:00Z
Vikram Rao,Lakshmi Narayanan,Email,2026-08-19T12:00:00Z
Amit Sharma,Tara Desai,Signal,2026-08-20T12:00:00Z
Ravi Mehta,Zoya Merchant,Telegram,2026-08-21T12:00:00Z
Farah Siddiqui,Ishaan Verma,Telegram,2026-08-22T12:00:00Z
Meera Joshi,Devendra Malik,Forum,2026-08-23T12:00:00Z
Sana Khan,Sana Khan,Email,2026-08-24T12:00:00Z
Ramesh Kumar Sharma,Devendra Malik,Email,2026-08-25T12:00:00Z
Nandita Mukherjee,Farah Siddiqui,Email,2026-08-26T12:00:00Z
Lakshmi Narayanan,Ramesh Kumar Sharma,Forum,2026-08-27T12:00:00Z
Zoya Merchant,Ravi Mehta,Telegram,2026-08-28T12:00:00Z
Sana Khan,Priya Shah,Forum,2026-08-10T12:00:00Z
Sana Khan,Daniel Thomas,Forum,2026-08-11T12:00:00Z
Maya Sen,Arjun Nair,Email,2026-08-12T12:00:00Z
Suresh Chandrasekar,Priya Shah,Signal,2026-08-13T12:00:00Z
Lakshmi Narayanan,Joseph Mathew,Email,2026-08-14T12:00:00Z
Neha Kapoor,Ravi Mehta,Signal,2026-08-15T12:00:00Z
Amit Sharma,Vikram Rao,Forum,2026-08-16T12:00:00Z
Farah Siddiqui,Ravi Mehta,Forum,2026-08-17T12:00:00Z
Meera Joshi,Arjun Nair,Email,2026-08-18T12:00:00Z
Arjun Nair,Ramesh Kumar Sharma,Email,2026-08-19T12:00:00Z
Imran Qureshi,Maya Sen,Forum,2026-08-20T12:00:00Z
Ananya Bose,Daniel Thomas,Forum,2026-08-21T12:00:00Z
Sana Khan,Imran Qureshi,Telegram,2026-08-22T12:00:00Z
Karan Iyer,Amit Sharma,Forum,2026-08-23T12:00:00Z
Neha Kapoor,Maya Sen,Email,2026-08-24T12:00:00Z
Sana Khan,Tara Desai,Forum,2026-08-25T12:00:00Z
Nandita Mukherjee,Ishaan Verma,Email,2026-08-26T12:00:00Z
Lakshmi Narayanan,Ananya Bose,Telegram,2026-08-27T12:00:00Z
Tara Desai,Amit Sharma,Email,2026-08-28T12:00:00Z
Harpreet Singh,Joseph Mathew,Telegram,2026-08-10T12:00:00Z
Farah Siddiqui,Ravi Mehta,Telegram,2026-08-11T12:00:00Z
Joseph Mathew,Devendra Malik,Signal,2026-08-12T12:00:00Z
Zoya Merchant,Ramesh Kumar Sharma,Forum,2026-08-13T12:00:00Z
Tara Desai,Farah Siddiqui,Forum,2026-08-14T12:00:00Z
Ravi Mehta,Ananya Bose,Signal,2026-08-15T12:00:00Z
Nandita Mukherjee,Lakshmi Narayanan,Signal,2026-08-16T12:00:00Z
Vikram Rao,Suresh Chandrasekar,Telegram,2026-08-17T12:00:00Z
Karan Iyer,Zoya Merchant,Forum,2026-08-18T12:00:00Z
Arjun Nair,Sana Khan,Signal,2026-08-19T12:00:00Z
Priya Shah,Sana Khan,Forum,2026-08-20T12:00:00Z
Devendra Malik,Maya Sen,Email,2026-08-21T12:00:00Z
Suresh Chandrasekar,Nandita Mukherjee,Email,2026-08-22T12:00:00Z
Harpreet Singh,Arjun Nair,Telegram,2026-08-23T12:00:00Z
Karan Iyer,Ananya Bose,Forum,2026-08-24T12:00:00Z
Imran Qureshi,Devendra Malik,Signal,2026-08-25T12:00:00Z
Tara Desai,Lakshmi Narayanan,Signal,2026-08-26T12:00:00Z
Ananya Bose,Daniel Thomas,Signal,2026-08-27T12:00:00Z
Joseph Mathew,Ravi Mehta,Forum,2026-08-28T12:00:00Z
Nandita Mukherjee,Ishaan Verma,Signal,2026-08-10T12:00:00Z
Amit Sharma,Farah Siddiqui,Email,2026-08-11T12:00:00Z
Ravi Mehta,Ananya Bose,Signal,2026-08-12T12:00:00Z
Devendra Malik,Imran Qureshi,Telegram,2026-08-13T12:00:00Z
Joseph Mathew,Meera Joshi,Email,2026-08-14T12:00:00Z
Devendra Malik,Imran Qureshi,Email,2026-08-15T12:00:00Z
Imran Qureshi,Sana Khan,Signal,2026-08-16T12:00:00Z
Karan Iyer,Maya Sen,Email,2026-08-17T12:00:00Z
Devendra Malik,Sana Khan,Forum,2026-08-18T12:00:00Z
Tara Desai,Harpreet Singh,Email,2026-08-19T12:00:00Z
Lakshmi Narayanan,Harpreet Singh,Signal,2026-08-20T12:00:00Z
Kabir Joshi,Maya Sen,Telegram,2026-08-21T12:00:00Z
Ananya Bose,Vikram Rao,Signal,2026-08-22T12:00:00Z
Suresh Chandrasekar,Amit Sharma,Telegram,2026-08-23T12:00:00Z
Arjun Nair,Devendra Malik,Telegram,2026-08-24T12:00:00Z
Harpreet Singh,Ramesh Kumar Sharma,Email,2026-08-25T12:00:00Z
Karan Iyer,Zoya Merchant,Signal,2026-08-26T12:00:00Z
Farah Siddiqui,Ananya Bose,Email,2026-08-27T12:00:00Z
Zoya Merchant,Suresh Chandrasekar,Email,2026-08-28T12:00:00Z
Maya Sen,Maya Sen,Signal,2026-08-10T12:00:00Z
Meera Joshi,Meera Joshi,Email,2026-08-11T12:00:00Z
Zoya Merchant,Daniel Thomas,Telegram,2026-08-12T12:00:00Z
Amit Sharma,Sana Khan,Telegram,2026-08-13T12:00:00Z
Nandita Mukherjee,Ravi Mehta,Forum,2026-08-14T12:00:00Z
Nandita Mukherjee,Ishaan Verma,Forum,2026-08-15T12:00:00Z
Amit Sharma,Lakshmi Narayanan,Email,2026-08-16T12:00:00Z
Priya Shah,Farah Siddiqui,Signal,2026-08-17T12:00:00Z
Arjun Nair,Zoya Merchant,Email,2026-08-18T12:00:00Z
Vikram Rao,Sana Khan,Signal,2026-08-19T12:00:00Z
Priya Shah,Suresh Chandrasekar,Forum,2026-08-20T12:00:00Z
Ramesh Kumar Sharma,Sana Khan,Telegram,2026-08-21T12:00:00Z
Amit Sharma,Suresh Chandrasekar,Telegram,2026-08-22T12:00:00Z
Karan Iyer,Ishaan Verma,Forum,2026-08-23T12:00:00Z
Ishaan Verma,Maya Sen,Signal,2026-08-24T12:00:00Z
Karan Iyer,Amit Sharma,Forum,2026-08-25T12:00:00Z
Suresh Chandrasekar,Nandita Mukherjee,Signal,2026-08-26T12:00:00Z
Ishaan Verma,Maya Sen,Signal,2026-08-27T12:00:00Z
Vikram Rao,Harpreet Singh,Forum,2026-08-28T12:00:00Z
Sana Khan,Vikram Rao,Signal,2026-08-10T12:00:00Z
Arjun Nair,Priya Shah,Email,2026-08-11T12:00:00Z
Sana Khan,Neha Kapoor,Email,2026-08-12T12:00:00Z
Amit Sharma,Amit Sharma,Email,2026-08-13T12:00:00Z
Priya Shah,Sana Khan,Signal,2026-08-14T12:00:00Z
Harpreet Singh,Meera Joshi,Telegram,2026-08-15T12:00:00Z
Lakshmi Narayanan,Ravi Mehta,Forum,2026-08-16T12:00:00Z
Imran Qureshi,Priya Shah,Signal,2026-08-17T12:00:00Z
Kabir Joshi,Imran Qureshi,Signal,2026-08-18T12:00:00Z
Lakshmi Narayanan,Ravi Mehta,Telegram,2026-08-19T12:00:00Z
Ravi Mehta,Ishaan Verma,Email,2026-08-20T12:00:00Z
Imran Qureshi,Kabir Joshi,Forum,2026-08-21T12:00:00Z
Sana Khan,Imran Qureshi,Email,2026-08-22T12:00:00Z
Devendra Malik,Joseph Mathew,Forum,2026-08-23T12:00:00Z
Suresh Chandrasekar,Devendra Malik,Telegram,2026-08-24T12:00:00Z
Daniel Thomas,Imran Qureshi,Telegram,2026-08-25T12:00:00Z
Maya Sen,Lakshmi Narayanan,Email,2026-08-26T12:00:00Z
Nandita Mukherjee,Harpreet Singh,Email,2026-08-27T12:00:00Z
Karan Iyer,Imran Qureshi,Signal,2026-08-28T12:00:00Z
Ishaan Verma,Neha Kapoor,Telegram,2026-08-10T12:00:00Z
Ananya Bose,Priya Shah,Telegram,2026-08-11T12:00:00Z
Joseph Mathew,Imran Qureshi,Telegram,2026-08-12T12:00:00Z
Farah Siddiqui,Maya Sen,Telegram,2026-08-13T12:00:00Z
Daniel Thomas,Ishaan Verma,Signal,2026-08-14T12:00:00Z
Imran Qureshi,Tara Desai,Telegram,2026-08-15T12:00:00Z
Ishaan Verma,Ishaan Verma,Forum,2026-08-16T12:00:00Z
Harpreet Singh,Farah Siddiqui,Signal,2026-08-17T12:00:00Z
Tara Desai,Tara Desai,Signal,2026-08-18T12:00:00Z
Karan Iyer,Ravi Mehta,Signal,2026-08-19T12:00:00Z
Daniel Thomas,Farah Siddiqui,Email,2026-08-20T12:00:00Z
Kabir Joshi,Maya Sen,Forum,2026-08-21T12:00:00Z
Ramesh Kumar Sharma,Arjun Nair,Email,2026-08-22T12:00:00Z
Amit Sharma,Lakshmi Narayanan,Email,2026-08-23T12:00:00Z
Imran Qureshi,Meera Joshi,Email,2026-08-24T12:00:00Z
Daniel Thomas,Zoya Merchant,Signal,2026-08-25T12:00:00Z
Lakshmi Narayanan,Tara Desai,Signal,2026-08-26T12:00:00Z
Imran Qureshi,Daniel Thomas,Telegram,2026-08-27T12:00:00Z
Nandita Mukherjee,Maya Sen,Email,2026-08-28T12:00:00Z
Farah Siddiqui,Lakshmi Narayanan,Email,2026-08-10T12:00:00Z
Ravi Mehta,Karan Iyer,Email,2026-08-11T12:00:00Z
Amit Sharma,Devendra Malik,Forum,2026-08-12T12:00:00Z
Suresh Chandrasekar,Ishaan Verma,Email,2026-08-13T12:00:00Z
Ishaan Verma,Suresh Chandrasekar,Telegram,2026-08-14T12:00:00Z
Ishaan Verma,Tara Desai,Signal,2026-08-15T12:00:00Z
Ravi Mehta,Imran Qureshi,Telegram,2026-08-16T12:00:00Z
Harpreet Singh,Priya Shah,Forum,2026-08-17T12:00:00Z
Devendra Malik,Joseph Mathew,Email,2026-08-18T12:00:00Z
Kabir Joshi,Devendra Malik,Forum,2026-08-19T12:00:00Z
Nandita Mukherjee,Ananya Bose,Forum,2026-08-20T12:00:00Z
Maya Sen,Ishaan Verma,Telegram,2026-08-21T12:00:00Z
Ishaan Verma,Kabir Joshi,Signal,2026-08-22T12:00:00Z
Priya Shah,Sana Khan,Forum,2026-08-23T12:00:00Z
Priya Shah,Kabir Joshi,Telegram,2026-08-24T12:00:00Z
Ananya Bose,Suresh Chandrasekar,Forum,2026-08-25T12:00:00Z
Suresh Chandrasekar,Ravi Mehta,Signal,2026-08-26T12:00:00Z
Ananya Bose,Ravi Mehta,Email,2026-08-27T12:00:00Z
Tara Desai,Ishaan Verma,Email,2026-08-28T12:00:00Z
Meera Joshi,Kabir Joshi,Forum,2026-08-10T12:00:00Z
Devendra Malik,Maya Sen,Signal,2026-08-11T12:00:00Z
Farah Siddiqui,Farah Siddiqui,Telegram,2026-08-12T12:00:00Z
Sana Khan,Harpreet Singh,Email,2026-08-13T12:00:00Z
Farah Siddiqui,Harpreet Singh,Forum,2026-08-14T12:00:00Z
Arjun Nair,Priya Shah,Email,2026-08-15T12:00:00Z
Ishaan Verma,Daniel Thomas,Telegram,2026-08-16T12:00:00Z
Tara Desai,Amit Sharma,Telegram,2026-08-17T12:00:00Z
Joseph Mathew,Devendra Malik,Forum,2026-08-18T12:00:00Z
Devendra Malik,Maya Sen,Signal,2026-08-19T12:00:00Z
Ramesh Kumar Sharma,Kabir Joshi,Signal,2026-08-20T12:00:00Z
Priya Shah,Joseph Mathew,Telegram,2026-08-21T12:00:00Z
Ananya Bose,Priya Shah,Forum,2026-08-22T12:00:00Z
Ramesh Kumar Sharma,Ishaan Verma,Telegram,2026-08-23T12:00:00Z
Neha Kapoor,Kabir Joshi,Email,2026-08-24T12:00:00Z
Arjun Nair,Lakshmi Narayanan,Telegram,2026-08-25T12:00:00Z
Maya Sen,Arjun Nair,Forum,2026-08-26T12:00:00Z
Nandita Mukherjee,Ravi Mehta,Signal,2026-08-27T12:00:00Z
Tara Desai,Kabir Joshi,Email,2026-08-28T12:00:00Z
Tara Desai,Meera Joshi,Telegram,2026-08-10T12:00:00Z
Kabir Joshi,Ishaan Verma,Email,2026-08-11T12:00:00Z
Suresh Chandrasekar,Tara Desai,Email,2026-08-12T12:00:00Z
Farah Siddiqui,Vikram Rao,Signal,2026-08-13T12:00:00Z
Farah Siddiqui,Meera Joshi,Telegram,2026-08-14T12:00:00Z
Sana Khan,Ishaan Verma,Forum,2026-08-15T12:00:00Z
Lakshmi Narayanan,Joseph Mathew,Forum,2026-08-16T12:00:00Z
Farah Siddiqui,Imran Qureshi,Signal,2026-08-17T12:00:00Z
Meera Joshi,Suresh Chandrasekar,Email,2026-08-18T12:00:00Z
Joseph Mathew,Amit Sharma,Email,2026-08-19T12:00:00Z
Zoya Merchant,Daniel Thomas,Signal,2026-08-20T12:00:00Z
Amit Sharma,Imran Qureshi,Forum,2026-08-21T12:00:00Z
Joseph Mathew,Lakshmi Narayanan,Signal,2026-08-22T12:00:00Z
Kabir Joshi,Sana Khan,Signal,2026-08-23T12:00:00Z
Ananya Bose,Neha Kapoor,Email,2026-08-24T12:00:00Z
Tara Desai,Harpreet Singh,Forum,2026-08-25T12:00:00Z
Meera Joshi,Tara Desai,Telegram,2026-08-26T12:00:00Z
Neha Kapoor,Nandita Mukherjee,Forum,2026-08-27T12:00:00Z
Daniel Thomas,Karan Iyer,Telegram,2026-08-28T12:00:00Z
Ramesh Kumar Sharma,Meera Joshi,Forum,2026-08-10T12:00:00Z
Ravi Mehta,Joseph Mathew,Telegram,2026-08-11T12:00:00Z
Neha Kapoor,Harpreet Singh,Forum,2026-08-12T12:00:00Z
Ravi Mehta,Imran Qureshi,Email,2026-08-13T12:00:00Z
Nandita Mukherjee,Harpreet Singh,Signal,2026-08-14T12:00:00Z
Neha Kapoor,Ravi Mehta,Email,2026-08-15T12:00:00Z
Ishaan Verma,Joseph Mathew,Telegram,2026-08-16T12:00:00Z
Suresh Chandrasekar,Neha Kapoor,Signal,2026-08-17T12:00:00Z
Arjun Nair,Ishaan Verma,Telegram,2026-08-18T12:00:00Z
Vikram Rao,Ravi Mehta,Telegram,2026-08-19T12:00:00Z
Ramesh Kumar Sharma,Kabir Joshi,Signal,2026-08-20T12:00:00Z
Ravi Mehta,Suresh Chandrasekar,Telegram,2026-08-21T12:00:00Z
Harpreet Singh,Harpreet Singh,Telegram,2026-08-22T12:00:00Z
Lakshmi Narayanan,Sana Khan,Forum,2026-08-23T12:00:00Z
Karan Iyer,Ananya Bose,Signal,2026-08-24T12:00:00Z
Vikram Rao,Amit Sharma,Telegram,2026-08-25T12:00:00Z
Meera Joshi,Meera Joshi,Forum,2026-08-26T12:00:00Z
Imran Qureshi,Vikram Rao,Signal,2026-08-27T12:00:00Z
Meera Joshi,Meera Joshi,Telegram,2026-08-28T12:00:00Z
Imran Qureshi,Kabir Joshi,Email,2026-08-10T12:00:00Z
Devendra Malik,Imran Qureshi,Signal,2026-08-11T12:00:00Z
Joseph Mathew,Joseph Mathew,Forum,2026-08-12T12:00:00Z
Joseph Mathew,Devendra Malik,Forum,2026-08-13T12:00:00Z
Ramesh Kumar Sharma,Karan Iyer,Email,2026-08-14T12:00:00Z
Priya Shah,Zoya Merchant,Signal,2026-08-15T12:00:00Z
Meera Joshi,Karan Iyer,Email,2026-08-16T12:00:00Z
Imran Qureshi,Lakshmi Narayanan,Signal,2026-08-17T12:00:00Z
Vikram Rao,Kabir Joshi,Telegram,2026-08-18T12:00:00Z
Zoya Merchant,Joseph Mathew,Forum,2026-08-19T12:00:00Z
Farah Siddiqui,Kabir Joshi,Forum,2026-08-20T12:00:00Z
Maya Sen,Priya Shah,Forum,2026-08-21T12:00:00Z
Kabir Joshi,Maya Sen,Signal,2026-08-22T12:00:00Z
Maya Sen,Devendra Malik,Telegram,2026-08-23T12:00:00Z
Joseph Mathew,Harpreet Singh,Telegram,2026-08-24T12:00:00Z
Joseph Mathew,Ananya Bose,Forum,2026-08-25T12:00:00Z
Farah Siddiqui,Karan Iyer,Forum,2026-08-26T12:00:00Z
Suresh Chandrasekar,Nandita Mukherjee,Email,2026-08-27T12:00:00Z
Imran Qureshi,Neha Kapoor,Forum,2026-08-28T12:00:00Z
Devendra Malik,Kabir Joshi,Email,2026-08-10T12:00:00Z
Suresh Chandrasekar,Daniel Thomas,Telegram,2026-08-11T12:00:00Z
Kabir Joshi,Ramesh Kumar Sharma,Forum,2026-08-12T12:00:00Z
Harpreet Singh,Neha Kapoor,Email,2026-08-13T12:00:00Z
Maya Sen,Ramesh Kumar Sharma,Telegram,2026-08-14T12:00:00Z
Daniel Thomas,Suresh Chandrasekar,Email,2026-08-15T12:00:00Z
Karan Iyer,Neha Kapoor,Email,2026-08-16T12:00:00Z
Tara Desai,Farah Siddiqui,Forum,2026-08-17T12:00:00Z
Kabir Joshi,Nandita Mukherjee,Telegram,2026-08-18T12:00:00Z
Sana Khan,Suresh Chandrasekar,Email,2026-08-19T12:00:00Z
Amit Sharma,Priya Shah,Forum,2026-08-20T12:00:00Z
Daniel Thomas,Joseph Mathew,Signal,2026-08-21T12:00:00Z
Meera Joshi,Daniel Thomas,Forum,2026-08-22T12:00:00Z
Maya Sen,Joseph Mathew,Forum,2026-08-23T12:00:00Z
Ramesh Kumar Sharma,Farah Siddiqui,Signal,2026-08-24T12:00:00Z
Arjun Nair,Harpreet Singh,Telegram,2026-08-25T12:00:00Z
Priya Shah,Daniel Thomas,Telegram,2026-08-26T12:00:00Z
Karan Iyer,Harpreet Singh,Telegram,2026-08-27T12:00:00Z
Maya Sen,Ramesh Kumar Sharma,Forum,2026-08-28T12:00:00Z
Priya Shah,Vikram Rao,Signal,2026-08-10T12:00:00Z
Karan Iyer,Devendra Malik,Telegram,2026-08-11T12:00:00Z
Karan Iyer,Ananya Bose,Email,2026-08-12T12:00:00Z
Ravi Mehta,Ramesh Kumar Sharma,Signal,2026-08-13T12:00:00Z
Sana Khan,Imran Qureshi,Forum,2026-08-14T12:00:00Z
Ananya Bose,Kabir Joshi,Email,2026-08-15T12:00:00Z
Ananya Bose,Imran Qureshi,Telegram,2026-08-16T12:00:00Z
Ravi Mehta,Maya Sen,Email,2026-08-17T12:00:00Z
Tara Desai,Daniel Thomas,Forum,2026-08-18T12:00:00Z
Harpreet Singh,Tara Desai,Forum,2026-08-19T12:00:00Z
Harpreet Singh,Ramesh Kumar Sharma,Email,2026-08-20T12:00:00Z
Devendra Malik,Imran Qureshi,Forum,2026-08-21T12:00:00Z
Meera Joshi,Harpreet Singh,Signal,2026-08-22T12:00:00Z
Ravi Mehta,Ishaan Verma,Email,2026-08-23T12:00:00Z
Neha Kapoor,Zoya Merchant,Telegram,2026-08-24T12:00:00Z
Ramesh Kumar Sharma,Nandita Mukherjee,Forum,2026-08-25T12:00:00Z
Nandita Mukherjee,Farah Siddiqui,Email,2026-08-26T12:00:00Z
Nandita Mukherjee,Maya Sen,Email,2026-08-27T12:00:00Z
Sana Khan,Farah Siddiqui,Telegram,2026-08-28T12:00:00Z
Vikram Rao,Devendra Malik,Signal,2026-08-10T12:00:00Z
Ishaan Verma,Farah Siddiqui,Signal,2026-08-11T12:00:00Z
Maya Sen,Farah Siddiqui,Email,2026-08-12T12:00:00Z
Sana Khan,Maya Sen,Email,2026-08-13T12:00:00Z
Vikram Rao,Ravi Mehta,Signal,2026-08-14T12:00:00Z
Kabir Joshi,Priya Shah,Signal,2026-08-15T12:00:00Z
Harpreet Singh,Imran Qureshi,Forum,2026-08-16T12:00:00Z
Devendra Malik,Maya Sen,Forum,2026-08-17T12:00:00Z
Lakshmi Narayanan,Arjun Nair,Email,2026-08-18T12:00:00Z
Priya Shah,Ravi Mehta,Telegram,2026-08-19T12:00:00Z
Tara Desai,Neha Kapoor,Signal,2026-08-20T12:00:00Z
Daniel Thomas,Imran Qureshi,Email,2026-08-21T12:00:00Z
Harpreet Singh,Harpreet Singh,Signal,2026-08-22T12:00:00Z
Tara Desai,Farah Siddiqui,Email,2026-08-23T12:00:00Z
Nandita Mukherjee,Arjun Nair,Telegram,2026-08-24T12:00:00Z
Karan Iyer,Tara Desai,Email,2026-08-25T12:00:00Z
Ravi Mehta,Meera Joshi,Signal,2026-08-26T12:00:00Z
Nandita Mukherjee,Maya Sen,Telegram,2026-08-27T12:00:00Z
Vikram Rao,Vikram Rao,Forum,2026-08-28T12:00:00Z
Farah Siddiqui,Farah Siddiqui,Telegram,2026-08-10T12:00:00Z
Vikram Rao,Ananya Bose,Signal,2026-08-11T12:00:00Z
Joseph Mathew,Maya Sen,Telegram,2026-08-12T12:00:00Z
Sana Khan,Sana Khan,Signal,2026-08-13T12:00:00Z
Amit Sharma,Ramesh Kumar Sharma,Signal,2026-08-14T12:00:00Z
Zoya Merchant,Imran Qureshi,Signal,2026-08-15T12:00:00Z
Zoya Merchant,Ananya Bose,Signal,2026-08-16T12:00:00Z
Ravi Mehta,Ishaan Verma,Telegram,2026-08-17T12:00:00Z
Priya Shah,Suresh Chandrasekar,Signal,2026-08-18T12:00:00Z
Imran Qureshi,Maya Sen,Email,2026-08-19T12:00:00Z
Devendra Malik,Nandita Mukherjee,Email,2026-08-20T12:00:00Z
Daniel Thomas,Joseph Mathew,Forum,2026-08-21T12:00:00Z
Ishaan Verma,Suresh Chandrasekar,Signal,2026-08-22T12:00:00Z
Tara Desai,Priya Shah,Forum,2026-08-23T12:00:00Z
Amit Sharma,Lakshmi Narayanan,Telegram,2026-08-24T12:00:00Z
Ishaan Verma,Suresh Chandrasekar,Forum,2026-08-25T12:00:00Z
Arjun Nair,Arjun Nair,Email,2026-08-26T12:00:00Z
Sana Khan,Tara Desai,Telegram,2026-08-27T12:00:00Z
Ravi Mehta,Kabir Joshi,Signal,2026-08-28T12:00:00Z
Nandita Mukherjee,Ananya Bose,Forum,2026-08-10T12:00:00Z
Zoya Merchant,Zoya Merchant,Email,2026-08-11T12:00:00Z
Arjun Nair,Karan Iyer,Signal,2026-08-12T12:00:00Z
Farah Siddiqui,Neha Kapoor,Signal,2026-08-13T12:00:00Z
Suresh Chandrasekar,Joseph Mathew,Telegram,2026-08-14T12:00:00Z
Priya Shah,Arjun Nair,Forum,2026-08-15T12:00:00Z
Meera Joshi,Daniel Thomas,Forum,2026-08-16T12:00:00Z
Kabir Joshi,Tara Desai,Telegram,2026-08-17T12:00:00Z
Devendra Malik,Arjun Nair,Email,2026-08-18T12:00:00Z
Devendra Malik,Karan Iyer,Telegram,2026-08-19T12:00:00Z
Ravi Mehta,Kabir Joshi,Telegram,2026-08-20T12:00:00Z
Neha Kapoor,Suresh Chandrasekar,Telegram,2026-08-21T12:00:00Z
Devendra Malik,Kabir Joshi,Telegram,2026-08-22T12:00:00Z
Neha Kapoor,Vikram Rao,Forum,2026-08-23T12:00:00Z
Farah Siddiqui,Farah Siddiqui,Email,2026-08-24T12:00:00Z
Ramesh Kumar Sharma,Ravi Mehta,Telegram,2026-08-25T12:00:00Z
Karan Iyer,Sana Khan,Forum,2026-08-26T12:00:00Z
Neha Kapoor,Farah Siddiqui,Email,2026-08-27T12:00:00Z
Tara Desai,Imran Qureshi,Signal,2026-08-28T12:00:00Z
Farah Siddiqui,Joseph Mathew,Telegram,2026-08-10T12:00:00Z
Maya Sen,Devendra Malik,Email,2026-08-11T12:00:00Z
Tara Desai,Tara Desai,Telegram,2026-08-12T12:00:00Z
Farah Siddiqui,Devendra Malik,Telegram,2026-08-13T12:00:00Z
Ravi Mehta,Harpreet Singh,Telegram,2026-08-14T12:00:00Z
Ramesh Kumar Sharma,Nandita Mukherjee,Forum,2026-08-15T12:00:00Z
Zoya Merchant,Ravi Mehta,Telegram,2026-08-16T12:00:00Z
Devendra Malik,Zoya Merchant,Email,2026-08-17T12:00:00Z
Arjun Nair,Amit Sharma,Signal,2026-08-18T12:00:00Z
Ishaan Verma,Zoya Merchant,Forum,2026-08-19T12:00:00Z
Meera Joshi,Ananya Bose,Signal,2026-08-20T12:00:00Z
Farah Siddiqui,Daniel Thomas,Signal,2026-08-21T12:00:00Z
Tara Desai,Devendra Malik,Signal,2026-08-22T12:00:00Z
Joseph Mathew,Neha Kapoor,Telegram,2026-08-23T12:00:00Z
Neha Kapoor,Lakshmi Narayanan,Signal,2026-08-24T12:00:00Z
Ramesh Kumar Sharma,Devendra Malik,Telegram,2026-08-25T12:00:00Z
Vikram Rao,Karan Iyer,Email,2026-08-26T12:00:00Z
Sana Khan,Daniel Thomas,Telegram,2026-08-27T12:00:00Z
Joseph Mathew,Lakshmi Narayanan,Telegram,2026-08-28T12:00:00Z
Amit Sharma,Nandita Mukherjee,Email,2026-08-10T12:00:00Z
Maya Sen,Imran Qureshi,Email,2026-08-11T12:00:00Z
Zoya Merchant,Daniel Thomas,Email,2026-08-12T12:00:00Z
Neha Kapoor,Farah Siddiqui,Email,2026-08-13T12:00:00Z
Ananya Bose,Ravi Mehta,Forum,2026-08-14T12:00:00Z
Daniel Thomas,Kabir Joshi,Telegram,2026-08-15T12:00:00Z
Priya Shah,Arjun Nair,Telegram,2026-08-16T12:00:00Z
Ravi Mehta,Priya Shah,Email,2026-08-17T12:00:00Z
Vikram Rao,Ramesh Kumar Sharma,Email,2026-08-18T12:00:00Z
Farah Siddiqui,Zoya Merchant,Email,2026-08-19T12:00:00Z
Nandita Mukherjee,Harpreet Singh,Email,2026-08-20T12:00:00Z
Zoya Merchant,Arjun Nair,Signal,2026-08-21T12:00:00Z
Priya Shah,Zoya Merchant,Signal,2026-08-22T12:00:00Z
Kabir Joshi,Neha Kapoor,Signal,2026-08-23T12:00:00Z
Tara Desai,Lakshmi Narayanan,Email,2026-08-24T12:00:00Z
Meera Joshi,Imran Qureshi,Signal,2026-08-25T12:00:00Z
Joseph Mathew,Tara Desai,Signal,2026-08-26T12:00:00Z
Ravi Mehta,Suresh Chandrasekar,Telegram,2026-08-27T12:00:00Z
Sana Khan,Kabir Joshi,Forum,2026-08-28T12:00:00Z
Joseph Mathew,Ishaan Verma,Telegram,2026-08-10T12:00:00Z
Karan Iyer,Farah Siddiqui,Telegram,2026-08-11T12:00:00Z
Joseph Mathew,Karan Iyer,Signal,2026-08-12T12:00:00Z
Tara Desai,Ananya Bose,Email,2026-08-13T12:00:00Z
Lakshmi Narayanan,Kabir Joshi,Telegram,2026-08-14T12:00:00Z
Devendra Malik,Lakshmi Narayanan,Signal,2026-08-15T12:00:00Z
Amit Sharma,Daniel Thomas,Email,2026-08-16T12:00:00Z
Arjun Nair,Ramesh Kumar Sharma,Email,2026-08-17T12:00:00Z
Karan Iyer,Devendra Malik,Forum,2026-08-18T12:00:00Z
Ravi Mehta,Nandita Mukherjee,Telegram,2026-08-19T12:00:00Z
Arjun Nair,Devendra Malik,Signal,2026-08-20T12:00:00Z
Zoya Merchant,Maya Sen,Forum,2026-08-21T12:00:00Z
Ravi Mehta,Arjun Nair,Telegram,2026-08-22T12:00:00Z
Tara Desai,Lakshmi Narayanan,Telegram,2026-08-23T12:00:00Z
Meera Joshi,Harpreet Singh,Telegram,2026-08-24T12:00:00Z
Sana Khan,Nandita Mukherjee,Forum,2026-08-25T12:00:00Z
Neha Kapoor,Devendra Malik,Email,2026-08-26T12:00:00Z
Ramesh Kumar Sharma,Imran Qureshi,Signal,2026-08-27T12:00:00Z
Devendra Malik,Ramesh Kumar Sharma,Forum,2026-08-28T12:00:00Z
Ishaan Verma,Ravi Mehta,Email,2026-08-10T12:00:00Z
Suresh Chandrasekar,Arjun Nair,Forum,2026-08-11T12:00:00Z
Zoya Merchant,Karan Iyer,Telegram,2026-08-12T12:00:00Z
Amit Sharma,Joseph Mathew,Signal,2026-08-13T12:00:00Z
Ravi Mehta,Harpreet Singh,Email,2026-08-14T12:00:00Z
Zoya Merchant,Ishaan Verma,Signal,2026-08-15T12:00:00Z
Joseph Mathew,Ramesh Kumar Sharma,Telegram,2026-08-16T12:00:00Z
Karan Iyer,Lakshmi Narayanan,Signal,2026-08-17T12:00:00Z
Ananya Bose,Daniel Thomas,Telegram,2026-08-18T12:00:00Z
Ramesh Kumar Sharma,Kabir Joshi,Forum,2026-08-19T12:00:00Z
Amit Sharma,Imran Qureshi,Email,2026-08-20T12:00:00Z
Zoya Merchant,Kabir Joshi,Signal,2026-08-21T12:00:00Z
Ramesh Kumar Sharma,Ishaan Verma,Email,2026-08-22T12:00:00Z
Ishaan Verma,Priya Shah,Email,2026-08-23T12:00:00Z
Daniel Thomas,Sana Khan,Email,2026-08-24T12:00:00Z
Devendra Malik,Amit Sharma,Forum,2026-08-25T12:00:00Z
Ramesh Kumar Sharma,Ishaan Verma,Signal,2026-08-26T12:00:00Z
Daniel Thomas,Maya Sen,Forum,2026-08-27T12:00:00Z
Vikram Rao,Amit Sharma,Forum,2026-08-28T12:00:00Z
Meera Joshi,Nandita Mukherjee,Email,2026-08-10T12:00:00Z
Farah Siddiqui,Priya Shah,Telegram,2026-08-11T12:00:00Z
Devendra Malik,Arjun Nair,Telegram,2026-08-12T12:00:00Z
Farah Siddiqui,Amit Sharma,Telegram,2026-08-13T12:00:00Z
Nandita Mukherjee,Harpreet Singh,Forum,2026-08-14T12:00:00Z
Zoya Merchant,Neha Kapoor,Signal,2026-08-15T12:00:00Z
Meera Joshi,Farah Siddiqui,Signal,2026-08-16T12:00:00Z
Zoya Merchant,Arjun Nair,Signal,2026-08-17T12:00:00Z
Suresh Chandrasekar,Karan Iyer,Forum,2026-08-18T12:00:00Z
Amit Sharma,Daniel Thomas,Signal,2026-08-19T12:00:00Z
Daniel Thomas,Maya Sen,Signal,2026-08-20T12:00:00Z
Meera Joshi,Neha Kapoor,Forum,2026-08-21T12:00:00Z
Ravi Mehta,Ravi Mehta,Telegram,2026-08-22T12:00:00Z
Priya Shah,Ananya Bose,Forum,2026-08-23T12:00:00Z
Harpreet Singh,Vikram Rao,Signal,2026-08-24T12:00:00Z
Ishaan Verma,Harpreet Singh,Forum,2026-08-25T12:00:00Z
Devendra Malik,Ananya Bose,Forum,2026-08-26T12:00:00Z
Ravi Mehta,Neha Kapoor,Email,2026-08-27T12:00:00Z
Harpreet Singh,Daniel Thomas,Forum,2026-08-28T12:00:00Z
Priya Shah,Lakshmi Narayanan,Forum,2026-08-10T12:00:00Z
Imran Qureshi,Priya Shah,Signal,2026-08-11T12:00:00Z
Arjun Nair,Daniel Thomas,Email,2026-08-12T12:00:00Z
Farah Siddiqui,Nandita Mukherjee,Forum,2026-08-13T12:00:00Z
Kabir Joshi,Farah Siddiqui,Signal,2026-08-14T12:00:00Z
Ananya Bose,Devendra Malik,Telegram,2026-08-15T12:00:00Z
Nandita Mukherjee,Tara Desai,Email,2026-08-16T12:00:00Z
Ramesh Kumar Sharma,Lakshmi Narayanan,Signal,2026-08-17T12:00:00Z
Daniel Thomas,Vikram Rao,Telegram,2026-08-18T12:00:00Z
Ravi Mehta,Ishaan Verma,Signal,2026-08-19T12:00:00Z
Sana Khan,Ishaan Verma,Forum,2026-08-20T12:00:00Z
Karan Iyer,Zoya Merchant,Forum,2026-08-21T12:00:00Z
Kabir Joshi,Zoya Merchant,Telegram,2026-08-22T12:00:00Z
Ishaan Verma,Ravi Mehta,Signal,2026-08-23T12:00:00Z
Ananya Bose,Ishaan Verma,Signal,2026-08-24T12:00:00Z
Farah Siddiqui,Devendra Malik,Email,2026-08-25T12:00:00Z
Zoya Merchant,Imran Qureshi,Forum,2026-08-26T12:00:00Z
Nandita Mukherjee,Ananya Bose,Telegram,2026-08-27T12:00:00Z
Ishaan Verma,Meera Joshi,Signal,2026-08-28T12:00:00Z
Meera Joshi,Priya Shah,Signal,2026-08-10T12:00:00Z
Ananya Bose,Zoya Merchant,Forum,2026-08-11T12:00:00Z
Maya Sen,Imran Qureshi,Forum,2026-08-12T12:00:00Z
Kabir Joshi,Ananya Bose,Forum,2026-08-13T12:00:00Z
Suresh Chandrasekar,Karan Iyer,Email,2026-08-14T12:00:00Z
Suresh Chandrasekar,Suresh Chandrasekar,Email,2026-08-15T12:00:00Z
Nandita Mukherjee,Meera Joshi,Email,2026-08-16T12:00:00Z
Sana Khan,Meera Joshi,Telegram,2026-08-17T12:00:00Z
Ishaan Verma,Ramesh Kumar Sharma,Forum,2026-08-18T12:00:00Z
Joseph Mathew,Arjun Nair,Telegram,2026-08-19T12:00:00Z
Ishaan Verma,Priya Shah,Signal,2026-08-20T12:00:00Z
Neha Kapoor,Suresh Chandrasekar,Telegram,2026-08-21T12:00:00Z
Ravi Mehta,Lakshmi Narayanan,Forum,2026-08-22T12:00:00Z
Maya Sen,Farah Siddiqui,Signal,2026-08-23T12:00:00Z
Priya Shah,Ramesh Kumar Sharma,Forum,2026-08-24T12:00:00Z
Arjun Nair,Daniel Thomas,Signal,2026-08-25T12:00:00Z
Daniel Thomas,Farah Siddiqui,Telegram,2026-08-26T12:00:00Z
Sana Khan,Ishaan Verma,Telegram,2026-08-27T12:00:00Z
Harpreet Singh,Ravi Mehta,Telegram,2026-08-28T12:00:00Z
Nandita Mukherjee,Neha Kapoor,Telegram,2026-08-10T12:00:00Z
Joseph Mathew,Meera Joshi,Forum,2026-08-11T12:00:00Z
Meera Joshi,Sana Khan,Signal,2026-08-12T12:00:00Z
Tara Desai,Nandita Mukherjee,Forum,2026-08-13T12:00:00Z
Imran Qureshi,Priya Shah,Forum,2026-08-14T12:00:00Z
Ishaan Verma,Karan Iyer,Telegram,2026-08-15T12:00:00Z
Tara Desai,Tara Desai,Telegram,2026-08-16T12:00:00Z
Farah Siddiqui,Lakshmi Narayanan,Telegram,2026-08-17T12:00:00Z
Ravi Mehta,Priya Shah,Email,2026-08-18T12:00:00Z
Joseph Mathew,Meera Joshi,Forum,2026-08-19T12:00:00Z
Maya Sen,Ananya Bose,Signal,2026-08-20T12:00:00Z
Arjun Nair,Vikram Rao,Telegram,2026-08-21T12:00:00Z
Ramesh Kumar Sharma,Daniel Thomas,Telegram,2026-08-22T12:00:00Z
Kabir Joshi,Zoya Merchant,Email,2026-08-23T12:00:00Z
Arjun Nair,Devendra Malik,Telegram,2026-08-24T12:00:00Z
Daniel Thomas,Vikram Rao,Telegram,2026-08-25T12:00:00Z
Priya Shah,Daniel Thomas,Telegram,2026-08-26T12:00:00Z
Neha Kapoor,Devendra Malik,Forum,2026-08-27T12:00:00Z
Imran Qureshi,Farah Siddiqui,Email,2026-08-28T12:00:00Z
Amit Sharma,Karan Iyer,Email,2026-08-10T12:00:00Z
Harpreet Singh,Zoya Merchant,Forum,2026-08-11T12:00:00Z
Ishaan Verma,Joseph Mathew,Signal,2026-08-12T12:00:00Z
Tara Desai,Tara Desai,Forum,2026-08-13T12:00:00Z
Lakshmi Narayanan,Harpreet Singh,Forum,2026-08-14T12:00:00Z
Zoya Merchant,Ananya Bose,Signal,2026-08-15T12:00:00Z
Devendra Malik,Kabir Joshi,Telegram,2026-08-16T12:00:00Z
Neha Kapoor,Priya Shah,Email,2026-08-17T12:00:00Z
Sana Khan,Kabir Joshi,Email,2026-08-18T12:00:00Z
Sana Khan,Ishaan Verma,Telegram,2026-08-19T12:00:00Z
Imran Qureshi,Lakshmi Narayanan,Signal,2026-08-20T12:00:00Z
Neha Kapoor,Lakshmi Narayanan,Email,2026-08-21T12:00:00Z
Ananya Bose,Ishaan Verma,Signal,2026-08-22T12:00:00Z
Daniel Thomas,Priya Shah,Forum,2026-08-23T12:00:00Z
Vikram Rao,Ravi Mehta,Email,2026-08-24T12:00:00Z
Imran Qureshi,Ravi Mehta,Telegram,2026-08-25T12:00:00Z
Ramesh Kumar Sharma,Daniel Thomas,Email,2026-08-26T12:00:00Z
Devendra Malik,Nandita Mukherjee,Email,2026-08-27T12:00:00Z
Farah Siddiqui,Vikram Rao,Email,2026-08-28T12:00:00Z
Sana Khan,Sana Khan,Signal,2026-08-10T12:00:00Z
Farah Siddiqui,Meera Joshi,Forum,2026-08-11T12:00:00Z
Devendra Malik,Amit Sharma,Email,2026-08-12T12:00:00Z
Tara Desai,Amit Sharma,Forum,2026-08-13T12:00:00Z
Daniel Thomas,Joseph Mathew,Email,2026-08-14T12:00:00Z
Karan Iyer,Joseph Mathew,Email,2026-08-15T12:00:00Z
Maya Sen,Arjun Nair,Signal,2026-08-16T12:00:00Z
Lakshmi Narayanan,Neha Kapoor,Signal,2026-08-17T12:00:00Z
Kabir Joshi,Priya Shah,Forum,2026-08-18T12:00:00Z
Joseph Mathew,Zoya Merchant,Forum,2026-08-19T12:00:00Z
Maya Sen,Suresh Chandrasekar,Telegram,2026-08-20T12:00:00Z
Ishaan Verma,Maya Sen,Telegram,2026-08-21T12:00:00Z
Arjun Nair,Amit Sharma,Signal,2026-08-22T12:00:00Z
Imran Qureshi,Neha Kapoor,Forum,2026-08-23T12:00:00Z
Suresh Chandrasekar,Suresh Chandrasekar,Signal,2026-08-24T12:00:00Z
Sana Khan,Priya Shah,Telegram,2026-08-25T12:00:00Z
Ishaan Verma,Devendra Malik,Email,2026-08-26T12:00:00Z
Sana Khan,Imran Qureshi,Email,2026-08-27T12:00:00Z
Imran Qureshi,Nandita Mukherjee,Signal,2026-08-28T12:00:00Z
Arjun Nair,Neha Kapoor,Email,2026-08-10T12:00:00Z
Lakshmi Narayanan,Ananya Bose,Signal,2026-08-11T12:00:00Z
Sana Khan,Kabir Joshi,Forum,2026-08-12T12:00:00Z
Ishaan Verma,Ramesh Kumar Sharma,Signal,2026-08-13T12:00:00Z
Nandita Mukherjee,Neha Kapoor,Forum,2026-08-14T12:00:00Z
Kabir Joshi,Harpreet Singh,Telegram,2026-08-15T12:00:00Z
Ramesh Kumar Sharma,Vikram Rao,Email,2026-08-16T12:00:00Z
Tara Desai,Tara Desai,Email,2026-08-17T12:00:00Z
Farah Siddiqui,Vikram Rao,Signal,2026-08-18T12:00:00Z
Vikram Rao,Arjun Nair,Telegram,2026-08-19T12:00:00Z
Tara Desai,Lakshmi Narayanan,Email,2026-08-20T12:00:00Z
Ramesh Kumar Sharma,Suresh Chandrasekar,Telegram,2026-08-21T12:00:00Z
Priya Shah,Harpreet Singh,Telegram,2026-08-22T12:00:00Z
Daniel Thomas,Kabir Joshi,Signal,2026-08-23T12:00:00Z
Ananya Bose,Neha Kapoor,Forum,2026-08-24T12:00:00Z
Karan Iyer,Harpreet Singh,Email,2026-08-25T12:00:00Z
Karan Iyer,Maya Sen,Forum,2026-08-26T12:00:00Z
Ramesh Kumar Sharma,Ravi Mehta,Email,2026-08-27T12:00:00Z
Maya Sen,Ananya Bose,Signal,2026-08-28T12:00:00Z
Zoya Merchant,Harpreet Singh,Signal,2026-08-10T12:00:00Z
Farah Siddiqui,Ravi Mehta,Telegram,2026-08-11T12:00:00Z
Daniel Thomas,Imran Qureshi,Signal,2026-08-12T12:00:00Z
Ravi Mehta,Devendra Malik,Email,2026-08-13T12:00:00Z
Arjun Nair,Ramesh Kumar Sharma,Telegram,2026-08-14T12:00:00Z
Tara Desai,Priya Shah,Signal,2026-08-15T12:00:00Z
Maya Sen,Nandita Mukherjee,Signal,2026-08-16T12:00:00Z
Zoya Merchant,Vikram Rao,Signal,2026-08-17T12:00:00Z
Vikram Rao,Vikram Rao,Email,2026-08-18T12:00:00Z
Nandita Mukherjee,Arjun Nair,Forum,2026-08-19T12:00:00Z
Tara Desai,Ramesh Kumar Sharma,Signal,2026-08-20T12:00:00Z
Ramesh Kumar Sharma,Imran Qureshi,Signal,2026-08-21T12:00:00Z
Suresh Chandrasekar,Tara Desai,Forum,2026-08-22T12:00:00Z
Maya Sen,Harpreet Singh,Signal,2026-08-23T12:00:00Z
Imran Qureshi,Zoya Merchant,Email,2026-08-24T12:00:00Z
Maya Sen,Arjun Nair,Telegram,2026-08-25T12:00:00Z
Sana Khan,Harpreet Singh,Telegram,2026-08-26T12:00:00Z
Farah Siddiqui,Ramesh Kumar Sharma,Email,2026-08-27T12:00:00Z
Zoya Merchant,Amit Sharma,Telegram,2026-08-28T12:00:00Z
Imran Qureshi,Tara Desai,Signal,2026-08-10T12:00:00Z
Tara Desai,Farah Siddiqui,Email,2026-08-11T12:00:00Z
Meera Joshi,Arjun Nair,Forum,2026-08-12T12:00:00Z
Nandita Mukherjee,Suresh Chandrasekar,Signal,2026-08-13T12:00:00Z
Harpreet Singh,Ishaan Verma,Forum,2026-08-14T12:00:00Z
Meera Joshi,Vikram Rao,Signal,2026-08-15T12:00:00Z
Lakshmi Narayanan,Tara Desai,Telegram,2026-08-16T12:00:00Z
Zoya Merchant,Kabir Joshi,Telegram,2026-08-17T12:00:00Z
Vikram Rao,Neha Kapoor,Signal,2026-08-18T12:00:00Z
Nandita Mukherjee,Harpreet Singh,Signal,2026-08-19T12:00:00Z
Nandita Mukherjee,Kabir Joshi,Telegram,2026-08-20T12:00:00Z
Daniel Thomas,Daniel Thomas,Email,2026-08-21T12:00:00Z
Imran Qureshi,Arjun Nair,Email,2026-08-22T12:00:00Z
Arjun Nair,Kabir Joshi,Signal,2026-08-23T12:00:00Z
Joseph Mathew,Neha Kapoor,Telegram,2026-08-24T12:00:00Z
Imran Qureshi,Ishaan Verma,Forum,2026-08-25T12:00:00Z
Daniel Thomas,Daniel Thomas,Telegram,2026-08-26T12:00:00Z
Daniel Thomas,Arjun Nair,Email,2026-08-27T12:00:00Z
Vikram Rao,Farah Siddiqui,Email,2026-08-28T12:00:00Z
Priya Shah,Amit Sharma,Signal,2026-08-10T12:00:00Z
Vikram Rao,Lakshmi Narayanan,Signal,2026-08-11T12:00:00Z
Arjun Nair,Devendra Malik,Email,2026-08-12T12:00:00Z
Ravi Mehta,Priya Shah,Signal,2026-08-13T12:00:00Z
Suresh Chandrasekar,Imran Qureshi,Email,2026-08-14T12:00:00Z
Lakshmi Narayanan,Kabir Joshi,Forum,2026-08-15T12:00:00Z
Suresh Chandrasekar,Imran Qureshi,Forum,2026-08-16T12:00:00Z
Ramesh Kumar Sharma,Ishaan Verma,Email,2026-08-17T12:00:00Z
Meera Joshi,Neha Kapoor,Telegram,2026-08-18T12:00:00Z
Devendra Malik,Vikram Rao,Signal,2026-08-19T12:00:00Z
Karan Iyer,Harpreet Singh,Forum,2026-08-20T12:00:00Z
Devendra Malik,Harpreet Singh,Email,2026-08-21T12:00:00Z
Suresh Chandrasekar,Arjun Nair,Forum,2026-08-22T12:00:00Z
Kabir Joshi,Maya Sen,Signal,2026-08-23T12:00:00Z
Tara Desai,Sana Khan,Telegram,2026-08-24T12:00:00Z
Zoya Merchant,Arjun Nair,Signal,2026-08-25T12:00:00Z
Arjun Nair,Arjun Nair,Telegram,2026-08-26T12:00:00Z
Ravi Mehta,Imran Qureshi,Email,2026-08-27T12:00:00Z
Priya Shah,Sana Khan,Signal,2026-08-28T12:00:00Z
Ishaan Verma,Ramesh Kumar Sharma,Telegram,2026-08-10T12:00:00Z
Karan Iyer,Kabir Joshi,Telegram,2026-08-11T12:00:00Z
Meera Joshi,Maya Sen,Signal,2026-08-12T12:00:00Z
Zoya Merchant,Priya Shah,Telegram,2026-08-13T12:00:00Z
Zoya Merchant,Zoya Merchant,Email,2026-08-14T12:00:00Z
Ramesh Kumar Sharma,Vikram Rao,Forum,2026-08-15T12:00:00Z
Ananya Bose,Neha Kapoor,Telegram,2026-08-16T12:00:00Z
Joseph Mathew,Vikram Rao,Signal,2026-08-17T12:00:00Z
Priya Shah,Tara Desai,Telegram,2026-08-18T12:00:00Z
Joseph Mathew,Maya Sen,Telegram,2026-08-19T12:00:00Z
Karan Iyer,Meera Joshi,Forum,2026-08-20T12:00:00Z
Devendra Malik,Ravi Mehta,Forum,2026-08-21T12:00:00Z
Ananya Bose,Ramesh Kumar Sharma,Signal,2026-08-22T12:00:00Z
Kabir Joshi,Joseph Mathew,Telegram,2026-08-23T12:00:00Z
Suresh Chandrasekar,Zoya Merchant,Telegram,2026-08-24T12:00:00Z
Nandita Mukherjee,Nandita Mukherjee,Forum,2026-08-25T12:00:00Z
Nandita Mukherjee,Lakshmi Narayanan,Forum,2026-08-26T12:00:00Z
Lakshmi Narayanan,Ramesh Kumar Sharma,Forum,2026-08-27T12:00:00Z
Kabir Joshi,Ravi Mehta,Forum,2026-08-28T12:00:00Z
Ananya Bose,Priya Shah,Signal,2026-08-10T12:00:00Z
Ravi Mehta,Devendra Malik,Email,2026-08-11T12:00:00Z
Vikram Rao,Kabir Joshi,Signal,2026-08-12T12:00:00Z
Amit Sharma,Karan Iyer,Telegram,2026-08-13T12:00:00Z
Lakshmi Narayanan,Ravi Mehta,Email,2026-08-14T12:00:00Z
Neha Kapoor,Amit Sharma,Forum,2026-08-15T12:00:00Z
Priya Shah,Kabir Joshi,Forum,2026-08-16T12:00:00Z
Priya Shah,Ishaan Verma,Email,2026-08-17T12:00:00Z
Vikram Rao,Farah Siddiqui,Email,2026-08-18T12:00:00Z
Kabir Joshi,Neha Kapoor,Forum,2026-08-19T12:00:00Z
Zoya Merchant,Harpreet Singh,Telegram,2026-08-20T12:00:00Z
Daniel Thomas,Vikram Rao,Forum,2026-08-21T12:00:00Z
Farah Siddiqui,Joseph Mathew,Telegram,2026-08-22T12:00:00Z
Daniel Thomas,Meera Joshi,Email,2026-08-23T12:00:00Z
Lakshmi Narayanan,Vikram Rao,Telegram,2026-08-24T12:00:00Z
Meera Joshi,Harpreet Singh,Signal,2026-08-25T12:00:00Z
Meera Joshi,Vikram Rao,Telegram,2026-08-26T12:00:00Z
Ramesh Kumar Sharma,Nandita Mukherjee,Telegram,2026-08-27T12:00:00Z
Harpreet Singh,Nandita Mukherjee,Telegram,2026-08-28T12:00:00Z
Joseph Mathew,Devendra Malik,Forum,2026-08-10T12:00:00Z
Imran Qureshi,Amit Sharma,Forum,2026-08-11T12:00:00Z
Zoya Merchant,Ravi Mehta,Email,2026-08-12T12:00:00Z
Vikram Rao,Nandita Mukherjee,Telegram,2026-08-13T12:00:00Z
Ishaan Verma,Devendra Malik,Telegram,2026-08-14T12:00:00Z
Neha Kapoor,Imran Qureshi,Email,2026-08-15T12:00:00Z
Daniel Thomas,Karan Iyer,Signal,2026-08-16T12:00:00Z
Neha Kapoor,Zoya Merchant,Forum,2026-08-17T12:00:00Z
Harpreet Singh,Daniel Thomas,Telegram,2026-08-18T12:00:00Z
Harpreet Singh,Neha Kapoor,Telegram,2026-08-19T12:00:00Z
Tara Desai,Karan Iyer,Email,2026-08-20T12:00:00Z
Lakshmi Narayanan,Devendra Malik,Signal,2026-08-21T12:00:00Z
Ishaan Verma,Amit Sharma,Forum,2026-08-22T12:00:00Z
Nandita Mukherjee,Amit Sharma,Forum,2026-08-23T12:00:00Z
Ananya Bose,Ishaan Verma,Signal,2026-08-24T12:00:00Z
Zoya Merchant,Meera Joshi,Email,2026-08-25T12:00:00Z
Daniel Thomas,Kabir Joshi,Forum,2026-08-26T12:00:00Z
Sana Khan,Ishaan Verma,Forum,2026-08-27T12:00:00Z
Ramesh Kumar Sharma,Imran Qureshi,Forum,2026-08-28T12:00:00Z
Lakshmi Narayanan,Farah Siddiqui,Telegram,2026-08-10T12:00:00Z
Joseph Mathew,Neha Kapoor,Telegram,2026-08-11T12:00:00Z
Meera Joshi,Amit Sharma,Email,2026-08-12T12:00:00Z
Daniel Thomas,Ishaan Verma,Signal,2026-08-13T12:00:00Z
Suresh Chandrasekar,Joseph Mathew,Email,2026-08-14T12:00:00Z
Meera Joshi,Maya Sen,Email,2026-08-15T12:00:00Z
Maya Sen,Zoya Merchant,Telegram,2026-08-16T12:00:00Z
Vikram Rao,Ishaan Verma,Email,2026-08-17T12:00:00Z
Tara Desai,Arjun Nair,Telegram,2026-08-18T12:00:00Z
Sana Khan,Lakshmi Narayanan,Signal,2026-08-19T12:00:00Z
Zoya Merchant,Tara Desai,Signal,2026-08-20T12:00:00Z
Ishaan Verma,Kabir Joshi,Signal,2026-08-21T12:00:00Z
Daniel Thomas,Farah Siddiqui,Telegram,2026-08-22T12:00:00Z
Harpreet Singh,Lakshmi Narayanan,Email,2026-08-23T12:00:00Z
Arjun Nair,Zoya Merchant,Signal,2026-08-24T12:00:00Z
Amit Sharma,Suresh Chandrasekar,Forum,2026-08-25T12:00:00Z
Ananya Bose,Kabir Joshi,Email,2026-08-26T12:00:00Z
Arjun Nair,Harpreet Singh,Telegram,2026-08-27T12:00:00Z
Farah Siddiqui,Karan Iyer,Forum,2026-08-28T12:00:00Z
Joseph Mathew,Ishaan Verma,Signal,2026-08-10T12:00:00Z
Tara Desai,Zoya Merchant,Signal,2026-08-11T12:00:00Z
Maya Sen,Neha Kapoor,Forum,2026-08-12T12:00:00Z
Karan Iyer,Ananya Bose,Telegram,2026-08-13T12:00:00Z
Priya Shah,Karan Iyer,Email,2026-08-14T12:00:00Z
Priya Shah,Farah Siddiqui,Forum,2026-08-15T12:00:00Z
Imran Qureshi,Devendra Malik,Signal,2026-08-16T12:00:00Z
Lakshmi Narayanan,Sana Khan,Telegram,2026-08-17T12:00:00Z
Sana Khan,Nandita Mukherjee,Signal,2026-08-18T12:00:00Z
Priya Shah,Imran Qureshi,Signal,2026-08-19T12:00:00Z
Devendra Malik,Neha Kapoor,Telegram,2026-08-20T12:00:00Z
Ishaan Verma,Kabir Joshi,Forum,2026-08-21T12:00:00Z
Zoya Merchant,Harpreet Singh,Email,2026-08-22T12:00:00Z
Priya Shah,Arjun Nair,Signal,2026-08-23T12:00:00Z
Vikram Rao,Devendra Malik,Email,2026-08-24T12:00:00Z
Daniel Thomas,Farah Siddiqui,Telegram,2026-08-25T12:00:00Z
Joseph Mathew,Ananya Bose,Telegram,2026-08-26T12:00:00Z
Neha Kapoor,Neha Kapoor,Email,2026-08-27T12:00:00Z
Suresh Chandrasekar,Sana Khan,Telegram,2026-08-28T12:00:00Z
Arjun Nair,Amit Sharma,Forum,2026-08-10T12:00:00Z
Vikram Rao,Karan Iyer,Signal,2026-08-11T12:00:00Z
Farah Siddiqui,Zoya Merchant,Email,2026-08-12T12:00:00Z
Daniel Thomas,Maya Sen,Signal,2026-08-13T12:00:00Z
Amit Sharma,Karan Iyer,Signal,2026-08-14T12:00:00Z
Imran Qureshi,Amit Sharma,Telegram,2026-08-15T12:00:00Z
Lakshmi Narayanan,Farah Siddiqui,Email,2026-08-16T12:00:00Z
Meera Joshi,Ishaan Verma,Signal,2026-08-17T12:00:00Z
Harpreet Singh,Ravi Mehta,Signal,2026-08-18T12:00:00Z
Priya Shah,Neha Kapoor,Telegram,2026-08-19T12:00:00Z
Kabir Joshi,Neha Kapoor,Email,2026-08-20T12:00:00Z
Amit Sharma,Meera Joshi,Signal,2026-08-21T12:00:00Z
Devendra Malik,Ravi Mehta,Telegram,2026-08-22T12:00:00Z
Imran Qureshi,Maya Sen,Forum,2026-08-23T12:00:00Z
Neha Kapoor,Farah Siddiqui,Forum,2026-08-24T12:00:00Z
Meera Joshi,Devendra Malik,Telegram,2026-08-25T12:00:00Z
Vikram Rao,Joseph Mathew,Signal,2026-08-26T12:00:00Z
Kabir Joshi,Daniel Thomas,Forum,2026-08-27T12:00:00Z
Amit Sharma,Sana Khan,Telegram,2026-08-28T12:00:00Z
Amit Sharma,Maya Sen,Telegram,2026-08-10T12:00:00Z
Nandita Mukherjee,Kabir Joshi,Forum,2026-08-11T12:00:00Z
Maya Sen,Sana Khan,Telegram,2026-08-12T12:00:00Z
Kabir Joshi,Kabir Joshi,Telegram,2026-08-13T12:00:00Z
Arjun Nair,Ravi Mehta,Forum,2026-08-14T12:00:00Z
Ishaan Verma,Neha Kapoor,Signal,2026-08-15T12:00:00Z
Amit Sharma,Kabir Joshi,Forum,2026-08-16T12:00:00Z
Amit Sharma,Neha Kapoor,Signal,2026-08-17T12:00:00Z
Nandita Mukherjee,Kabir Joshi,Signal,2026-08-18T12:00:00Z
Sana Khan,Arjun Nair,Telegram,2026-08-19T12:00:00Z
Tara Desai,Ishaan Verma,Email,2026-08-20T12:00:00Z
Zoya Merchant,Devendra Malik,Email,2026-08-21T12:00:00Z
Priya Shah,Ravi Mehta,Forum,2026-08-22T12:00:00Z
Joseph Mathew,Priya Shah,Telegram,2026-08-23T12:00:00Z
Harpreet Singh,Karan Iyer,Email,2026-08-24T12:00:00Z
Farah Siddiqui,Joseph Mathew,Forum,2026-08-25T12:00:00Z
Priya Shah,Harpreet Singh,Signal,2026-08-26T12:00:00Z
Ananya Bose,Ramesh Kumar Sharma,Signal,2026-08-27T12:00:00Z
Lakshmi Narayanan,Imran Qureshi,Forum,2026-08-28T12:00:00Z
Lakshmi Narayanan,Meera Joshi,Forum,2026-08-10T12:00:00Z
Ananya Bose,Farah Siddiqui,Forum,2026-08-11T12:00:00Z
Zoya Merchant,Devendra Malik,Email,2026-08-12T12:00:00Z
Neha Kapoor,Sana Khan,Forum,2026-08-13T12:00:00Z
Devendra Malik,Harpreet Singh,Signal,2026-08-14T12:00:00Z
Priya Shah,Sana Khan,Signal,2026-08-15T12:00:00Z
Meera Joshi,Daniel Thomas,Telegram,2026-08-16T12:00:00Z
Suresh Chandrasekar,Devendra Malik,Telegram,2026-08-17T12:00:00Z
Ravi Mehta,Maya Sen,Forum,2026-08-18T12:00:00Z
Karan Iyer,Ravi Mehta,Email,2026-08-19T12:00:00Z
Ishaan Verma,Arjun Nair,Email,2026-08-20T12:00:00Z
Tara Desai,Tara Desai,Forum,2026-08-21T12:00:00Z
Imran Qureshi,Neha Kapoor,Forum,2026-08-22T12:00:00Z
Zoya Merchant,Karan Iyer,Email,2026-08-23T12:00:00Z
Arjun Nair,Meera Joshi,Signal,2026-08-24T12:00:00Z
Ananya Bose,Daniel Thomas,Forum,2026-08-25T12:00:00Z
Joseph Mathew,Kabir Joshi,Signal,2026-08-26T12:00:00Z
Karan Iyer,Nandita Mukherjee,Signal,2026-08-27T12:00:00Z
Ishaan Verma,Ananya Bose,Email,2026-08-28T12:00:00Z
Imran Qureshi,Tara Desai,Telegram,2026-08-10T12:00:00Z
Daniel Thomas,Arjun Nair,Email,2026-08-11T12:00:00Z
Karan Iyer,Harpreet Singh,Forum,2026-08-12T12:00:00Z
Zoya Merchant,Priya Shah,Signal,2026-08-13T12:00:00Z
Ishaan Verma,Maya Sen,Email,2026-08-14T12:00:00Z
Suresh Chandrasekar,Sana Khan,Telegram,2026-08-15T12:00:00Z
Daniel Thomas,Vikram Rao,Forum,2026-08-16T12:00:00Z
Neha Kapoor,Harpreet Singh,Email,2026-08-17T12:00:00Z
Maya Sen,Amit Sharma,Forum,2026-08-18T12:00:00Z
Karan Iyer,Imran Qureshi,Email,2026-08-19T12:00:00Z
Farah Siddiqui,Devendra Malik,Signal,2026-08-20T12:00:00Z
Priya Shah,Ravi Mehta,Forum,2026-08-21T12:00:00Z
Nandita Mukherjee,Neha Kapoor,Email,2026-08-22T12:00:00Z
Sana Khan,Devendra Malik,Email,2026-08-23T12:00:00Z
Vikram Rao,Ravi Mehta,Email,2026-08-24T12:00:00Z
Ishaan Verma,Harpreet Singh,Email,2026-08-25T12:00:00Z
Zoya Merchant,Tara Desai,Telegram,2026-08-26T12:00:00Z
Harpreet Singh,Tara Desai,Email,2026-08-27T12:00:00Z
Kabir Joshi,Joseph Mathew,Signal,2026-08-28T12:00:00Z
Devendra Malik,Joseph Mathew,Forum,2026-08-10T12:00:00Z
Devendra Malik,Devendra Malik,Telegram,2026-08-11T12:00:00Z
Nandita Mukherjee,Lakshmi Narayanan,Telegram,2026-08-12T12:00:00Z
Arjun Nair,Joseph Mathew,Signal,2026-08-13T12:00:00Z
Zoya Merchant,Ravi Mehta,Forum,2026-08-14T12:00:00Z
Joseph Mathew,Priya Shah,Signal,2026-08-15T12:00:00Z
Maya Sen,Amit Sharma,Email,2026-08-16T12:00:00Z
Ananya Bose,Joseph Mathew,Signal,2026-08-17T12:00:00Z
Arjun Nair,Vikram Rao,Email,2026-08-18T12:00:00Z
Ramesh Kumar Sharma,Arjun Nair,Forum,2026-08-19T12:00:00Z
Ishaan Verma,Harpreet Singh,Forum,2026-08-20T12:00:00Z
Meera Joshi,Lakshmi Narayanan,Signal,2026-08-21T12:00:00Z
Maya Sen,Arjun Nair,Signal,2026-08-22T12:00:00Z
Lakshmi Narayanan,Kabir Joshi,Forum,2026-08-23T12:00:00Z
Farah Siddiqui,Ananya Bose,Signal,2026-08-24T12:00:00Z
Imran Qureshi,Farah Siddiqui,Email,2026-08-25T12:00:00Z
Maya Sen,Priya Shah,Forum,2026-08-26T12:00:00Z
Priya Shah,Joseph Mathew,Email,2026-08-27T12:00:00Z
Kabir Joshi,Ananya Bose,Signal,2026-08-28T12:00:00Z
Lakshmi Narayanan,Maya Sen,Forum,2026-08-10T12:00:00Z
Ananya Bose,Neha Kapoor,Signal,2026-08-11T12:00:00Z
Amit Sharma,Arjun Nair,Forum,2026-08-12T12:00:00Z
Devendra Malik,Joseph Mathew,Signal,2026-08-13T12:00:00Z
Karan Iyer,Karan Iyer,Telegram,2026-08-14T12:00:00Z
Tara Desai,Devendra Malik,Signal,2026-08-15T12:00:00Z
Lakshmi Narayanan,Kabir Joshi,Email,2026-08-16T12:00:00Z
Karan Iyer,Joseph Mathew,Signal,2026-08-17T12:00:00Z
Devendra Malik,Karan Iyer,Telegram,2026-08-18T12:00:00Z
Kabir Joshi,Ramesh Kumar Sharma,Forum,2026-08-19T12:00:00Z
Joseph Mathew,Imran Qureshi,Forum,2026-08-20T12:00:00Z
Harpreet Singh,Maya Sen,Signal,2026-08-21T12:00:00Z
Joseph Mathew,Sana Khan,Signal,2026-08-22T12:00:00Z
Maya Sen,Karan Iyer,Signal,2026-08-23T12:00:00Z
Devendra Malik,Devendra Malik,Telegram,2026-08-24T12:00:00Z
Maya Sen,Ramesh Kumar Sharma,Telegram,2026-08-25T12:00:00Z
Kabir Joshi,Devendra Malik,Signal,2026-08-26T12:00:00Z
Kabir Joshi,Imran Qureshi,Signal,2026-08-27T12:00:00Z
Arjun Nair,Harpreet Singh,Telegram,2026-08-28T12:00:00Z
Ravi Mehta,Neha Kapoor,Forum,2026-08-10T12:00:00Z
Joseph Mathew,Kabir Joshi,Telegram,2026-08-11T12:00:00Z
Priya Shah,Karan Iyer,Signal,2026-08-12T12:00:00Z
Maya Sen,Ishaan Verma,Forum,2026-08-13T12:00:00Z
Ishaan Verma,Arjun Nair,Signal,2026-08-14T12:00:00Z
Vikram Rao,Devendra Malik,Email,2026-08-15T12:00:00Z
Suresh Chandrasekar,Neha Kapoor,Forum,2026-08-16T12:00:00Z
Ravi Mehta,Amit Sharma,Telegram,2026-08-17T12:00:00Z
Maya Sen,Karan Iyer,Forum,2026-08-18T12:00:00Z
Maya Sen,Sana Khan,Telegram,2026-08-19T12:00:00Z
Ishaan Verma,Ramesh Kumar Sharma,Forum,2026-08-20T12:00:00Z
Kabir Joshi,Amit Sharma,Email,2026-08-21T12:00:00Z
Sana Khan,Ramesh Kumar Sharma,Telegram,2026-08-22T12:00:00Z
Tara Desai,Neha Kapoor,Telegram,2026-08-23T12:00:00Z
Sana Khan,Arjun Nair,Signal,2026-08-24T12:00:00Z
Tara Desai,Maya Sen,Signal,2026-08-25T12:00:00Z
Nandita Mukherjee,Neha Kapoor,Signal,2026-08-26T12:00:00Z
Daniel Thomas,Amit Sharma,Telegram,2026-08-27T12:00:00Z
Amit Sharma,Ramesh Kumar Sharma,Signal,2026-08-28T12:00:00Z
Ananya Bose,Arjun Nair,Telegram,2026-08-10T12:00:00Z
Zoya Merchant,Ramesh Kumar Sharma,Telegram,2026-08-11T12:00:00Z
Ravi Mehta,Ravi Mehta,Email,2026-08-12T12:00:00Z
Priya Shah,Vikram Rao,Signal,2026-08-13T12:00:00Z
Harpreet Singh,Kabir Joshi,Email,2026-08-14T12:00:00Z
Vikram Rao,Nandita Mukherjee,Forum,2026-08-15T12:00:00Z
Devendra Malik,Nandita Mukherjee,Telegram,2026-08-16T12:00:00Z
Zoya Merchant,Joseph Mathew,Email,2026-08-17T12:00:00Z
Sana Khan,Meera Joshi,Email,2026-08-18T12:00:00Z
Harpreet Singh,Priya Shah,Email,2026-08-19T12:00:00Z
Joseph Mathew,Farah Siddiqui,Signal,2026-08-20T12:00:00Z
Arjun Nair,Farah Siddiqui,Signal,2026-08-21T12:00:00Z
Harpreet Singh,Tara Desai,Email,2026-08-22T12:00:00Z
Maya Sen,Zoya Merchant,Telegram,2026-08-23T12:00:00Z
Farah Siddiqui,Lakshmi Narayanan,Signal,2026-08-24T12:00:00Z
Meera Joshi,Maya Sen,Email,2026-08-25T12:00:00Z
Tara Desai,Sana Khan,Forum,2026-08-26T12:00:00Z
Joseph Mathew,Joseph Mathew,Email,2026-08-27T12:00:00Z
Meera Joshi,Priya Shah,Forum,2026-08-28T12:00:00Z
Imran Qureshi,Priya Shah,Email,2026-08-10T12:00:00Z
Ravi Mehta,Meera Joshi,Signal,2026-08-11T12:00:00Z
Maya Sen,Suresh Chandrasekar,Email,2026-08-12T12:00:00Z
Ravi Mehta,Vikram Rao,Telegram,2026-08-13T12:00:00Z
Priya Shah,Sana Khan,Email,2026-08-14T12:00:00Z
Meera Joshi,Ishaan Verma,Telegram,2026-08-15T12:00:00Z
Ishaan Verma,Imran Qureshi,Signal,2026-08-16T12:00:00Z
Lakshmi Narayanan,Sana Khan,Email,2026-08-17T12:00:00Z
Nandita Mukherjee,Vikram Rao,Signal,2026-08-18T12:00:00Z
Tara Desai,Amit Sharma,Forum,2026-08-19T12:00:00Z
Tara Desai,Ravi Mehta,Forum,2026-08-20T12:00:00Z
Lakshmi Narayanan,Harpreet Singh,Signal,2026-08-21T12:00:00Z
Daniel Thomas,Harpreet Singh,Forum,2026-08-22T12:00:00Z
Sana Khan,Ishaan Verma,Email,2026-08-23T12:00:00Z
Kabir Joshi,Priya Shah,Email,2026-08-24T12:00:00Z
Vikram Rao,Maya Sen,Forum,2026-08-25T12:00:00Z
Ananya Bose,Ananya Bose,Forum,2026-08-26T12:00:00Z
Maya Sen,Kabir Joshi,Email,2026-08-27T12:00:00Z
Daniel Thomas,Ramesh Kumar Sharma,Email,2026-08-28T12:00:00Z
Daniel Thomas,Karan Iyer,Signal,2026-08-10T12:00:00Z
Kabir Joshi,Farah Siddiqui,Email,2026-08-11T12:00:00Z
Ravi Mehta,Ravi Mehta,Forum,2026-08-12T12:00:00Z
